company,name,location,country,address,uci,donations_grants,sponsorship,registration_fees,travel_accommodation,fees,related_expenses,total,type
abbvie,AarReha Schinznach,Schinznach Bad,Schweiz,Badstr. 55,,,500,,,,,500,hco
abbvie,Ärzte Thalwil,Thalwil,Schweiz,Rudishaldenstr. 1,,,1500,,,,,1500,hco
abbvie,Aesculap Akademie,Sempach,Schweiz,Seesatz 17,,,2000,,,,,2000,hco
abbvie,AMACTI Associazione Medici Anestesisti del Canton Ticino,Lugano,Schweiz,c/o Fondazione Cardiocentro Ticino,,,2315,,,,,2315,hco
abbvie,AMITI Associazione Medici Internisti del Canton Ticino,Mendrisio,Schweiz,Via Lavizzari 4,,,500,,,,,500,hco
abbvie,Association Mercy Ships,Lausanne,Schweiz,Chemin de la Fauvette 98,,1750,,,,,,1750,hco
abbvie,BCN Verband Schweiz,Birsfelden,Schweiz,Salmenstr. 15,,,2000,,,,,2000,hco
abbvie,Bethesda Spital AG,Basel,Schweiz,Gellertstr. 144,,,2750,,,,,2750,hco
abbvie,Brennpunkt Urologie,Liestal,Schweiz,c/o LH Medical Management GmbH,,,3000,,,,,3000,hco
abbvie,Brustzentrum Regio Basiliensis,Allschwil,Schweiz,Brennerstr. 12,,,2000,,,,,2000,hco
abbvie,Bündner Oberländer Ärzteverein,Chur,Schweiz,St. Martinsplatz 8,,,1000,,,,,1000,hco
abbvie,Chorel SA,Lugano,Schweiz,Via Coremmo 1,,,7000,,,,,7000,hco
abbvie,Churer Ärzteverein,Chur,Schweiz,Belmontstr. 1,,,1000,,,,,1000,hco
abbvie,CHUV Centre Hospitalier Universitaire Vaudois,Lausanne,Schweiz,Rue du Bugnon 21,,33100,44500,3522,5892,23288,1923,112225,hco
abbvie,Circolo Medico del Bellinzonese,Bellinzona,Schweiz,Dr. Med. Gionata Marazza,,,1500,,,,,1500,hco
abbvie,Clinica Luganese Moncucco SA,Lugano,Schweiz,Via Moncucco 10,,,2000,,,,,2000,hco
abbvie,Clinique de la Source,Lausanne,Schweiz,Avenue Vinet 30,,,2500,,,,,2500,hco
abbvie,Clinique Générale,Fribourg,Schweiz,Rue Hans-Geiler 6,,,2000,,,,,2000,hco
abbvie,Coagulation Latine,Lausanne,Schweiz,Rue du Bugnon 46,,,2000,,,,,2000,hco
abbvie,CRR SuvaCare / Clinique romande de réadaptation,Sion,Schweiz,Avenue Grand-Champsec 90,,,3000,213,461,,,3674,hco
abbvie,Dermatologische Klinik,Zürich,Schweiz,Gloriastr. 31,,,,,508,,,508,hco
abbvie,Dermatologisches Ambulatorium,Zürich,Schweiz,Herman-Greulich-Str. 70,,,,,912,,,912,hco
abbvie,Dermatologische Gesellschaft Ostschweiz DGO,St. Gallen,Schweiz,Kugelgasse 8,,,2000,,,,,2000,hco
abbvie,European Academy of Dermatology and Venereology,Lugano,Schweiz,Via Serafino Balestra 22b,,,62691,,,,,62691,hco
abbvie,EAPS European Academy of Paediatric Societies,Genève,Schweiz,c/o Kenes International,,,52728,,,,,52728,hco
abbvie,EASL European Association for the Study of the Liver,Genève,Schweiz,The EASL Building,,712051,775624,,,,,1487675,hco
abbvie,Ente Ospedaliero Cantonale,Bellinzona,Schweiz,Viale Officina 3,,2000,13300,,,,,15300,hco
abbvie,ESMO European Society for Medical Oncology,Viganello,Schweiz,Via Luigi Taddei 4,,,355432,,,,,355432,hco
abbvie,EULAR - Europäische Rheumaliga,Kilchberg ZH,Schweiz,Seestr. 240,,10000,945560,,,,,955560,hco
abbvie,F. L. A. VA Fondation Latine des Voies Aériennes,Lausanne,Schweiz,Rue du Bugnon 21,,,1000,,,,,1000,hco
abbvie,Fachgruppe Rheumatologie des Kantons Baselland,Liestal,Schweiz,Rheinstr. 16,,,2200,,,,,2200,hco
abbvie,Fachtag Onko. Geriatrie,Hünibach,Schweiz,c/o Marketing Connection,,,5000,,,,,5000,hco
abbvie,FAMMID Fondation pour le progrès en microbiologie médicale et maladies infectieueses,Lausanne,Schweiz,c/o Fiduciaire Maillard SA,,,10000,,,,,10000,hco
abbvie,Fondation Asile des Aveugles,Lausanne,Schweiz,Avenue de France 15,,,,,,3300,,3300,hco
abbvie,Fondation Centre de Chimiothérapie Anti-Cancéreuse,Lausanne,Schweiz,Avenue Vinet 19b,,,1000,,,,,1000,hco
abbvie,Fondation étude de cohorte hépatite C,Genève,Schweiz,c/o Prof. Francesco Negro - HUG,,30000,,,,,,30000,hco
abbvie,Fondation Rhumatismes-Enfa nts-Suisse,Etoy,Schweiz,Route de la Plantay 87,,,2000,,,,,2000,hco
abbvie,Fondation Soigner Ensemble,Morges,Schweiz,Chemin du Crêt 2,,1000,,,,,,1000,hco
abbvie,Fondazione Epatocentro Ticino,Lugano,Schweiz,Via Soldino 5,,20000,8000,,,,,28000,hco
abbvie,Fondazione per la Ricerca e la Cura dei Linfomi in Ticino,Bellinzona,Schweiz,Via Ospedale,,,,,,1750,,1750,hco
abbvie,FOREUM Foundation for Research in Rheumatology,Kilchberg ZH,Schweiz,Seestr. 240,,,166136,,,,,166136,hco
abbvie,FoROMe,Lausanne,Schweiz,Avenue Pierre-Decker 2,,,1500,,,,,1500,hco
abbvie,Fortbildungsverein Uroclinic,Wetzikon,Schweiz,Kirchgasse 4,,,3000,,,,,3000,hco
abbvie,Gastroenterolog. Praxis Balsiger,Bern,Schweiz,Bremgartenstr. 119,,1800,16900,,,,,18700,hco
abbvie,Groupe des Dermatologues,Plan-des-Ouates,Schweiz,Route de Saint-Julien 176,,,1000,,,,,1000,hco
abbvie,GSASA Schweizerischer Verein der Amts- und Spitalapotheker,Bern,Schweiz,Geschäftsstelle,,,3000,,,,,3000,hco
abbvie,HFR Fribourg-Hôpital Cantonal,Fribourg,Schweiz,Chemin des Pensionnats 2,,,3625,,,,,3625,hco
abbvie,Hirslanden SA Clinique Bois-Cerf,Lausanne,Schweiz,Avenue d'Ouchy 31,,500,1000,,,,,1500,hco
abbvie,Hôpital du Valais,Sion,Schweiz,Avenue Grand-Champsec 80,,1500,6520,357,954,,,9331,hco
abbvie,Hôpital Intercantonal de la Broye,Payerne,Schweiz,Avenue de la Colline 3,,2000,,,,,,2000,hco
abbvie,Hôpital neuchâtelois La Chaux-de-Fonds,La Chaux-de-Fonds,Schweiz,Rue de Chasseral 20,,,,977,374,,,1351,hco
abbvie,Hôpital Ophtalmique Jules Gonin,Lausanne,Schweiz,Avenue de France 15,,,,170,,,,170,hco
abbvie,Hôpitaux Universitaires de Genève,Genève,Schweiz,Rue Gabrielle Perret-Gentil 4,,20000,32000,549,507,,,53056,hco
abbvie,IMK Institut für Medizin und Kommunikation AG,Basel,Schweiz,Münsterberg 1,,,7080,,,,,7080,hco
abbvie,Insel Gruppe AG,Bern,Schweiz,Freiburgstr. 18,,10926,33400,594,2810,25044,111,72885,hco
abbvie,InterDigest,Zürich,Schweiz,Toblerstr. 51,,,1500,,,,,1500,hco
abbvie,International Alliance For Biological Standardization,Acacias - Genève,Schweiz,Route des Jeunes 9,,4965,,,,,,4965,hco
abbvie,Iridis Lausanne S. A.,Lausanne,Schweiz,Avenue Alexandre-Vinet 30,,,5000,,,,,5000,hco
abbvie,Kantonsspital Aarau AG,Aarau,Schweiz,Tellstr. 25,,,3200,1100,1701,1050,,7051,hco
abbvie,Kantonsspital Baden AG,Baden,Schweiz,Im Ergel 1,,,1000,,,,,1000,hco
abbvie,Kantonsspital Baselland,Liestal,Schweiz,Mühlemattstr. 26,,,5000,906,1898,4500,35,12339,hco
abbvie,Kantonsspital Baselland Standort Liestal,Liestal,Schweiz,Rheinstr. 26,,,,,1469,,,1469,hco
abbvie,Kantonsspital Graubünden,Chur,Schweiz,Loestr. 170,,,2000,595,612,,,3207,hco
abbvie,Kantonsspital St. Gallen,St. Gallen,Schweiz,Rorschacherstr. 95,,17000,54500,4185,8537,4900,116,89238,hco
abbvie,Kantonsspital Winterthur,Winterthur,Schweiz,Brauerstr. 15,,10000,8000,,,,,18000,hco
abbvie,Kinderspital Zürich Universitäts-Kinderklinik,Zürich,Schweiz,Steinwiesstr. 75,,,5000,,,,,5000,hco
abbvie,Klinik Bethesda,Tschugg,Schweiz,Oberdorf,,,6926,64,396,,,7386,hco
abbvie,Klinik für Gastroenterologie und Hepatologie,Zürich,Schweiz,Rämistr. 100,,,,293,619,,,912,hco
abbvie,Klinik Im Park AG,Zürich,Schweiz,Seestr. 220,,,500,,,,,500,hco
abbvie,Klinik Impuls,Wetzikon ZH,Schweiz,Bahnhofstr. 137,,,3000,,,,,3000,hco
abbvie,Luzerner Kantonsspital,Luzern,Schweiz,Spitalstr. 31,,8000,10000,1873,3013,11219,65,34170,hco
abbvie,Medizinischer Verein vom Linthgebiet,Weesen,Schweiz,c/o Dr. med. Thomas Sautter,,,1500,,,,,1500,hco
abbvie,Neurocentro della Svizzera Italiana NSI,Lugano,Schweiz,Via Tesserete 46,,,2500,,,,,2500,hco
abbvie,Neurologie Oberaargau,Langenthal,Schweiz,Sankt Urbanstr. 67,,,10000,,,,,10000,hco
abbvie,Onkologiepflege Schweiz,Kleinandelfingen,Schweiz,Hirstigstr. 13,,,2750,,,,,2750,hco
abbvie,Onkozentrum Hirslanden,Zürich,Schweiz,Witellikerstr. 40,,,,,,4025,,4025,hco
abbvie,Onkozentrum Luzern,Luzern,Schweiz,St. Annastr. 32,,,500,,,,,500,hco
abbvie,Pierre Michetti Academic,Cully,Schweiz,Chemin des Colombaires 16,,,,,,700,,700,hco
abbvie,PMB,Riva San Vitale,Schweiz,Via alle Pianche 5,,,700,,,,,700,hco
abbvie,Praxis Dr. Both Jeannine,Stäfa,Schweiz,Bahnhofstr. 22,,,,,,1400,,1400,hco
abbvie,Praxis Dr. Warzinek Thomas,Sargans,Schweiz,Bahnhofstr. 6,,,5000,,,,,5000,hco
abbvie,Praxis TUCARE,Dietikon,Schweiz,Heimstr. 1,,150,,,,,,150,hco
abbvie,Praxis Uromed AG Dr. Daneshpour Amir / Dr. Schneider Robert,Thun,Schweiz,Bahnhofstr. 1,,,500,,,,,500,hco
abbvie,Psychiatrie communautaire,Lausanne,Schweiz,Rue Saint-Martin 7,,,,615,826,,,1441,hco
abbvie,Regionalspital Emmental AG,Burgdorf,Schweiz,Oberburgstr. 54,,,1000,,,,,1000,hco
abbvie,Reha Rheinfelden,Rheinfelden,Schweiz,Salinenstr. 98,,,,549,621,,,1170,hco
abbvie,Rheumasearch Foundation,Genève,Schweiz,"57, rue du Rhône",,,5000,,,,,5000,hco
abbvie,Ruedi Leuppi Sitftung Elfenbeinküste,Zug,Schweiz,c/o Ruedi Leuppi,,300,,,,,,300,hco
abbvie,S. Grasso Consulting,Lindau,Schweiz,Fischeracherstr. 17,,,2300,,,,,2300,hco
abbvie,SAFE - ID Swiss Academic Foundation for Education in Infectious Diseases,Bern,Schweiz,Friedbühlstr. 51,,,60000,,,,,60000,hco
abbvie,SAMMSU Swiss Association for the medical Management in Substance Users,Basel,Schweiz,c/o Dr. med. Claude Scheidegger,,20000,,,,,,20000,hco
abbvie,Schmerzklinik Basel,Basel,Schweiz,Hirschgässlein 11-15,,,1852,,,,,1852,hco
abbvie,Schweizerische Arbeitsgemeinschaft für Klinische Krebsforschung,Bern,Schweiz,Effingerstr. 33,,,2500,,,,,2500,hco
abbvie,Schweizerische Arbeitsgruppe für Kolo-Rekto-Proktologie,Lausanne,Schweiz,Rue de Bugnon 46,,,2750,,,,,2750,hco
abbvie,Schweizerische Ges. für Rheumatologie,Zürich,Schweiz,Josefstr. 92,,,41496,,,,,41496,hco
abbvie,Schweizerische Gesellschaft der Vertrauensärzte,Winterthur,Schweiz,Industriestr. 24,,,25000,,,,,25000,hco
abbvie,Schweizerische Gesellschaft für Dermatologie und Venerologie,Bern,Schweiz,Dalmazirain 11,,,47100,,,,,47100,hco
abbvie,Schweizerische Gesellschaft für Gastroenterologie,Bern,Schweiz,Wattenwylweg 21,,,66250,,,,,66250,hco
abbvie,Schweizerische Gesellschaft für Urologie,Montreux,Schweiz,Avenue des Planches 15,,,5400,,,,,5400,hco
abbvie,Schweizerische Gesellschaft zum Studium des Schmerzes,Zürich,Schweiz,Aargauerstr. 250,,,1750,,,,,1750,hco
abbvie,Schweizerische Gesundheitsstiftung Radix Infodrog,Bern,Schweiz,Eigerplatz 5,,,2000,,,,,2000,hco
abbvie,SGAR - SSAR Schweizerische Gesellschaft für Anästhesiologie und Reanimation,Bern,Schweiz,Rabbentalstr. 83,,5000,10796,,,,,15796,hco
abbvie,SGKA/SSAP,Bellinzona,Schweiz,c/o Anesthesia Pediatrica Ospedale S. Giovanni,,,5000,,,,,5000,hco
abbvie,SGN-SSN Schweizerische Gesellschaft für Nephrologie,Worb,Schweiz,Postfach 567,,,11240,,,,,11240,hco
abbvie,SIGA/FSIA,Sursee,Schweiz,Bahnhofstr. 7b,,,4530,,,,,4530,hco
abbvie,SNG Schweizerische Neurologische Gesellschaft,Basel,Schweiz,c/o IMK Institut für Medizin und Kommunikation AG,,,18000,,,,,18000,hco
abbvie,Société coopérative médicale Beaulieu,Genève,Schweiz,Chemin de Beau-Soleil 20,,,1000,,,,,1000,hco
abbvie,Solothurner Spitäler AG soH,Solothurn,Schweiz,Schöngrünstr. 42,,800,500,,,,,1300,hco
abbvie,Sonar Gruppe,Bern,Schweiz,Bahnhofplatz 1,,20000,,,,,,20000,hco
abbvie,Soziale Dienste Sarganserland,Sargans,Schweiz,Ragazerstr. 11,,,500,,,,,500,hco
abbvie,Spital Linth,Uznach,Schweiz,Gasterstr. 25,,,1500,,,,,1500,hco
abbvie,Spital Schwyz,Schwyz,Schweiz,Waldeggstr. 10,,,1000,,,,,1000,hco
abbvie,Spital Thurgau AG,Frauenfeld,Schweiz,Waldeggstr. 8a,,,500,,,,,500,hco
abbvie,Spitalregion Fürstenland Toggenburg SRFT,Will,Schweiz,Fürstenlandstr. 32,,,2950,,,,,2950,hco
abbvie,Spitalregion Rheintal Werdenberg,Rebstein,Schweiz,Alte Landstr. 106,,,1852,,,,,1852,hco
abbvie,Spitalzentrum Biel AG,Biel/Bienne,Schweiz,Vogelsang 84,,2500,,,,,,2500,hco
abbvie,SSI Schweizerische Gesellschaft für Infektiologie,Bern,Schweiz,"c/o IFIK, Friedbühlstr. 51",,,1000,,,,,1000,hco
abbvie,SSP SGP Swiss Society of Paediatrics,Fribourg,Schweiz,Rue de l'Hôpital 15,,,2550,,,,,2550,hco
abbvie,St. Claraspital AG,Basel,Schweiz,Kleinriehenstr. 30,,510,,623,791,,,1924,hco
abbvie,Stadtspital Triemli,Zürich,Schweiz,Birmensdorferstr. 497,,,1000,,,1750,,2750,hco
abbvie,STDV - Società Ticinese di Dermatologia e Venerologia,Lugano,Schweiz,Via Carlo Frasca 10,,,1000,,,,,1000,hco
abbvie,Stiftung für die Forschung in der Gastroenterologie und Hepatologie,Zürich,Schweiz,Rämistr. 100,,,10000,,,,,10000,hco
abbvie,Stiftung für Forschung in Parkinson und Bewegungsstörungen,Bern,Schweiz,"c/o Insespital, Universitätssklinik für Neurologie",,,7500,,,,,7500,hco
abbvie,Stiftung für Patientensicherheit in der Anästhesie,Bern,Schweiz,Rabbentalstr. 83,,,10000,,,,,10000,hco
abbvie,Stiftung für wissenschaftliche Forschung am Stadtspital Triemli,Zürich,Schweiz,Birmensdorferstr. 497,,15000,17000,1033,1078,6475,,40586,hco
abbvie,Swiss Association of Obstetric Anästhesia SAOA,Genève,Schweiz,Rue Gabrielle-Perret-Gentil 4,,,1500,,,,,1500,hco
abbvie,Swiss Clinical Quality Management in Rheumatic Diseases,Zürich,Schweiz,Aargauerstr. 250,,,81600,,,,,81600,hco
abbvie,Swiss Experts in Viral Hepatitis,Zürich,Schweiz,Konradstr. 32,,,70000,,,5000,,75000,hco
abbvie,Swiss Federation of Clinical Neuro-Societies SFCNS,Basel,Schweiz,Münsterberg 1,,,7300,,,,,7300,hco
abbvie,Swiss Foundation for Anesthesia Research,Zürich,Schweiz,Drusbergstr. 83,,15000,,,,,,15000,hco
abbvie,Swiss HIV Cohort Research Foundation,Lausanne,Schweiz,c/o Fiduciaire Maillard SA,,20000,,,,,,20000,hco
abbvie,Swiss Society of Neonatology,Cheseaux-sur-Lausanne,Schweiz,c/o meeting. com Sàrl,,,3250,,,,,3250,hco
abbvie,SwissPedNet,Basel,Schweiz,Petersplatz 13,,3000,,,,,,3000,hco
abbvie,Universität Basel,Basel,Schweiz,Petersplatz 1,,,6000,,,,,6000,hco
abbvie,Universität Bern,Bern,Schweiz,Hochschulstr. 4,,,50000,,,,,50000,hco
abbvie,Universität Zürich,Zürich,Schweiz,Rämistr. 71,,32000,44537,,,9450,37,86024,hco
abbvie,Universitätsspital Basel,Basel,Schweiz,Spitalstr. 21,,99000,39850,,,10700,,149550,hco
abbvie,UniversitätsSpital Zürich,Zürich,Schweiz,Rämistr. 100,,32000,26595,558,1831,1250,202,62436,hco
abbvie,Université de Genève,Genève,Schweiz,Rue Général-Dufour 24,,,5000,,,,,5000,hco
abbvie,VBA Vereinigung Bernischer Anästhesiologen,Bern,Schweiz,c/o Dr. med Rafael Knüsel,,,1000,,,,,1000,hco
abbvie,VGZ Verein Gastroenterologie Zürich,Zürich,Schweiz,Seestr. 60,,,3500,,,,,3500,hco
abbvie,VZK Vereinigung Zürcher Kinder und Jugendärzte,Zürich,Schweiz,Breitingerstr. 23,,,1000,,,,,1000,hco
abbvie,Adrian Borcea,Fribourg,Schweiz,Grand-Places 14,,,,323,1504,,,1827,hcp
abbvie,Adrian Ciurea,Zürich,Schweiz,Gloriastr. 25,,,,,,3000,,3000,hcp
abbvie,Adriana Baserga,Lugano,Schweiz,Via Soldino 5,,,,757,1089,,,1846,hcp
abbvie,Adriano Aguzzi,Zürich,Schweiz,"Institut für Neuropathologie USZ, Schmelzbergstr. 12",,,,,,1050,239,1289,hcp
abbvie,Ahmad Jalili,Zürich,Schweiz,Limmatstr. 252,,,,,,750,,750,hcp
abbvie,Alain Mantegani,Neuchâtel,Schweiz,Rue de l'Hôpital 11,,,,615,783,,,1398,hcp
abbvie,Alain Sermier,Genolier,Schweiz,Route du Muids 3,,,,238,1029,,,1267,hcp
abbvie,Alain Vonlaufen,Genève,Schweiz,Rue Giovanni-gambini 8,,,,293,,,,293,hcp
abbvie,Alberto Fransioli,Bellinzona,Schweiz,Via Ospedale,,,,330,917,,,1247,hcp
abbvie,Alberto Moriggia,Lugano,Schweiz,Via Soldino 5,,,,1088,3178,,,4266,hcp
abbvie,Alexander Boris Deckart,Basel,Schweiz,Aeschenvorstadt 52,,,,760,1102,,,1862,hcp
abbvie,Alexander Braun,Langenthal,Schweiz,Sankt Urbanstr. 67,,,,,,2000,,2000,hcp
abbvie,Alexander Müller,Zürich,Schweiz,Frauenklinikstr. 10,,,,396,702,,,1098,hcp
abbvie,Alexandra Krautheim,Basel,Schweiz,Missionsstr. 28,,,,293,362,,,655,hcp
abbvie,Alexandra Studhalter-Pallini,Zofingen,Schweiz,Rathausgasse 9,,,,551,1191,,,1742,hcp
abbvie,Alfred Gustav Karpf,Uster,Schweiz,Poststr. 2,,,,293,437,,,730,hcp
abbvie,Ali El Wafa Abdou El Azizi,La Chaux-de-Fonds,Schweiz,Avenue Léopold-robert 16-18,,,,330,798,,,1128,hcp
abbvie,Anastasios Stathis,Bellinzona,Schweiz,Via Ospedale,,,,714,3581,,,4295,hcp
abbvie,Anca Antonino,Vevey,Schweiz,Boulevard Paderewski 3,,,,931,1029,,,1960,hcp
abbvie,André Aeschlimann,Bad Zurzach,Schweiz,Quellenstr. 34,,,,,,1050,,1050,hcp
abbvie,André Etienne,La Tour-de-Trême,Schweiz,Place du Centre 2,,,,388,412,,,800,hcp
abbvie,André Martin Surovy,Winterthur,Schweiz,Unterer Graben 25,,,,293,369,,,662,hcp
abbvie,André Roten,Thun,Schweiz,Mittlere Str. 3,,,,293,324,,,617,hcp
abbvie,Andreas Dällenbach,Basel,Schweiz,Weisse Gasse 3,,,,293,402,,,695,hcp
abbvie,Andreas Frenzer,Thun,Schweiz,Krankenhausstr. 12,,,,293,514,,,807,hcp
abbvie,Andreas Hammer,St. Gallen,Schweiz,Guisanstr. 55,,,,293,437,,,730,hcp
abbvie,Andreas Kistler,Frauenfeld,Schweiz,Pfaffenholzstr. 4,,,,403,924,,,1327,hcp
abbvie,Andreas Zoltan Nagy,Winterthur,Schweiz,Brauerstr. 15,,,,721,1025,,,1746,hcp
abbvie,Anne-Karine Lapointe,Lausanne,Schweiz,Avenue du Théâtre 7,,,,,,1000,58,1058,hcp
abbvie,Annett Franke,Heiden,Schweiz,Werdstr. 1a,,,,293,495,,,788,hcp
abbvie,Anouk Andrea Widmer,Zürich,Schweiz,Rämistr. 100,,,,,,1250,,1250,hcp
abbvie,Augusto Pedrazzini,Locarno,Schweiz,Via Vela 11,,,,,4058,,,4058,hcp
abbvie,Axel Finckh,Genève,Schweiz,Avenue Beau-Séjour 26,,,,,,2850,,2850,hcp
abbvie,Bahar Shafaeddin Schreve,Genève,Schweiz,Cours de Rive 2,,,,,911,,,911,hcp
abbvie,Balthasar Stähelin,Basel,Schweiz,Wiesendamm 22,,,,293,386,,,679,hcp
abbvie,Barbara Meyer,Zürich,Schweiz,Toblerstr. 51,,,,551,779,,,1330,hcp
abbvie,Bärbel Greve,Frauenfeld,Schweiz,Bahnhofstr. 57,,,,293,707,,,1000,hcp
abbvie,Beat Gysi,Reinach BL,Schweiz,Hauptstr. 52,,,,293,473,,,766,hcp
abbvie,Beat Keller,Wädenswil,Schweiz,Oberdorfstr. 20,,,,293,601,,,894,hcp
abbvie,Beat Kreienbühl,Luzern,Schweiz,Zürichstr. 5,,,,396,920,,,1316,hcp
abbvie,Beat Martin Förster,Winterthur,Schweiz,Brauerstr. 15,,,,,1234,,,1234,hcp
abbvie,Beat Müllhaupt,Zürich,Schweiz,Rämistr. 100,,,,,,6450,,6450,hcp
abbvie,Berchtold Elmiger,Bern,Schweiz,Spitalgasse 37,,,,293,444,,,737,hcp
abbvie,Berj Armenian,Genève,Schweiz,Rue Giovanni-gambini 8,,,,330,540,,,870,hcp
abbvie,Bernd Nürnberg,Feuerthalen,Schweiz,Zürcherstr. 25,,,,293,376,,,669,hcp
abbvie,Bernhard Victor Sauter,Zürich,Schweiz,Witellikerstr. 40,,,,,,2000,,2000,hcp
abbvie,Bettina Weiss,Zürich,Schweiz,Forchstr. 340,,,,,,1400,,1400,hcp
abbvie,Boudewijn van der Weg,Thun,Schweiz,Krankenhausstr. 12,,,,293,213,,,506,hcp
abbvie,Brigitte Vion,Renens VD,Schweiz,Rue de la Mèbre 2,,,,310,882,,,1192,hcp
abbvie,Brunello Mazzola,Locarno,Schweiz,Via all'Ospedale 1,,,,495,1724,,,2219,hcp
abbvie,Bruno Vogt,Bern,Schweiz,Freiburgstr. 15,,,,,,1400,,1400,hcp
abbvie,Carlo Albani,Zürich,Schweiz,Bahnhofplatz 5,,,,64,422,,,486,hcp
abbvie,Carlo Mainetti,Bern,Schweiz,Dalmazirain 11,,,,1100,1212,1000,,3312,hcp
abbvie,Carmen Forno,Wädenswil,Schweiz,Oberdorfstr. 20,,,,293,368,,,661,hcp
abbvie,Caroline Berberat,Solothurn,Schweiz,Schöngrünstr. 36,,,,587,1015,,,1602,hcp
abbvie,Christian Baumann,Zürich,Schweiz,Frauenklinikstr. 26,,,,,,1400,,1400,hcp
abbvie,Christian Brunner,Zürich,Schweiz,Helenastr. 3,,,,551,1070,,,1621,hcp
abbvie,Christian De Pree,Genève,Schweiz,Chemin de Beau Soleil 22,,,,714,3233,,,3947,hcp
abbvie,Christian Felley,Lausanne,Schweiz,Avenue Jomini 8,,,,623,1295,,,1918,hcp
abbvie,Christian Gygi,Lausanne,Schweiz,Avenue de Montbenon 2,,,,746,2435,,,3181,hcp
abbvie,Christian Jaccard,Lausanne,Schweiz,Avenue de Rumine 35,,,,601,313,,,914,hcp
abbvie,Christian Junet,Genève,Schweiz,Plateau de Champel 20,,,,601,,,,601,hcp
abbvie,Christian Mottet,Sion,Schweiz,Avenue Grand-Champsec 80,,,,330,874,,,1204,hcp
abbvie,Christian Stettler,Moutier,Schweiz,Rue de Beausite 49,,,,183,679,,,862,hcp
abbvie,Christina Rammert,Winterthur,Schweiz,Brauerstr. 15,,,,293,612,,,905,hcp
abbvie,Christine Nadege Manser,Horgen,Schweiz,Asylstr. 19,,,,293,601,,,894,hcp
abbvie,Christoph Boller,Unterseen,Schweiz,Breite 2,,,,330,650,,,980,hcp
abbvie,Christoph Kraft,Olten,Schweiz,Baslerstr. 66,,,,161,1091,,,1252,hcp
abbvie,Christoph Urech,Brugg AG,Schweiz,Stapferstr. 32,,,,293,442,,,735,hcp
abbvie,Christophe Petrig,Solothurn,Schweiz,Schöngrünstr. 36,,,,293,601,,,894,hcp
abbvie,Claudia Münger-Beyeler,Unterseen,Schweiz,Weissenaustr. 27,,,,293,366,,,659,hcp
abbvie,Cord von Restorff,Männedorf,Schweiz,Asylstr. 84,,,,551,1157,1400,,3108,hcp
abbvie,Corinne Carina Widmer Labruyère,Zürich,Schweiz,Rämistr. 100,,,,714,2833,,,3547,hcp
abbvie,Cristiana Quattropani Cicalissi,Chiasso,Schweiz,Corso San Gottardo 6,,,,,1056,,,1056,hcp
abbvie,Daniel Boller,Zug,Schweiz,Baarerstr. 11,,,,293,611,,,904,hcp
abbvie,Daniel Genné,Biel/Bienne,Schweiz,Vogelsang 84,,,,127,867,1000,,1994,hcp
abbvie,Daniel Good,Basel,Schweiz,Aeschenvorstadt 57a,,,,293,473,,,766,hcp
abbvie,Daniel Heinrich,Bülach,Schweiz,Bahnhofstr. 22,,,,293,612,,,905,hcp
abbvie,Daniel Peternac,Zürich,Schweiz,Tièchestr. 99,,,,440,620,,,1060,hcp
abbvie,Daniel Savioz,Sierre,Schweiz,Avenue Général-Guisan 30a,,,,,,500,,500,hcp
abbvie,Daniel Teta,Sion,Schweiz,Avenue Grand-Champsec 80,,,,,,1000,,1000,hcp
abbvie,Daniel Zuder,St. Gallen,Schweiz,St. Leonhard-Str. 20,,,,,,2300,,2300,hcp
abbvie,Daniela Ruis,Thun,Schweiz,"Spital STS AG, Krankenhausstr. 12",,,,,106,1832,187,2125,hcp
abbvie,David Fumeaux,Lausanne,Schweiz,Avenue de Savoie 10,,,,403,946,,,1349,hcp
abbvie,David Semela,St. Gallen,Schweiz,Rorschacherstr. 95,,,,,,4550,549,5099,hcp
abbvie,Davide Rossi,Bellinzona,Schweiz,Via Ospedale,,,,357,3346,1750,,5453,hcp
abbvie,Diana Abraham Schmitz,Wattwil,Schweiz,Volkshausstr. 21a,,,,293,633,,,926,hcp
abbvie,Diana Ollo,Genève,Schweiz,Rue Gabrielle-Perret-Gentil 4,,,,235,823,,,1058,hcp
abbvie,Diego Bär,Thun,Schweiz,Frutigenstr. 6,,,,293,471,,,764,hcp
abbvie,Domenico Galasso,Monthey,Schweiz,Route de Morgins 54,,,,631,1608,,,2239,hcp
abbvie,Dominik Wyssmann,Solothurn,Schweiz,Schöngrünstr. 42,,,,293,530,,,823,hcp
abbvie,Eduard Dobry,Luzern,Schweiz,Zürichstr. 5,,,,1000,825,,,1825,hcp
abbvie,Elmar Christian,Bern,Schweiz,Brunnhofweg 43,,,,293,391,,,684,hcp
abbvie,Emanuele Zucca,Bellinzona,Schweiz,Via Ospedale,,,,,,2881,1043,3924,hcp
abbvie,Emmanuel Laffitte,Genève,Schweiz,Rue Gabrielle-Perret-Gentil 4,,,,333,329,5550,,6212,hcp
abbvie,Emmanuel Mollet,Genève,Schweiz,Chemin de Beau-Soleil 12,,,,330,249,,,579,hcp
abbvie,Ettore Accolla,Fribourg,Schweiz,Chemin des Pensionnats 2,,,,205,648,,,853,hcp
abbvie,Eugen Paul Scheidegger,Brugg AG,Schweiz,Bahnhofstr. 25,,,,293,347,2800,,3440,hcp
abbvie,Eviano Arrigoni,Genève,Schweiz,Place de Cornavin 18,,,,330,849,,,1179,hcp
abbvie,Farshid Fateri,Fribourg,Schweiz,Grand-Places 16,,,,359,700,,,1059,hcp
abbvie,Felix Trinkler,Zollikon,Schweiz,Forchstr. 424,,,,238,1093,,,1331,hcp
abbvie,Fernando Jermini,Lugano,Schweiz,Via Dufour 4,,,,615,1115,,,1730,hcp
abbvie,Fernando Nargi,Gland,Schweiz,Allée du Communet 20,,,,330,660,,,990,hcp
abbvie,Flavio Stoffel,Bellinzona,Schweiz,Via Ospedale,,,,702,991,,,1693,hcp
abbvie,Florian Anzengruber,Zürich,Schweiz,Gloriastr. 31,,,,,,900,571,1471,hcp
abbvie,Florian Riniker,Aarau,Schweiz,Buchserstr. 18,,,,293,442,,,735,hcp
abbvie,Francesco Negro,Genève,Schweiz,Rue Gabrielle-Perret-Gentil 4,,,,,,5250,,5250,hcp
abbvie,François Xavier Troillet,Meyrin,Schweiz,Avenue Jean-Daniel Maillard 3,,,,330,857,,,1187,hcp
abbvie,François-Dominique Meyer,Fribourg,Schweiz,Boulevard De Pérolles 7,,,,623,1295,,,1918,hcp
abbvie,Frank Seibold,Bern,Schweiz,Bremgartenstr. 119,,,,,,4200,,4200,hcp
abbvie,Franz Schmidlin,Chêne-Bougeries,Schweiz,Route de Chêne 110,,,,615,495,,,1110,hcp
abbvie,Franziska Landolt,Zürich,Schweiz,Witellikerstr. 40,,,,587,713,,,1300,hcp
abbvie,Franziska Michèle Häfner,Thalwil,Schweiz,Alte Landstr. 130,,,,293,415,,,708,hcp
abbvie,Frédéric Poffet,Bulle,Schweiz,Rue de L'Europe 12,,,,1320,1186,,,2506,hcp
abbvie,Frédérique-Anne Le Gal,Genève,Schweiz,Quai Du Seujet 14,,,,375,968,,,1343,hcp
abbvie,Gaelle Ory,Onex,Schweiz,Route de Loëx 3,,,,330,857,,,1187,hcp
abbvie,Georg Gogos,Münsterlingen,Schweiz,Spitalcampus 1,,,,,612,,,612,hcp
abbvie,Georges Sierro,Conthey,Schweiz,Rue des Grands Prés 18,,,,330,684,,,1014,hcp
abbvie,Gerhard Rogler,Zürich,Schweiz,Rämistr. 100,,,,,,10800,298,11098,hcp
abbvie,Gianfranco Zala,Chur,Schweiz,Quaderstr. 2,,,,293,472,,,765,hcp
abbvie,Giordano Venzi,Lugano,Schweiz,Via Massagno 36,,,,359,900,,,1259,hcp
abbvie,Giorgio Bianchi,Lugano,Schweiz,Via Nassa 58,,,,293,789,,,1082,hcp
abbvie,Graziano Zanardi,Lugano,Schweiz,Via Moncucco 10,,,,359,774,,,1133,hcp
abbvie,Günter Friedrich Bernhard Frings,Biel/Bienne,Schweiz,Marktgasse 17,,,,,,600,,600,hcp
abbvie,Hans Hassler,Wil SG,Schweiz,Blumenaustr. 3,,,,869,941,,,1810,hcp
abbvie,Hans Ulrich Ehrbar,Rüti ZH,Schweiz,Neuwiesenstr. 9,,,,293,611,,,904,hcp
abbvie,Hans-Peter Brütsch,Aarau,Schweiz,Schänisweg,,,,891,1203,,,2094,hcp
abbvie,Hans-Peter Wirth,Kreuzlingen,Schweiz,Bahnhofstr. 33b,,,,293,213,,,506,hcp
abbvie,Hans-Rudolf Räz,Brugg AG,Schweiz,Fröhlichstr. 7,,,,279,924,,,1203,hcp
abbvie,Hans Rudolf Ziswiler,Bern,Schweiz,Bahnhofplatz 1,,,,,,1250,,1250,hcp
abbvie,Heinrich Gretener,Cham,Schweiz,Rigistr. 1,,,,268,975,,,1243,hcp
abbvie,Heinrich Tinner,Weinfelden,Schweiz,Bahnhofstr. 22,,,,293,439,,,732,hcp
abbvie,Horst Haack,Basel,Schweiz,Steinenberg 23,,,,739,607,,,1346,hcp
abbvie,Hubert Andreas John,Winterthur,Schweiz,Brauerstr. 15,,,,688,1771,,,2459,hcp
abbvie,Ignazio Salani,Lugano,Schweiz,Via Massagno 36,,,,213,709,,,922,hcp
abbvie,Ilhem Khelifa,Genève,Schweiz,Cours de Rive 2,,,,495,836,,,1331,hcp
abbvie,Inès Kramers,Zürich,Schweiz,Lengghalde 2,,,,293,697,,,990,hcp
abbvie,Ingo Haase,Opfikon,Schweiz,Thurgauerstr. 105,,,,,,1250,,1250,hcp
abbvie,Irina Bergamin,St. Gallen,Schweiz,Rorschacherstr. 95,,,,,261,400,,661,hcp
abbvie,Isabelle Fabreguet,Onex,Schweiz,Route de Loëx 3,,,,330,553,,,883,hcp
abbvie,Isabelle Morard,Genève,Schweiz,Avenue de Beau-Séjour 6,,,,623,1240,,,1863,hcp
abbvie,Janek Binek,St. Gallen,Schweiz,Rosenbergstr. 42b,,,,293,213,,,506,hcp
abbvie,Jann Lübbe,Nyon,Schweiz,Rue Saint-jean 4,,,,1100,914,,,2014,hcp
abbvie,Jarema Ostapiuk,Rüti ZH,Schweiz,Dorfstr. 44,,,,699,,,,699,hcp
abbvie,Jean Dudler,Fribourg,Schweiz,Chemin des Pensionnats 2,,,,,,2200,,2200,hcp
abbvie,Jean Guyot,Nyon,Schweiz,La Levratte 26,,,,615,826,,,1441,hcp
abbvie,Jean-Louis Frossard,Genève,Schweiz,Rue Gabrielle-Perret-Gentil 4,,,,,,750,,750,hcp
abbvie,Jean-François Bolle,Genève,Schweiz,Avenue Wendt 56,,,,359,728,,,1087,hcp
abbvie,Jean-François Schnegg,Montreux,Schweiz,Avenue du Casino 40,,,,330,850,,,1180,hcp
abbvie,Jean-Jacques Volken,Sierre,Schweiz,Place Beaulieu 10,,,,551,1279,,,1830,hcp
abbvie,Jean-Louis Meier,Delémont,Schweiz,Faubourg des Capucins 30,,,,,,600,,600,hcp
abbvie,Jean-Michel Cereda,Sion,Schweiz,Rue Pré-Fleuri 16,,,,,,500,,500,hcp
abbvie,Jean-Philippe Görög,Bern,Schweiz,Schanzenstr. 1,,,,293,251,,,544,hcp
abbvie,Jens Carsten Möller,Zihlschlacht,Schweiz,Hauptstr. 2-4,,,,412,661,,,1073,hcp
abbvie,Jeroen Simon Goede,Winterthur,Schweiz,Brauerstr. 15,,,,,,1750,32,1782,hcp
abbvie,Joël Patrick Gregorin,Solothurn,Schweiz,Weissensteinstr. 2,,,,238,735,,,973,hcp
abbvie,Joel Thorens,Yverdon-les-Bains,Schweiz,Rue d'Orbe 27,,,,623,1269,,,1892,hcp
abbvie,Johannes Hauser,Genève,Schweiz,Boulevard James-fazy 3,,,,359,700,,,1059,hcp
abbvie,Johannes Spalinger,Luzern,Schweiz,Spitalstr. 31,,,,,263,,,263,hcp
abbvie,Johannes Von Kempis,St. Gallen,Schweiz,Rorschacherstr. 95,,,,,,3300,,3300,hcp
abbvie,Jonas Zeitz,Zürich,Schweiz,Rämistr. 100,,,,750,750,,,1500,hcp
abbvie,José Bengoa,Genève,Schweiz,Chemin de Beau-Soleil 12,,,,330,857,,,1187,hcp
abbvie,Josef Aschwanden,St. Gallen,Schweiz,Rorschacherstr. 95,,,,,896,,,896,hcp
abbvie,Joseph Eigenmann,Fribourg,Schweiz,Grand Places 16,,,,688,2094,,,2782,hcp
abbvie,Joseph-André Ghika,Sion,Schweiz,Avenue Grand-Champsec 80,,,,584,669,,,1253,hcp
abbvie,Julien Schwartz,Lausanne,Schweiz,Rue Du Midi 15,,,,733,649,,,1382,hcp
abbvie,Julio Sanchez,Zürich,Schweiz,Gloriastr. 25,,,,551,997,,,1548,hcp
abbvie,Julius Pfister,Cham,Schweiz,Rigistr. 1,,,,293,689,,,982,hcp
abbvie,Jürg Frei,Laufenburg,Schweiz,Spitalstr. 10,,,,293,611,,,904,hcp
abbvie,Jürg Spiess,Sissach,Schweiz,Hauptstr. 46a,,,,551,1114,,,1665,hcp
abbvie,Jürg Suter,Bern,Schweiz,Viktoriastr. 72,,,,551,,,,551,hcp
abbvie,Jürgen Wagner,Dörflingen,Schweiz,Gärtlistr. 8,,,,293,213,,,506,hcp
abbvie,Justine Czernielewski,Lausanne,Schweiz,Avenue de Beaumont 29,,,,234,783,,,1017,hcp
abbvie,Karim Kellou,Nyon,Schweiz,Chemin Monastier 15,,,,760,775,,,1535,hcp
abbvie,Karin Maya Kaufmann-Schad,Bülach,Schweiz,Schaffhauserstr. 53,,,,293,707,,,1000,hcp
abbvie,Kristine Heidemeyer,Bern,Schweiz,Freiburgstr. 18,,,,,,800,,800,hcp
abbvie,Kyriakos Xafis,Fribourg,Schweiz,Grand-Places 16,,,,330,1059,,,1389,hcp
abbvie,Laure Brulhart,La Chaux-de-Fonds,Schweiz,Rue de Chasseral 20,,,,,,,177,177,hcp
abbvie,Laurence Imhof,Zürich,Schweiz,Gloriastr. 31,,,,293,707,,,1000,hcp
abbvie,Laurent Girard,Genève,Schweiz,Rue de Lyon 62,,,,386,767,,,1153,hcp
abbvie,Laurent Schouler,Les Avanchets,Schweiz,Rue du Grand-Bay 15,,,,330,672,,,1002,hcp
abbvie,Leander Vinzent Schürch,Thun,Schweiz,Krankenhausstr. 12,,,,777,1203,,,1980,hcp
abbvie,Livio Rossi,Basel,Schweiz,Steinenberg 23,,,,293,420,,,713,hcp
abbvie,Lorenz Böhlen,Bern,Schweiz,Kramgasse 82,,,,293,365,,,658,hcp
abbvie,Lorenzo Magenta,Lugano,Schweiz,Via Soldino 5,,,,,,1750,613,2363,hcp
abbvie,Luc Biedermann,Zürich,Schweiz,Rämistr. 100,,,,,,2000,,2000,hcp
abbvie,Luigi Léonardo Polla,Genève,Schweiz,Rue du Rhône 50,,,,1100,1152,,,2252,hcp
abbvie,Luzia Meder,Zofingen,Schweiz,Mühlemattstr. 5,,,,293,403,,,696,hcp
abbvie,Maciej Kwiatkowski,Aarau,Schweiz,Tellstr. 25,,,,688,1928,,,2616,hcp
abbvie,Marc Fischer,Basel,Schweiz,Eichenstr. 7,,,,323,,,,323,hcp
abbvie,Marc Wisard,Lausanne,Schweiz,Rue de la Vigie 5,,,,615,1143,,,1758,hcp
abbvie,Marcel Stöckle,Basel,Schweiz,Petersgraben 4,,,,,,1750,,1750,hcp
abbvie,Marcello Orlandi,Solothurn,Schweiz,Obachstr. 23,,,,440,1200,,,1640,hcp
abbvie,Marco Bernardi,Zürich,Schweiz,Seestr. 90,,,,440,359,,,799,hcp
abbvie,Marco Piergiovanni,Neuchâtel,Schweiz,Avenue du Premier-Mars 33,,,,,368,,,368,hcp
abbvie,Maria Ziembrowski,Frauenfeld,Schweiz,Kurzfeldstr. 1,,,,869,797,,,1666,hcp
abbvie,Marie-Astride Peeters-Lamy,Genève,Schweiz,Rue Gabrielle-Perret-Gentil 4,,,,359,1251,,,1610,hcp
abbvie,Markus Sagmeister,Heerbrugg,Schweiz,Auerstr. 2,,,,623,297,,,920,hcp
abbvie,Martin Baumgartner,Zürich,Schweiz,Witellikerstr. 40,,,,625,1969,,,2594,hcp
abbvie,Martin Bosl,Basel,Schweiz,Kleinriehenstr. 30,,,,249,1071,,,1320,hcp
abbvie,Martin Geyer,Wettingen,Schweiz,Rosengartenstr. 2,,,,623,773,,,1396,hcp
abbvie,Martin Peter Schelling,Lachen SZ,Schweiz,Oberdorfstr. 41,,,,293,612,,,905,hcp
abbvie,Martin Ruppli,Arbon,Schweiz,Bahnhofstr. 26,,,,293,213,,,506,hcp
abbvie,Martina Kleber,Basel,Schweiz,Petersgraben 4,,,,357,3672,,,4029,hcp
abbvie,Massimo Maffei,Lugano,Schweiz,Via Tesserete 46,,,,623,1227,,,1850,hcp
abbvie,Mathieu Rougemont,Genève,Schweiz,Rue Gabrielle-Perret-Gentil 4,,,,320,159,,,479,hcp
abbvie,Matieu Uffer,Lausanne,Schweiz,Rue Du Midi 15,,,,359,230,,,589,hcp
abbvie,Matthias Regli,Unterseen,Schweiz,Weissenaustr. 27,,,,623,1200,,,1823,hcp
abbvie,Matthias Zimmermann,Zürich,Schweiz,Birmensdorferstr. 497,,,,495,2110,,,2605,hcp
abbvie,Mauro Castelnuovo,Mendrisio,Schweiz,Via Lavizzari 4,,,,359,802,,,1161,hcp
abbvie,Michael Gütling,Winterthur,Schweiz,Marktgasse 46,,,,,,250,,250,hcp
abbvie,Michael Hertsch,Binningen,Schweiz,Hauptstr. 129,,,,,499,,,499,hcp
abbvie,Michael M. Bornstein,Bern,Schweiz,Freiburgstr. 7,,,,,,750,,750,hcp
abbvie,Michael Manz,Basel,Schweiz,Kleinriehenstr. 30,,,,,,2000,,2000,hcp
abbvie,Michael Nissen,Genève,Schweiz,Rue Gabrielle-Perret-Gentil 4,,,,960,378,300,,1638,hcp
abbvie,Michael Radenhausen,Gümligen,Schweiz,Worbstr. 312,,,,,,600,,600,hcp
abbvie,Miguel Caravatti,Zürich,Schweiz,Witellikerstr. 40,,,,293,689,,,982,hcp
abbvie,Milek Kowalski,Solothurn,Schweiz,Leopoldstr. 1,,,,293,432,,,725,hcp
abbvie,Monald Meyer,Luzern,Schweiz,Theaterstr. 7,,,,293,612,,,905,hcp
abbvie,Moreno Guidicelli,Biasca,Schweiz,Via A+M Pini 4,,,,293,640,,,933,hcp
abbvie,Nadja Engel,Wetzikon ZH,Schweiz,Kirchgasse 4,,,,297,948,,,1245,hcp
abbvie,Natalie Maile,Zürich,Schweiz,Gartenstr. 23,,,,,,1400,,1400,hcp
abbvie,Natalie Marcoli,Viganello,Schweiz,Via Pietro Capelli,,,,293,684,,,977,hcp
abbvie,Nathalie Brunner,Zürich,Schweiz,Stampfenbachstr. 106,,,,650,985,,,1635,hcp
abbvie,Nathalie Irla Vuille,Zug,Schweiz,Gartenstr. 3,,,,,,1000,,1000,hcp
abbvie,Nedzmidin Pelivani,Bern,Schweiz,Bollwerk 19,,,,,,600,,600,hcp
abbvie,Nicola Keller,Morbio Inferiore,Schweiz,Via al Ponte 2,,,,213,709,,,922,hcp
abbvie,Nicolas Defabiani,Sion,Schweiz,Rue De Lausanne 39,,,,,300,,,300,hcp
abbvie,Nicolas Reverdin,Genève,Schweiz,Chemin de Beau-Soleil 12,,,,359,728,,,1087,hcp
abbvie,Nicole Ebinger Mundorff,Binningen,Schweiz,Hauptstr. 129,,,,161,1273,,,1434,hcp
abbvie,Nora Brunner-Schaub,Zürich,Schweiz,Birmensdorferstr. 497,,,,623,1145,,,1768,hcp
abbvie,Nordwig Tomi,Weinfelden,Schweiz,Marktplatz 3,,,,293,385,,,678,hcp
abbvie,Numa Masina,Lugano,Schweiz,Viale Castagnola 21a,,,,506,1450,,,1956,hcp
abbvie,Oliver Distler,Zürich,Schweiz,Gloriastr. 25,,,,,,1050,,1050,hcp
abbvie,Oliver Kummer,Unterseen,Schweiz,Weissenaustr. 27,,,,917,1746,,,2663,hcp
abbvie,Olivier Raccaud,Epalinges,Schweiz,Route De La Corniche 1,,,,213,650,,,863,hcp
abbvie,Otto Knüsel,Maienfeld,Schweiz,Bahnhofstr. 18,,,,551,1087,,,1638,hcp
abbvie,Pamela Meyer,St. Gallen,Schweiz,Rorschacherstr. 95,,,,,,1000,,1000,hcp
abbvie,Pasquale Calabrese,Basel,Schweiz,Birmannsgasse 8,,,,,,1750,,1750,hcp
abbvie,Patrick Janiak,Bern,Schweiz,Optingenstr. 8,,,,444,726,,,1170,hcp
abbvie,Patrick Rein,Heerbrugg,Schweiz,Aechelistr. 4,,,,268,608,,,876,hcp
abbvie,Patrick Roth,Wädenswil,Schweiz,Bahnhofstr. 4,,,,551,821,,,1372,hcp
abbvie,Patrizia Christina Weber,Bern,Schweiz,Freiburgstr. 18,,,,,,600,,600,hcp
abbvie,Peter Häusermann,Basel,Schweiz,Petersgraben 4,,,,,,1250,,1250,hcp
abbvie,Peter Rohr,Zürich,Schweiz,Merkurstr. 20,,,,293,612,,,905,hcp
abbvie,Peter Schiller,Liestal,Schweiz,Mühlegasse 3,,,,,,4800,39,4839,hcp
abbvie,Peter Theodor Nowak,Bern,Schweiz,Tiefenaustr. 112,,,,293,672,,,965,hcp
abbvie,Philip Bruggmann,Zürich,Schweiz,Konradstr. 1,,,,,,3150,,3150,hcp
abbvie,Philippe De Saussure,Genève,Schweiz,Rue de la Corraterie 19,,,,476,374,750,,1600,hcp
abbvie,Philippe Duroux,Sion,Schweiz,Avenue du Midi 9,,,,623,1295,,,1918,hcp
abbvie,Philippe Gaillard,Martigny,Schweiz,Avenue de la Gare 19,,,,623,1295,,,1918,hcp
abbvie,Philippe Hiroz,Sion,Schweiz,Avenue Grand-Champsec 80,,,,623,1295,,,1918,hcp
abbvie,Philippe Marie Jacques Renard,Sion,Schweiz,Avenue Grand-Champsec 80,,,,601,134,,,735,hcp
abbvie,Pia Christina Schiffer Burkolter,Zofingen,Schweiz,Rathausgasse 9,,,,551,1139,,,1690,hcp
abbvie,Pier-Paolo Pedrazzetti,Adliswil,Schweiz,Zürichstr. 34,,,,323,,,,323,hcp
abbvie,Pierluigi Pedrazzi,Bellinzona,Schweiz,Via Ospedale,,,,260,789,,,1049,hcp
abbvie,Pierre André Rapin,Lavigny,Schweiz,Route du Vignoble 60,,,,227,668,,,895,hcp
abbvie,Pierre Burkhard,Genève,Schweiz,Rue Gabrielle-Perret-Gentil 4,,,,412,551,,,963,hcp
abbvie,Pierre Combremont,Delémont,Schweiz,Faubourg des Capucins 30,,,,549,669,,,1218,hcp
abbvie,Pierre Piletta,Genève,Schweiz,Rond-point de Plainpalais 5,,,,364,628,,,992,hcp
abbvie,Pierre Quadri,St-Imier,Schweiz,Rue du Temple 3,,,,330,484,,,814,hcp
abbvie,Pierre-André Guerne,Genève,Schweiz,Avenue Beau-Séjour 26,,,,,,1050,,1050,hcp
abbvie,Pierre-Yves Martin,Genève,Schweiz,Rue Gabrielle-Perret-Gentil 4,,,,,,1400,,1400,hcp
abbvie,Pierre-Yves Zaugg,Frauenfeld,Schweiz,Rheinstr. 23,,,,293,611,,,904,hcp
abbvie,Rainer Disch,Davos Platz,Schweiz,Schulstr. 1,,,,250,267,,,517,hcp
abbvie,Rainer Klöti,Brugg AG,Schweiz,Fröhlichstr. 5,,,,551,1025,2800,,4376,hcp
abbvie,Ralph Trüeb,Wallisellen,Schweiz,Bahnhofplatz 1a,,,,,,2300,,2300,hcp
abbvie,Raphael Micheroli,Zürich,Schweiz,Gloriastr. 25,,,,1172,437,,,1609,hcp
abbvie,Raymond Berclaz,Sion,Schweiz,Avenue de la Gare 34,,,,330,850,,,1180,hcp
abbvie,René Wullimann,Lugano,Schweiz,Via Besso 34,,,,238,789,,,1027,hcp
abbvie,Richard Loup,Meyrin,Schweiz,Avenue J.-D.-Maillard 11,,,,623,1369,,,1992,hcp
abbvie,Rika Iwata,Horgen,Schweiz,Asylstr. 19,,,,352,798,,,1150,hcp
abbvie,Robert Emil Hunger,Bern,Schweiz,Freiburgstr. 18,,,,,,5700,,5700,hcp
abbvie,Robert Kalicki,Bern,Schweiz,Freiburgstr. 15,,,,,,800,,800,hcp
abbvie,Roberto Carando,Minusio,Schweiz,Via San Gottardo 56,,,,688,2157,,,2845,hcp
abbvie,Roger Schwab,Biel/Bienne,Schweiz,Unterer Quai 92,,,,558,2094,,,2652,hcp
abbvie,Rolf Gerny,Thun,Schweiz,Frutigenstr. 6,,,,293,455,,,748,hcp
abbvie,Rolf A. Stahel,Zürich,Schweiz,Rämistr. 100,,,,,,1658,490,2148,hcp
abbvie,Romy Tilen,Zürich,Schweiz,Steinwiesstr. 75,,,,587,713,,,1300,hcp
abbvie,Rüdiger Müller,St. Gallen,Schweiz,Rorschacherstr. 95,,,,,,300,,300,hcp
abbvie,Rudolf Peter Wüthrich,Zürich,Schweiz,Rämistr. 100,,,,,,1400,,1400,hcp
abbvie,Sabine Bruckert,Bülach,Schweiz,Schaffhauserstr. 53,,,,293,707,,,1000,hcp
abbvie,Sabine Giezendanner,Bern,Schweiz,Bremgartenstr. 119,,,,623,1200,,,1823,hcp
abbvie,Salvador Nkondjo,La Chaux-de-Fonds,Schweiz,Avenue Léopold-Robert 60,,,,258,681,,,939,hcp
abbvie,Salvatore Galati,Lugano,Schweiz,Via Tesserete 46,,,,584,572,,,1156,hcp
abbvie,Samuel Graber,Bern,Schweiz,Hirschengraben 11,,,,760,606,,,1366,hcp
abbvie,Sao-Nam Tran,Genève,Schweiz,Route De Frontenex 90,,,,558,2023,,,2581,hcp
abbvie,Severin Läuchli,Zürich,Schweiz,Gloriastr. 31,,,,,1627,3500,,5127,hcp
abbvie,Sophie Buyse,Lausanne,Schweiz,Rue du Bugnon 44,,,,800,122,,,922,hcp
abbvie,Stefan Johannes Hummler,Luzern,Schweiz,Zentralstr. 1,,,,551,1067,,,1618,hcp
abbvie,Stefan Schwery,Brig,Schweiz,Ueberlandstr. 14,,,,587,1213,,,1800,hcp
abbvie,Stefan Suter,Zug,Schweiz,Gubelstr. 11,,,,132,1160,,,1292,hcp
abbvie,Stephan Bauer,Zürich,Schweiz,Witellikerstr. 40,,,,658,2079,,,2737,hcp
abbvie,Stephan Bosshard,Zürich,Schweiz,Rämistr. 100,,,,352,924,,,1276,hcp
abbvie,Stephanie Gratzl,Basel,Schweiz,Aeschenvorstadt 57,,,,293,380,,,673,hcp
abbvie,Susanna Fistarol-Bohn,Basel,Schweiz,Missionsstr. 28,,,,293,347,,,640,hcp
abbvie,Susanne Meier,Vevey,Schweiz,Rue de la Madeleine 19,,,,,,2600,,2600,hcp
abbvie,Susanne Reichert,Bülach,Schweiz,Zürichstr. 5,,,,169,1160,,,1329,hcp
abbvie,Svetlana Sarinayova,Aarau,Schweiz,Tellstr. 25,,,,,2536,,,2536,hcp
abbvie,Szilveszter György Pekardi,Wil SG,Schweiz,Fürstenlandstr. 32,,,,293,611,,,904,hcp
abbvie,Tanja Boxberger,Zürich,Schweiz,Wallisellenstr. 301a,,,,,,1400,,1400,hcp
abbvie,Tatiana Makosz,Basel,Schweiz,Aeschenvorstadt 21,,,,293,347,,,640,hcp
abbvie,Thai Nguyen-Tang,Genève,Schweiz,Avenue de Beau-Séjour 6,,,,330,662,,,992,hcp
abbvie,Thierry Nicolet,Nyon,Schweiz,Rue Neuve 7,,,,623,1295,,,1918,hcp
abbvie,Thomas Hügle,Lausanne,Schweiz,Avenue Pierre-Decker 4,,,,551,1033,1000,,2584,hcp
abbvie,Thomas Langenegger,Baar,Schweiz,Landhausstr. 11,,,,,,1000,,1000,hcp
abbvie,Thomas Mietzsch,Wetzikon ZH,Schweiz,Bahnhofstr. 137,,,,844,1707,,,2551,hcp
abbvie,Thomas Sauter,Wetzikon ZH,Schweiz,Kirchgasse 4,,,,495,1939,,,2434,hcp
abbvie,Thomas Stoll,Schaffhausen,Schweiz,Geissbergstr. 81,,,,551,845,,,1396,hcp
abbvie,Tilmann Möltgen,Aarau,Schweiz,Tellstr. 25,,,,956,1231,,,2187,hcp
abbvie,Tobias Daniel Kukiolka,Winterthur,Schweiz,Brauerstr. 15,,,,418,751,,,1169,hcp
abbvie,Urs Bangerter,Zollikon,Schweiz,Forchstr. 424,,,,495,2094,,,2589,hcp
abbvie,Urs Gäumann,Bern,Schweiz,Schosshaldenstr. 32,,,,551,1012,,,1563,hcp
abbvie,Urs Hess,St. Gallen,Schweiz,Rorschacherstr. 95,,,,,,1250,,1250,hcp
abbvie,Ursula Hesterberg,Bern,Schweiz,Kramgasse 82,,,,293,401,600,,1294,hcp
abbvie,Ute-Stephani Sehmsdorf,Zürich,Schweiz,Römerhofplatz 5,,,,293,690,,,983,hcp
abbvie,Valérie Hauser,Rorschach,Schweiz,St. Gallerstr. 1,,,,293,707,,,1000,hcp
abbvie,Vanina Gurtner,Caslano,Schweiz,Via Muraccio 22,,,,127,756,,,883,hcp
abbvie,Véronique Emmenegger,Lausanne,Schweiz,Avenue de la Gare 2,,,,179,539,,,718,hcp
abbvie,Volker Stenz,Münsterlingen,Schweiz,Spitalcampus 1,,,,293,601,,,894,hcp
abbvie,Walter Bayard,Bern,Schweiz,Neuengass-Passage 2,,,,293,379,,,672,hcp
abbvie,Werner Hochreiter,Aarau,Schweiz,Schänisweg,,,,558,2094,,,2652,hcp
abbvie,Werner Inauen,Solothurn,Schweiz,Schöngrünstr. 36,,,,293,213,,,506,hcp
abbvie,Wolf-Henning Boehncke,Genève,Schweiz,Rue Gabrielle-Perret-Gentil 4,,,,,,5344,678,6022,hcp
abbvie,Wolfgang Sturm,Uznach,Schweiz,Gasterstr. 25,,,,191,1059,,,1250,hcp
abbvie,Yves Turberg,Neuchâtel,Schweiz,Rue du Seyon 4,,,,330,850,,,1180,hcp
