company,name,location,country,address,uci,donations_grants,sponsorship,registration_fees,travel_accommodation,fees,related_expenses,total,type
actelion,(Vfp),Bern,Schweiz,Laupenstr. 7,,500,,,,,,500,hco
actelion,Association HTAP Revivre,Genève,Schweiz,Chemin des Sports 16,,500,,,,,,500,hco
actelion,Cabinet Dr Claeys Michel,Nyon,Schweiz,Rue du Vieux-Marche 10,,,926,,,,,926,hco
actelion,cardiologie universitaire de geneve,Genève,Schweiz,Rue Gabrielle Perret-Gentil 4,,,1000,,,,,1000,hco
actelion,Centre Médical de la Côte SA,Corcelles-Cormondrèche,Schweiz,Rue du Petit-Berne 14,,2000,,,,,,2000,hco
actelion,Ente Ospedaliero Cantonale(EOC),Bellinzona,Schweiz,Viale Officina 3,,1400,6500,1249,,,,9149,hco
actelion,Gesundheitszentrum Fricktal,Rheinfelden,Schweiz,Riburgerstr. 12,,,400,,,,,400,hco
actelion,Groupe des Pneumologues Genevois,Genève,Schweiz,Rue Alfred-Vincent 17,,2000,,,,,,2000,hco
actelion,herznetz. ch,Basel,Schweiz,Lange Gasse 78,,5093,,,,,,5093,hco
actelion,Hôpital du Jura,Delémont,Schweiz,Faubourg des Capucins 30,,,2500,,,,,2500,hco
actelion,Hôpital du Valais,Sion,Schweiz,Av du Grand Champsec 86,,,1000,,,,,1000,hco
actelion,Hôpitaux Universitaires Genève,Genève,Schweiz,Rue Gabrielle Perret-Gentil 4,,49500,,,,,,49500,hco
actelion,Hyperton,Basel,Schweiz,Münsterberg 1,,21114,35525,,,,,56639,hco
actelion,Immunology,Bern,Schweiz,Scheibenstr. 20,,,13500,,,,,13500,hco
actelion,Insel Gruppe AG,Bern,Schweiz,Freiburgstr. 18,,,4954,4901,6153,,,16008,hco
actelion,Inselspital,Bern,Schweiz,Freiburgstr. 18,,27652,9500,,,3000,,40152,hco
actelion,Kardiologie,Zürich,Schweiz,"Kinderspital Zürich, Steinwiesstr. 75",,,3000,,,,,3000,hco
actelion,Kinderärzte Schweiz,Zürich,Schweiz,Badenerstr. 21,,,400,,,,,400,hco
actelion,Kinderspital Zürich,Zürich,Schweiz,Steinwiesstr. 75,,56926,4630,,,,,61556,hco
actelion,Klinik Barmelweid AG,Barmelweid,Schweiz,Barmelweid,,1000,,,,,,1000,hco
actelion,Lega Polmonare Ticinese,Lugano,Schweiz,Via alla Campagna 9,,12000,,,,,,12000,hco
actelion,Luzerner Kantonsspital,Luzern,Schweiz,Spitalstr.,,,,894,980,,,1874,hco
actelion,Ospedale Regionale di Mendrisio,Mendrisio,Schweiz,Via Alfonso Turconi 23,,1400,,,,,,1400,hco
actelion,Praxis Dr. Müller Dominik,Biel,Schweiz,Bahnhofstr. 54,,300,,,,,,300,hco
actelion,Reha Rheinfelden,Rheinfelden,Schweiz,Salinenstr. 98,,1500,,,,,,1500,hco
actelion,Schweizerische Gesellschaft für Pädiatrie,Fribourg,Schweiz,Rue de l'Hôpital 15,,,5000,,,,,5000,hco
actelion,Schweizerische Gesellschaft für Pneumologie,Bern,Schweiz,Südbahnhofstr. 14,,,14469,,,,,14469,hco
actelion,Schweizerische Gesellschaft für Rheumatologie,Zürich,Schweiz,Josefstr. 92,,,2520,,,,,2520,hco
actelion,Societa dei reumatologi Ticinesi,Lugano,Schweiz,Viale Castagnola 21a,,,1500,,,,,1500,hco
actelion,Stiftung für Parkinsonforschung,Bern,Schweiz,c/o Universitätsklinik für Neurologie,,6000,,,,,,6000,hco
actelion,Stiftung Herz-Kreislauf-Forschung,Zürich,Schweiz,Moussonstr. 4,,,,,,1500,,1500,hco
actelion,Universität Zürich,Zürich,Schweiz,Gloriastr. 25,,5500,,,,,,5500,hco
actelion,UniversitätsSpital Zürich,Zürich,Schweiz,Rämistr. 100,,25000,5000,,,,,30000,hco
actelion,Verein GUCH Schweiz,Basel,Schweiz,Langen Gasse 78,,,2000,,,,,2000,hco
actelion,Zürcher Reha Zentrum Wald,Wald,Schweiz,Faltigbergstr. 7,,750,,,,,,750,hco
actelion,Zurich Heart House,Zürich,Schweiz,Moussonstr. 4,,1000,,,,,,1000,hco
actelion,Alexandra Maria Groth,Zürich,Schweiz,Rämistr. 100,,,,1003,559,,,1562,hcp
actelion,Alfredo Meniconi,Schwyz,Schweiz,Postplatz 6,,,,315,384,,,699,hcp
actelion,André Linka,Winterthur,Schweiz,Brauerstr. 15,,,,303,700,,,1003,hcp
actelion,Andrea Azzola,Lugano,Schweiz,Via Tesserete 46,,,,492,1264,,,1756,hcp
actelion,Andreas Matthias Gross,Baden,Schweiz,Im Ergel,,,,352,1254,,,1606,hcp
actelion,Andreas Wicky,Arlesheim,Schweiz,Zum Rauacker 17,,,,,,6000,,6000,hcp
actelion,Argyri Dimitriou,Zürich,Schweiz,Birmensdorferstr. 497,,,,312,508,,,820,hcp
actelion,Birgit Donner,Basel,Schweiz,Spitalstr. 33,,,,348,619,,,967,hcp
actelion,Bruno Naccini,Mendrisio,Schweiz,Via Alfonso Turconi 23,,,,140,200,,,340,hcp
actelion,Carlo Chizzolini,Genève,Schweiz,Rue Gabrielle-Perret-Gentil 4,,,,477,515,,,992,hcp
actelion,Carolin Steinack,Winterthur,Schweiz,Brauerstr. 15,,,,378,748,,,1126,hcp
actelion,Cécile Tissot Daguette Bischoff,Chêne-Bougeries,Schweiz,7 rue des Grangettes,,,,500,,,,500,hcp
actelion,Charlotte Berlier,Zürich,Schweiz,Rämistr. 100,,,,378,716,,,1094,hcp
actelion,Christine Angelika Rüegg,Zürich,Schweiz,Rämistr. 100,,,,601,841,,,1442,hcp
actelion,Christoph Hemmeler,Langenthal,Schweiz,Hasenmattstr. 37,,,,312,508,,,820,hcp
actelion,Coralie Amandin Blanche,Genève,Schweiz,Rue Gabrielle-Perret-Gentil 4,,,,,507,,,507,hcp
actelion,Daniel Tobler,Basel,Schweiz,Petersgraben 4,,,,303,700,,,1003,hcp
actelion,Daniel Weilenmann,St. Gallen,Schweiz,Rorschacher Str. 95,,,,601,782,,,1383,hcp
actelion,Daniela Jahn,Basel,Schweiz,Petersgraben 4,,,,352,1254,,,1606,hcp
actelion,Dominik Müller,Biel,Schweiz,Bahnhofstr. 54,,,,417,439,,,856,hcp
actelion,Dominique Brand,Courtelary,Schweiz,La Forge 9,,,,601,678,,,1279,hcp
actelion,Erich Helfenstein,Luzern,Schweiz,St. Annastr. 32,,,,352,1254,,,1606,hcp
actelion,Erich Köhler,Liestal,Schweiz,Rheinstr. 26,,,,352,1254,,,1606,hcp
actelion,Esther Irene Schwarz,Zürich,Schweiz,Rämistr. 100,,,,315,624,,,939,hcp
actelion,Francesca Bonassin,Zürich,Schweiz,Rämistr. 100,,,,303,490,,,793,hcp
actelion,Gabriella De Pasquale Meyer,Zürich,Schweiz,Birmensdorferstr. 497,,,,601,863,,,1464,hcp
actelion,Gregoire Gex,Crans-Montana,Schweiz,Centre Valaisan de Pneumologie,,,,352,1266,,,1618,hcp
actelion,Gregory Clark,La Chaux-de-Fonds,Schweiz,Av. Léopold-Robert 12,,,,352,1498,,,1850,hcp
actelion,Hans-Dieter Hüllstrung,Liestal,Schweiz,Weierweg 7,,,,312,508,,,820,hcp
actelion,Heiko Uthoff,Luzern,Schweiz,Zentralstr. 1,,,,417,349,,,766,hcp
actelion,Isabelle Fresard,Meyrin,Schweiz,Avenue J.-D. Maillard 3,,,,458,1266,,,1724,hcp
actelion,Janko Rakic,Basel,Schweiz,Petersgraben 4,,,,550,1783,,,2333,hcp
actelion,Jean Marie Annoni,Fribourg,Schweiz,Route des Pensionnats 2,,,,95,575,,,670,hcp
actelion,Joseph-André Ghika,Sion,Schweiz,Av. Grand Champsec 80,,,,95,592,,,687,hcp
actelion,Julia Walch,St. Gallen,Schweiz,Rorschacherstr. 95Kantonsspital,,,,114,677,,,791,hcp
actelion,Julian Cooper,Langenthal,Schweiz,Hasenmattstr. 37,,,,312,508,,,820,hcp
actelion,Lars Huber,Zürich,Schweiz,Rämistr. 100,,,,352,1022,,,1374,hcp
actelion,Markus Noveanu,Le Noirmont,Schweiz,Chemin de Roc-Montès 20Clinique Le Noirmont,,,,72,382,,,454,hcp
actelion,Martin Frey,Barmelweid,Schweiz,Spitalstr.,,,,352,1254,,,1606,hcp
actelion,Matthias Frasnelli,Chur,Schweiz,Loestr. 170,,,,140,134,,,274,hcp
actelion,Matthias Greutmann,Zürich,Schweiz,Rämistr. 100,,,,303,700,,,1003,hcp
actelion,Michael Andor,Zürich,Schweiz,Walchestr. 15,,,,312,508,,,820,hcp
actelion,Michael Tamm,Arlesheim,Schweiz,Starenweg 3,,,,,,1500,,1500,hcp
actelion,Nicolas Brugger,Fribourg,Schweiz,Chemin des Pensionnats 2,,,,601,678,,,1279,hcp
actelion,Oliver Niesse,Zürich,Schweiz,Steinwiesstr. 75,,,,,378,,,378,hcp
actelion,Otto Schoch,St. Gallen,Schweiz,Rorschacherstr. 95,,,,601,782,,,1383,hcp
actelion,Paola Gasche-Soccal,Genève,Schweiz,Rue Gabrielle-Perret -Gentil 4,,,,352,438,,,790,hcp
actelion,Patricia Demont,Thun,Schweiz,Krankenhausstr. 12Spital Thun,,,,458,1254,,,1712,hcp
actelion,Patrick Gross,Diessenhofen,Schweiz,Dorfstr. 11,,,,312,508,,,820,hcp
actelion,Peter Grendelmeier,Basel,Schweiz,Petersgraben 4 Klinik für Pneumologie,,,,,,1500,,1500,hcp
actelion,Philipp Peter Bartenstein,Zürich,Schweiz,Rämistr. 100,,,,1003,559,,,1562,hcp
actelion,Philippe Dumont,Fribourg,Schweiz,Chemins des Pensionnats 2,,,,601,678,,,1279,hcp
actelion,Philippe Rieder,Yverdon-les-Bains,Schweiz,Av. des Sciences 2,,,,72,390,,,462,hcp
actelion,Rebekka Lena Kleiner,St. Gallen,Schweiz,Rorschacherstr. 95,,,,352,1254,,,1606,hcp
actelion,Reto Engel,St. Gallen,Schweiz,Claudiusstr. 6,,,,303,700,,,1003,hcp
actelion,Roland Werner Weber,Zürich,Schweiz,Steinwiesstr. 75,,,,348,619,,,967,hcp
actelion,Saeid Fasihi,Baden,Schweiz,Im Ergel 1,,,,417,323,,,740,hcp
actelion,Stéphanie Petitpierre,Ecublens,Schweiz,Route Louis Favre 6a,,,,312,514,,,826,hcp
actelion,Thomas Daikeler,Basel,Schweiz,Petersgraben 4,,,,477,646,,,1123,hcp
actelion,Thomas Sigrist,Barmelweid,Schweiz,Spitalstr.,,,,352,1254,,,1606,hcp
actelion,Tobias Daniel Herren,Zürich,Schweiz,Witellikerstr. 40,,,,352,1254,,,1606,hcp
actelion,Walo Alexander Iseli,Liestal,Schweiz,Weierweg 7,,,,312,508,,,820,hcp
