company,name,location,country,address,uci,donations_grants,sponsorship,registration_fees,travel_accommodation,fees,related_expenses,total,type
allergan,ADEL Association D'Esculape En Lavaux,Lutry,Schweiz,Grand-Rue 22,,,2000,,,,,2000,hco
allergan,AOCT Associazione Oculisti Canton Ticino,Lugano,Schweiz,Via Canova 18,,,1500,,,,,1500,hco
allergan,Augenklinik Hohmad,Thun,Schweiz,Hohmadstr. 1,,,500,,,,,500,hco
allergan,Berner Augenklinik am Lindenhofspital,Bern,Schweiz,Bremgartenstr. 119,,,2400,,,,,2400,hco
allergan,Bruppacher Stiftung,Zürich,Schweiz,Frauenklinikstr. 24,,,800,,,,,800,hco
allergan,Centre Ophtalmologique de Rive,Genève,Schweiz,Rue Pierre Fatio 15,,,1500,,,,,1500,hco
allergan,Clinica ARS Medica,Gravesano,Schweiz,Via Grumo 16,,,1851,,,,,1851,hco
allergan,Groupment des médecins opthalmologues du Mémorial de Rotschild,Genève,Schweiz,"22, ch Beau-Soleil",,,2500,,,,,2500,hco
allergan,Groupment Romand de la Société Suisse de Gynevologie et Obstetrique,Genève,Schweiz,Genève,,,2800,,,,,2800,hco
allergan,GZO Spital Wetzikon,Wetzikon,Schweiz,Spitalstr. 66,,,1500,,,,,1500,hco
allergan,Hôpital Cantonal de Fribourg,Fribourg,Schweiz,Ch. Des pensionnts 2-6,,,1500,,,,,1500,hco
allergan,Hôpital Ophtalmique Jules Gonin,Lausanne,Schweiz,Avenue de France 15,,,10000,,,,,10000,hco
allergan,Hôspital du Valais,Sion,Schweiz,Avenue Grand-Champsec 80,,,2750,,,,,2750,hco
allergan,HUG Département des neurosciences Clinique Service de Neurorééducation,Genève,Schweiz,Avenue Beau-Séjour 26,,,1800,,,,,1800,hco
allergan,Insel Gruppe AG,Bern,Schweiz,Freiburstr. 4,,,20250,,,,,20250,hco
allergan,ISNeReM Hôpital du Jura,Porrentruy,Schweiz,Chemin de l'Hôpital 9,,,10000,,,,,10000,hco
allergan,Kantonsspital Aarau AG,Aarau,Schweiz,Teilstr. 25,,,2100,,,,,2100,hco
allergan,Kantonsspital Baselland,Liestal,Schweiz,Mühlenmattstr. 26,,,1500,,,,,1500,hco
allergan,Kantonsspital St. Gallen,St. Gallen,Schweiz,Rorschacherstr. 95,,,16919,,,,,16919,hco
allergan,Klinik Hirslanden,Zürich,Schweiz,Lengghalde 6,,,3000,,,,,3000,hco
allergan,Luzerner Kantonsspital,Luzern,Schweiz,Augenklinik,,,1500,,,,,1500,hco
allergan,Magendarm Thalwil AG,Thalwil,Schweiz,Zürcherstr. 61,,,2000,,,,,2000,hco
allergan,MISF - Stiftung,Heerbrugg,Schweiz,Berneckerstr. 26,,,2400,,,,,2400,hco
allergan,Neurologische Praxis Schwyz,Schwyz,Schweiz,Steinstegstr. 3,,,1000,,,,,1000,hco
allergan,Ospedale Regionale di Lugano,Lugano,Schweiz,Via Tesserete 46,,,5500,,,,,5500,hco
allergan,Quadrimed,Crans-Montana,Schweiz,Case postale 299,,,2106,,,,,2106,hco
allergan,Reha Rheinfelden,Rheinfelden,Schweiz,Salinenstr. 98,,,1500,,,,,1500,hco
allergan,SACD Swiss Academy of Childhood Disability Eleonorenstiftung,Affoltern a. A.,Schweiz,Mühlebergstr. 104,,,1500,,,,,1500,hco
allergan,Schweizer Paraplegiker Zentrum,Nottwil,Schweiz,Guido A. Zäch-Str. 1,,,2000,,,,,2000,hco
allergan,Schweizerische Gesellschaft für Ästhetische Chirurgie,Montreux,Schweiz,Avenue des Planches 15,,,1000,,,,,1000,hco
allergan,Schweizerische Gesellschaft für Urologie,Montreux,Schweiz,Avenue des Planches 15,,,4320,,,,,4320,hco
allergan,SNG Schweizerische Neurologische Gesellschaft,Basel,Schweiz,Münsterberg 1,,,38000,,,,,38000,hco
allergan,Schweizerische Gesellschaft für Allgemeine Innere Medizin,Basel,Schweiz,Solothurnerstr. 68,,,3200,,,,,3200,hco
allergan,SGGG Schweizerische Gesellschaft für Gynäkologie und Geburtshilfe,Bern,Schweiz,Altenbergstr. 29,,,8040,,,,,8040,hco
allergan,Spitalregion Fürstenland Toggenburg SRFT,Bronschhofen,Schweiz,Eggwilstrsse 16b,,,1650,,,,,1650,hco
allergan,Spital Thurgau AG,Frauenfeld,Schweiz,Pfaffenholzstr. 4,,,1000,,,,,1000,hco
allergan,Stiftung für Forschung in Parkinson und Bewegungsstörungen,Bern,Schweiz,Ben,,,7500,,,,,7500,hco
allergan,Swiss Eye Institute,Bern,Schweiz,Bremgartenstr. 117,,,1200,,,,,1200,hco
allergan,Swiss Federation of Clinical Neurosciences SFCNS,Basel,Schweiz,Münsterberg 1,,,5840,,,,,5840,hco
allergan,The Gentelmen's Clinic,Genève,Schweiz,Rue du Mont Blanc 4,,,700,,,,,700,hco
allergan,Triemli,Zürich,Schweiz,Birmensdorferstr. 497,,,500,,,,,500,hco
allergan,"USB, Augenklinik",Basel,Schweiz,Mittlere Str. 91,,,4000,,,,,4000,hco
allergan,"USB, Neurologische Klinik und Poliklinik",Basel,Schweiz,Petersgraben 4,,,2000,,,,,2000,hco
allergan,"USZ, Dermatologie",Zürich,Schweiz,Gloriastr. 31,,,3000,,,,,3000,hco
allergan,"USZ, Gastroenterologie SwissNGM",Zürich,Schweiz,Rämistr. 100,,,10000,,,,,10000,hco
allergan,"USZ, Gynäkologie",Zürich,Schweiz,Frauenklinikstr. 26,,,1000,,,,,1000,hco
allergan,"USZ, Kinderspital",Affoltern a. A.,Schweiz,Mühlebergstr. 104,,,1000,,,,,1000,hco
allergan,"USZ, Neurologie",Zürich,Schweiz,Frauenklinikstr. 26,,,8000,,,,,8000,hco
allergan,"USZ, Plastische Chirurgie",Zürich,Schweiz,Rämistr. 100,,,3000,,,,,3000,hco
allergan,Verein Gastroenterologie Zürich,Zürich,Schweiz,Seestr. 90,,,4500,,,,,4500,hco
allergan,Verein Interdigest,Zürich,Schweiz,Toblerstr. 51,,,500,,,,,500,hco
allergan,Agnieszka Starnawska,Basel,Schweiz,Missionsstr. 53,,,,,526,,264,790,hcp
allergan,Ahron Wegener,Freienbach,Schweiz,Kantonsstr. 102,,,,300,974,,500,1774,hcp
allergan,Alain Kälin,Lugano,Schweiz,Via Tesserete 46,,,,1800,,,,1800,hcp
allergan,Alexander Pincherlé,Biel,Schweiz,Rue de L'Union 14,,,,,1875,,,1875,hcp
allergan,André Kohler,Genève,Schweiz,Rue du Vallin 2,,,,,,750,,750,hcp
allergan,Andre Zurn,Lausanne,Schweiz,Av. Benjamin constant 1,,,,435,701,,42,1178,hcp
allergan,Andrea Galli,Viganello,Schweiz,Via Pietro Capelli,,,,,,1300,50,1350,hcp
allergan,Andreas Müller,Zürich,Schweiz,Witellikerstr. 40,,,,,,1500,95,1595,hcp
allergan,Andreas Wild,Thun,Schweiz,Hohmadstr. 1,,,,500,,2400,77,2977,hcp
allergan,Annette Kuhn,Bern,Schweiz,Effingerstr. 102,,,,735,755,4250,235,5975,hcp
allergan,Antonella Tanga,Genève,Schweiz,Rue Perret-Gentil 4,,,,,103,,50,153,hcp
allergan,Ariane Malclès,Genève,Schweiz,Rue Micheli-du-Crest 24,,,,435,1050,,,1485,hcp
allergan,Aristeidis Psychiasis,Glatttzentrum,Schweiz,Neue Winterthurerstr. 99,,,,,,800,,800,hcp
allergan,Armin Junghardt,Baden,Schweiz,Weite Gasse 37,,,,,,800,,800,hcp
allergan,Bertrand Pilly,Neuchâtel,Schweiz,Rue des Poteaux 8,,,,,,500,,500,hcp
allergan,Carsten Meyer,Aarau,Schweiz,Bahnhofplatz 4,,,,,,800,,800,hcp
allergan,Cengiz Türkesever,Binningen,Schweiz,Hauptstr. 55,,,,245,923,1000,32,2200,hcp
allergan,Christian Kätterer,Basel,Schweiz,Im Burgfelderhof 40,,,,850,710,750,120,2430,hcp
allergan,Christian Padevit,Winterthur,Schweiz,Burgstr. 109c,,,,,,750,35,785,hcp
allergan,Corina Röscheisen,Zürich,Schweiz,Beethovenstr. 43,,,,435,1517,500,105,2557,hcp
allergan,Daniel Fuchs,Zürich,Schweiz,Laternengasse 4,,,,,1191,9900,,11091,hcp
allergan,David Scheiner,Zürich,Schweiz,Bühlstr. 45a,,,,400,1575,1500,,3475,hcp
allergan,Davide Poglia,Neuchâtel,Schweiz,Maladière 45,,,,,,750,,750,hcp
allergan,Dick Line Schreyer,Neuchâtel,Schweiz,Rue de l'Hôpital 18,,,,,,800,,800,hcp
allergan,Dominique Mustur,Wallisellen,Schweiz,"Winterthurerstr. 99, Glattzentrum b. Wallisellen",,,,,,500,,500,hcp
allergan,Edorado Baglivo,Onex,Schweiz,Clinique de l'Oeil Av. Bois-de-la Chapelle 15,,,,,,300,100,400,hcp
allergan,Eva Gütling,Winterthur,Schweiz,Marktgasse 44,,,,,,750,35,785,hcp
allergan,Eva Neuenschwander,Zürich,Schweiz,Forchstr. 4,,,,430,747,250,94,1521,hcp
allergan,Fabricio Branca,Basel,Schweiz,Centralbahnstr. 20,,,,,,800,,800,hcp
allergan,Florian Bihl,Bellinzona,Schweiz,Vial Officina 3,,,,,,750,,750,hcp
allergan,Frank Klinkenberg,Sursee,Schweiz,Bahnhofstr. 15,,,,,,800,,800,hcp
allergan,Gabriele Strini,Monthey,Schweiz,Avdel Gare 24,,,,423,889,,245,1557,hcp
allergan,Ganotis Charalampos,Aarau,Schweiz,Bahnhofplatz 4,,,,435,1562,,105,2102,hcp
allergan,Georgios Mangioris,Genève,Schweiz,Rue Pierre Fatio 15,,,,,,300,100,400,hcp
allergan,Guy Donati,Genève,Schweiz,Aavenue de La Roseraie 76am,,,,,,800,,800,hcp
allergan,Hans Peter Kern,Zürich,Schweiz,Dufourstr. 31,,,,,,9450,50,9500,hcp
allergan,Heinrich Gerding,Olten,Schweiz,Louis-Giroud-Str. 20,,,,290,678,,70,1038,hcp
allergan,Holger Schramm,Rheinfelden,Schweiz,Salinestr. 98,,,,,,500,,500,hcp
allergan,Iclal Keskinaslan,Binningen,Schweiz,Hauptstr. 55,,,,1003,,,,1003,hcp
allergan,Jana Wolynski,Zürich,Schweiz,Theaterstr. 8,,,,,462,,,462,hcp
allergan,Jean-Louis Frossard,Genève,Schweiz,"HUG, Rue Perret-Gentil 4",,,,,,2250,95,2345,hcp
allergan,Jolanda Mekler,Basel,Schweiz,Missionsstr. 53,,,,,,1800,,1800,hcp
allergan,Jörg Kleeberg,Sion,Schweiz,"Av. Du Grand-Champsec 90,, Sion",,,,103,,,50,153,hcp
allergan,Jörg Stürmer,Winterthur,Schweiz,Brauerstr. 15,,,,,170,130,2200,2500,hcp
allergan,Julia Müllner,Bern,Schweiz,Freiburstr. 4,,,,,2025,,,2025,hcp
allergan,Karoline Zepter,Florgen,Schweiz,Zugerstsrasse 35,,,,430,697,,42,1169,hcp
allergan,Konstantin Gugleta,Basel,Schweiz,Mittlere Str. 91,,,,,758,,,758,hcp
allergan,lancu Ruxandra Ferfoglia,Genève,Schweiz,"HUG, Rue Gabrielle-Perret-Gentil 4",,,,,103,,50,153,hcp
allergan,Linda Leidi,Lugano,Schweiz,Via Monte Boglia 5,,,,,2560,,,2560,hcp
allergan,Lorenzo Franscini,Lugano,Schweiz,Via Torricelli 39a,,,,360,,,,360,hcp
allergan,Magali Dumont-Berset,Villars-sur-Glâne,Schweiz,Rue Du Centre 8,,,,430,547,,44,1021,hcp
allergan,Manuel Meyer,Zürich,Schweiz,Theaterstr. 8,,,,,1990,,,1990,hcp
allergan,Marc De Smet,Lausanne,Schweiz,"MIOS SA, Avenue du Leman 32",,,,,,4500,100,4600,hcp
allergan,Marc Töteberg,Zürich,Schweiz,Frauenklinikstr. 24,,,,,,1000,,1000,hcp
allergan,Marcel Menke,Aarau,Schweiz,Teilstr. 25,,,,,,800,,800,hcp
allergan,Martin Kopietz,Zürich,Schweiz,Bahnhofplatz 2,,,,430,687,,44,1161,hcp
allergan,Martina Stummvoll,Biel,Schweiz,Marktgasse 17,,,,,760,,,760,hcp
allergan,Marva Safa,Neuchâtel,Schweiz,Rue de l'Hôpital 18,,,,,,14000,,14000,hcp
allergan,Massimo Vignanelli,Lugano,Schweiz,Via Trevano 38,,,,,,800,50,850,hcp
allergan,Michael Drepper,Genève,Schweiz,"HUG, Rue Gabrielle-Perret-Gentil 4",,,,,1524,,,1524,hcp
allergan,Michael Gütling,Winterthur,Schweiz,Marktgasse 46,,,,430,720,,44,1194,hcp
allergan,Michele Zanzi,Lausanne,Schweiz,Avenue Marc-Dufour 4,,,,691,965,,112,1768,hcp
allergan,Milko llliev,Zürich,Schweiz,Gubelstr. 54,,,,,170,2000,130,2300,hcp
allergan,Myriam Aufdenblatten,Bern,Schweiz,Bremgartenstr. 119,,,,,,500,100,600,hcp
allergan,Monika Hess-Schmid,Zürich,Schweiz,Clinic Dufour 31,,,,430,687,,44,1161,hcp
allergan,Nichorlis Charilaos,Reinach,Schweiz,"Orasis AG, Tittlisstr. 44",,,,435,1562,500,105,2602,hcp
allergan,Olga Juri,Zürich,Schweiz,Bahnhofplatz 2,,,,430,680,,44,1154,hcp
allergan,Paul Wiesel,Lausanne,Schweiz,Avenue Vinet 30,,,,,,1500,95,1595,hcp
allergan,Peter Bartel,Sursee,Schweiz,"Uro Sursee, Buchenstr. 4",,,,,706,,,706,hcp
allergan,Peter Schöneborn,Zürich,Schweiz,Holbeinstr. 25,,,,1560,3579,500,429,6068,hcp
allergan,Philip Kreyden,Muttenz,Schweiz,Baselstr. 9,,,,,,2000,,2000,hcp
allergan,Philippe Snozzi,Zürich,Schweiz,Bahnhofplatz 2,,,,691,867,11750,252,13560,hcp
allergan,Philippe Vuadens,Sion,Schweiz,Avenue du Grand-Champsec 90,,,,,,750,,750,hcp
allergan,Radu Tutuian,Bern,Schweiz,Freiburstr. 8,,,,,,1500,,1500,hcp
allergan,Raimund Spirig,St. Gallen,Schweiz,"Sandrainstr. 8, St. Gallen",,,,200,623,,80,903,hcp
allergan,Raphael Wirth,Biel,Schweiz,General-Dufour-Str. 17,,,,430,553,,42,1025,hcp
allergan,Reto Agosti,Zollikon,Schweiz,"Klinik Hirslanden, Forchstr. 424",,,,,,750,,750,hcp
allergan,Robert Katamay,Binningen,Schweiz,Hauptstr. 55,,,,,,800,120,920,hcp
allergan,Roger Alvarez,Zürich,Schweiz,"Body Esthetic GmbH, Seefeldstr. 75",,,,430,680,,94,1204,hcp
allergan,Roland Ney,Vevey,Schweiz,Rue des Mooulins 4,,,,,300,2300,50,2650,hcp
allergan,Salvatore Galati,Bellinzona,Schweiz,Viale Officina 3,,,,,,750,,750,hcp
allergan,Sarah Berrut,Genève,Schweiz,"HUG, Rue Perret-Gentil 4",,,,,103,,55,158,hcp
allergan,Sebastian Jäger,Zug,Schweiz,Bahnhofstr. 32,,,,,,800,,800,hcp
allergan,Selim Orgül,Basel,Schweiz,Mittlere Str. 91,,,,1125,1576,,100,2801,hcp
allergan,Selina Pantli,Zürich,Schweiz,Seefeldstr. 75,,,,547,1467,,,2014,hcp
allergan,Serdar Kocer,Porrentruy,Schweiz,Chemin de l'Hôpital 9,,,,,350,3500,50,3900,hcp
allergan,Serge Le Huu,Montreux,Schweiz,Collonges 43,,,,691,904,,112,1707,hcp
allergan,Sharmistha Guggenbühl-Roy,Zürich,Schweiz,Hofwiesenstarsse 3,,,,2000,,,,2000,hcp
allergan,Silvester Maas,Olten,Schweiz,Louis-Giroud-Str. 26,,,,691,876,,111,1678,hcp
allergan,Simon Wyss,Jegenstorf,Schweiz,Bernstr. 41,,,,300,640,4600,179,5719,hcp
allergan,Sophie Menkes,Lausanne,Schweiz,Avenue d'Ouchy 14,,,,,891,8350,50,9291,hcp
allergan,Souska Zandi,Bern,Schweiz,Bremgartenstr. 119,,,,,,800,,800,hcp
allergan,Stefan Trachsler,Aarau,Schweiz,Teilstr. 5,,,,435,605,,85,1125,hcp
allergan,Stephan Kinzl,Zürich,Schweiz,Birmensdorferstr. 497,,,,,,800,,800,hcp
allergan,Stephanie Meyer,Basel,Schweiz,Hebelstr. 32,,,,,,800,120,920,hcp
allergan,Susanne Reichert,Bülach,Schweiz,Zürichstr. 5,,,,,,4000,,4000,hcp
allergan,Tanja Tschannen,Zürich,Schweiz,Schaffhauserstr. 355,,,,,,250,50,300,hcp
allergan,Ulrich Zellweger,llanz,Schweiz,Spitalstr. 6,,,,435,1260,,237,1932,hcp
allergan,Valeria Schindler,Zürich,Schweiz,Rämistr. 100,,,,500,1000,,,1500,hcp
allergan,Vanessa Fleury-Nissen,Genève,Schweiz,"HUG, Rue Perret-Gentil 4",,,,,103,750,50,903,hcp
allergan,Veronika Vaclavik,Fribourg,Schweiz,Chemin des Pensionnats 2,,,,,,1000,,1000,hcp
allergan,Veronique Arnould,Zürich,Schweiz,Augenklinik Seefeld Holbeinstr. 25,,,,1125,1776,,100,3001,hcp
allergan,Viet Tran,Vevey,Schweiz,Rue du Lac 39,,,,,,300,100,400,hcp
allergan,Walter Ferrini,Neuchâtel,Schweiz,Fbg de L- Hopital,,,,,,300,100,400,hcp
allergan,Xavier Delgadillo,La Chaux-de-Fonds,Schweiz,Clinieu de Montbrillant SA,,,,,,750,,750,hcp
allergan,Xavier Tenorio,Genève,Schweiz,Chemin Rieu 18,,,,,,4600,135,4735,hcp
allergan,Yaelle Van Dommelen,Mollens,Schweiz,Route de Montana 13,,,,,100,,50,150,hcp
allergan,Zamina Looden,Basel,Schweiz,Gerbergasse 4,,,,691,926,,,1617,hcp
