company,name,location,country,address,uci,donations_grants,sponsorship,registration_fees,travel_accommodation,fees,related_expenses,total,type
almirall,Ärztekongress Arosa,Arosa,Schweiz,,,,1620,,,,,1620,hco
almirall,Ärztenetzwerk beodocs,Interlaken,Schweiz,Rugenparkstr. 7,,,5400,,,,,5400,hco
almirall,doccare,Fehraltorf,Schweiz,Im Baumgarten 1,,,5000,,,,,5000,hco
almirall,EADV,Lugano,Schweiz,Via Serafino Balestra 22b,,,135461.71,,,,,135461.71,hco
almirall,Ectrims,Basel,Schweiz,Peter Merian-Str.,,,65939.07,,,,,65939.07,hco
almirall,European Fed Medicinal Chemistry,Bern,Schweiz,Laupenstr. 7,,,2189.55,,,,,2189.55,hco
almirall,European Soc. for Dermatological,Genève,Schweiz,Rue Cingria 7,,,5478.37,,,,,5478.37,hco
almirall,Groupe des Dermatologues,Plan-les-Ouates,Schweiz,Route de Saint-lulien 176,,,1000,,,,,1000,hco
almirall,Groupement des Neurologues,Monthey,Schweiz,Avenue du Crochetan 2,,,2500,,,,,2500,hco
almirall,HUG Hôpitaux Universitaires de Genève,Genève,Schweiz,Rue Gabrielle Perret-Gentil 4,,,3000,,,,,3000,hco
almirall,Inselspital,Bern,Schweiz,Freiburgstr. 18,,,4320,,,,,4320,hco
almirall,Kantonsspital Münsterlingen,Münsterlingen,Schweiz,Spitalcampus 1,,,1000,,,,,1000,hco
almirall,Kantonsspital St. Gallen,St. Gallen,Schweiz,Rorschacherstras se 95,,,1620,,,,,1620,hco
almirall,Kantonsspital St. Gallen,St. Gallen,Schweiz,Greithstr. 20,,,3000,,,,,3000,hco
almirall,Lenker Woche,Zweisimmen,Schweiz,Karl Haueterstr.,,,4000,,,,,4000,hco
almirall,Ospedale Bellinzona e Valli EOC,Bellinzona,Schweiz,Via Ospedale,,,500,,,,,500,hco
almirall,STCM,Bern,Schweiz,Matterstr.,,,3000,,,,,3000,hco
almirall,UniversitätsSpital Zürich,Zürich,Schweiz,Gloriastr. 31,,,27094.1,,,,,27094.1,hco
almirall,Universitätsspital Basel,Basel,Schweiz,Petersgraben 4,,,6000,,,,,6000,hco
almirall,Zürcher Dermatologen Gesellsch.,Uster,Schweiz,Oberlandstr.,,,1500,,,,,1500,hco
almirall,Alice-Caroline Thraen,St. Gallen,Schweiz,Rorschacherstr. 95,,,,,495.66,,,495.66,hcp
almirall,Ammar Kassouha,Uster,Schweiz,Avenue de Beau-Séjour 26,,,,,,1000,,1000,hcp
almirall,Andrea Hradiskä,Zürich,Schweiz,Lintheschergasse 3,,,,,495.66,,,495.66,hcp
almirall,Annett Härtel,Basel,Schweiz,Beim Goldenen Löwen 13,,,,,495.66,,,495.66,hcp
almirall,Aynur Aydemir,Münsterlingen,Schweiz,Spitalcampus 1,,,,,262.7,,,262.7,hcp
almirall,Barbara Gaus,St. Gallen,Schweiz,Kugelgasse 8,,,,,495.66,,,495.66,hcp
almirall,Claude Vaney,Montana,Schweiz,Imp. Palace Bellevue 1,,,,,,2000,,2000,hcp
almirall,Dagmar Simon,Bern,Schweiz,Freiburgstr. 18,,,,,,1400,,1400,hcp
almirall,Eric Berrut,Monthey,Schweiz,Avenue du Crochetan 2,,,,,,1000,,1000,hcp
almirall,Eugen Hübscher,Biel/Bienne,Schweiz,Dufourstr. 17,,,,,,800,,800,hcp
almirall,Hansjörg Weissenrieder,Zug,Schweiz,Bundesstr. 6,,,,,,500,,500,hcp
almirall,Jan Izakovic,Basel,Schweiz,Gempenstr. 2a,,,,,495.66,,,495.66,hcp
almirall,Linard Filli,Zürich,Schweiz,Frauenklinikstra sse 26,,,,,,1084.93,464.57,1549.5,hcp
almirall,lost Bergmann,Chur,Schweiz,Quaderstr. 15,,,,,495.66,,,495.66,hcp
almirall,Manfred Aebischer,Muntelier,Schweiz,Raffort 2,,,,,495.66,,,495.66,hcp
almirall,Marc Baumgartner,Herzogenbuchsee,Schweiz,Fabrikstr. 10,,,,,495.66,,,495.66,hcp
almirall,Marguerite Krasovec Rahmann,Schlieren,Schweiz,Uitikonerstr. 9,,,,,495.66,,,495.66,hcp
almirall,Mirjam Nägeli,Zürich,Schweiz,Gloriastr. 31,,,,,495.66,,,495.66,hcp
almirall,Natalja Denisjuk,Herisau,Schweiz,Bahnhofstr. 21,,,,,495.66,,,495.66,hcp
almirall,Pascale Kränzlin,Zürich,Schweiz,Gloriastr. 31,,,,,600.8,,,600.8,hcp
almirall,Peter Myers,Genève,Schweiz,Ruelle du Couchant 7,,,,,,1000,,1000,hcp
almirall,Peter Schmid-Grendelmeier,Zürich,Schweiz,Gloriastr. 31,,,,,495.66,,,495.66,hcp
almirall,Rawa Derzi,Richterswil,Schweiz,Seestr. 15b,,,,,495.66,,,495.66,hcp
almirall,Reinhold Lautner,Aarau,Schweiz,Bahnhofplatz 3c,,,,300,,,,300,hcp
almirall,Renata Trafna,Solothurn,Schweiz,Dornacherplatz 15,,,,,495.66,,,495.66,hcp
almirall,Roland Mähler,Wohlen AG,Schweiz,Bärengässli 7,,,,,,1000,,1000,hcp
almirall,Suzanne Freund-Kissling,Lenzburg,Schweiz,Aarauerstr. 8,,,,,495.66,,,495.66,hcp
almirall,Thomas Hebel,St. Gallen,Schweiz,St. Leonhard-Str. 20,,,,,495.66,,,495.66,hcp
almirall,Thomas Kündig,Zürich,Schweiz,Gloriastr. 31,,,,,495.66,,,495.66,hcp
almirall,Thomas Schneider,Burgdorf,Schweiz,Poststr. 6,,,,,495.66,,,495.66,hcp
almirall,Tobias Plaza,Uster,Schweiz,Oberlandstr. 100,,,,,495.66,,,495.66,hcp
almirall,Wolfgang Alexander Deglmann,Liestal,Schweiz,Wasserturmplatz 2,,,,,495.66,,,495.66,hcp
