company,name,location,country,address,uci,donations_grants,sponsorship,registration_fees,travel_accommodation,fees,related_expenses,total,type
amenarini,Advisis AG,Bern,Schweiz,Effingerstr. 55,,,19000,,,,,19000,hco
amenarini,AGZO Aerztegesellschaft Zürcher Oberland,Uster,Schweiz,"c/o Daniel Ambauen, Quellenstr. 4",,10000,,,,,,10000,hco
amenarini,AMITI Associazione Medici Internisti del Canton Ticino,Paradiso,Schweiz,Via General Guisan 10,,,1000,,,,,1000,hco
amenarini,APA - Ärzte mit Patientenapotheke,St. Gallen,Schweiz,Kolumbanstr. 2,,,,,,2000,,2000,hco
amenarini,Appenzellische Ärztegesellschaft,Bühler,Schweiz,Dorfstr. 50,,,2000,,,,,2000,hco
amenarini,ARAM - Association Romande des Assistantes Médicales,St-Légier-La-Chiésaz,Schweiz,Ch. du Lussy 18,,,2000,,,,,2000,hco
amenarini,ARFMPP Association Romande de Formation en médecine psychosomatique et psychosociale,Versoix,Schweiz,"c/o Dr. Danièle Lefebvre, Route de Suisse 93",,,1000,,,,,1000,hco
amenarini,Ärztegesellschaft Gäu c/o Luzerner Kantonsspital Sursee,Sursee,Schweiz,Spitalstr. 16a,,,1000,,,,,1000,hco
amenarini,Ärztenetzwerk Gesundes Rheintal,Oberriet,Schweiz,"c/o Benedikt Frei, Ballengasse 9",,,700,,,,,700,hco
amenarini,Ärztenetzwerk Grauholz,Urtenen-Schönbühl,Schweiz,Solothurnerstr. 43,,,3024,,,,,3024,hco
amenarini,Ärztequalitätszirkel Niederamt SO,Lostorf,Schweiz,"c/o Theo Kruker, Stüsslingerstr. 16",,,1100,,,,,1100,hco
amenarini,Ärztezirkel Allschwil,Allschwil,Schweiz,"c/o Ramond Perret, Baslerstr. 35",,,1500,,,,,1500,hco
amenarini,Assoc,Porrentruy,Schweiz,Hôpital du Jura,,,1125,,,,,1125,hco
amenarini,Association MARDIMED,La Chaux-de-Fonds,Schweiz,Rue de la Paix 39,,,1000,,,,,1000,hco
amenarini,Association Medecins de la Côte,Nyon,Schweiz,"c/o Dr. Sarra Inoubli Le Roy, Rue Neuve",,,3000,,,,,3000,hco
amenarini,Associazione Mendrisio Medical Meeting,Bedano,Schweiz,Via Belvedere 10,,,3000,,,,,3000,hco
amenarini,Beodocs,Interlaken,Schweiz,Kammistr. 5,,5000,,,,,,5000,hco
amenarini,Bethesda Spital AG,Basel,Schweiz,Gellertstr. 144,,,,342,717,,,1059,hco
amenarini,BIHAM Berner Institut für Hausarztmedizin,Bern,Schweiz,Gesellschaftsstr. 49,,,3250,,,,,3250,hco
amenarini,Centre Médical de la Côte SA,Corcelles NE,Schweiz,Rue du Petit-Berne 14,,,1000,,,,,1000,hco
amenarini,CHUV Centre Hospitalier Uni Vaudois,Lausanne,Schweiz,Rue du Bugnon 21,,,4950,,,3300,,8250,hco
amenarini,CHUV Hôpital orthopédique,Lausanne,Schweiz,Av. Pierre Decker,,,1000,,,,,1000,hco
amenarini,Circolo Medico Locarno e Dintorni,Ascona,Schweiz,"c/o Dr. Nello Broggini, Via Lido 27",,,2750,,,,,2750,hco
amenarini,Clinique de Carouge SA,Carouge GE,Schweiz,5 av. Cardinal-Mermillod,,,550,,,,,550,hco
amenarini,Conqrès Médical QUADRIMED,Crans-Montana,Schweiz,Case postale 299,,,14360,,,,,14360,hco
amenarini,Dermatologische Gesellschaft Ostschweiz DGO,St. Gallen,Schweiz,Kugelgasse 8,,,2000,,,,,2000,hco
amenarini,Die HerzGefässStiftung,Zürich,Schweiz,Seestr. 220,,,12500,,,,,12500,hco
amenarini,doccare Hausärzte,Winterthur,Schweiz,"c/o Hawadoc, Garnmarkt 1",,5000,,,,,,5000,hco
amenarini,Doctrina Med AG,Schwyz,Schweiz,Herrengasse 20,,,8394,,,,,8394,hco
amenarini,DOXnet,Neuenegg,Schweiz,Oeleweg 2,,,2000,,,,,2000,hco
amenarini,Ensemble Hospitalier de la Côte / Hôpital de Morges,Morges,Schweiz,Service des Finances,,,2000,,,,,2000,hco
amenarini,Ente Ospedale Cantonale,Locarno,Schweiz,Via Ospedale 1,,,3500,,,,,3500,hco
amenarini,EOC Ospedale Regionale di Bellinzona e Valli,Bellinzona,Schweiz,,,,1500,,,,,1500,hco
amenarini,EOC Ospedale Regionale di Lugano,Lugano,Schweiz,Via Tesserete 46,,,1600,,,,,1600,hco
amenarini,ERS European Respiratory Society,Lausanne,Schweiz,"4, Ave Sainte-Luce",,,333761,,,,,333761,hco
amenarini,Fokus Dermatologie Board c/o Medvis GmbH,Zofingen,Schweiz,Weissensteinstr. 2,,,5000,,,,,5000,hco
amenarini,Fondation pour la Recherche en Hypertension,St-Légier,Schweiz,ch. de Derrey-le-Motty 8,,,2000,,,7000,,9000,hco
amenarini,FORTE Echo GmbH,Baar,Schweiz,c/o PRV Provides Treuhandgesellschaft AG,,,25000,,,,,25000,hco
amenarini,Gäueraerzte Fortbildungspool,Hägendorf,Schweiz,Bachstr. 18,,,500,,,,,500,hco
amenarini,GECOR - Fondation pour la recherche de la Cardiologie Universitaire de Genève,Genève,Schweiz,Rue Gabrielle-Perret-Gentil 4,,,13750,,,800,,14550,hco
amenarini,GREC Groupe romand d'echographie clinique,Pully,Schweiz,Avenue de Lavaux 631,,,500,,,,,500,hco
amenarini,GRIMM - Groupe dlntervention Medicale en Montagne,Sion,Schweiz,"c/o Dr. P. Féraud, Av. Du Chanoine Berchtold 26",,,3200,,,,,3200,hco
amenarini,Groupe des Médecins Lausanne-Nord,Lausanne,Schweiz,Avenue de Chailly 25,,,2000,,,,,2000,hco
amenarini,Groupe du Nord Vaudois,Yverdon-les-Bains,Schweiz,Entremonts 11,,,1800,,,,,1800,hco
amenarini,Groupe Francophone Suisse de Médecine Manuelle,Carouge GE,Schweiz,"c/o Dr Sisvan Nogolian, Rue Jacques Dalphin 14",,,800,,,,,800,hco
amenarini,Groupe Médecine & Hygiène,Chêne-Bourg,Schweiz,Chemin de la Mousse 46,,,2800,,,,,2800,hco
amenarini,Groupement des Médecins des Franches-Montagnes,Saignelégier,Schweiz,"c/o Thierry Maître, Place du 23 juin 2",,,1000,,,,,1000,hco
amenarini,Gruppo di qualità di Viganello,Pregassona,Schweiz,"c/o Dr. Roberto Di Stefano, Via alle Vigne 7",,,3000,,,,,3000,hco
amenarini,Gruppo di qualità G15,Bedano,Schweiz,"c/o Dr Mirko Molina, Via Cantonale 37",,,700,,,,,700,hco
amenarini,Gruppo Medico Formazione,Giubiasco,Schweiz,Casella Postale 823,,,3300,,,,,3300,hco
amenarini,Hausärztlicher Qualitätszirkel Oberthurgau,Steinach,Schweiz,Birkenweg 8,,,3500,,,,,3500,hco
amenarini,HAV Hausärzteverein St. Gallen,St. Gallen,Schweiz,Parkstr. 16,,,2000,,,,,2000,hco
amenarini,Herzzentrum Hirslanden Zentralschweiz,Luzern,Schweiz,Sankt-Anna-Str. 32,,,5000,,,,,5000,hco
amenarini,HFR Fribourg,Fribourg,Schweiz,Chemin des Pensionnats 2-6,,,6000,,,,,6000,hco
amenarini,Hôpital du Jura Bernois SA,Moutier,Schweiz,Rue Beausite 49,,,2500,,,,,2500,hco
amenarini,Hôpital du Jura site de Delémont,Delémont,Schweiz,Fbg des Capucins 30,,,2500,,,,,2500,hco
amenarini,Hôpital du Valais,Sion,Schweiz,Av. du Grand-Champsec 86,,,6600,,,,,6600,hco
amenarini,Hôpital Intercantonal de la Broye,Estavayer-le-Lac,Schweiz,Avenue de la Rochette,,,2000,,,,,2000,hco
amenarini,Hôpital Pays d'Enhaut,Château-d'Oex,Schweiz,Route de l'Hôpital,,,1000,,,,,1000,hco
amenarini,HUG Hôpitaux Universitaires de Genève,Genève,Schweiz,Rue Gabrielle-Perret-Gentil 4,,,2700,,,,,2700,hco
amenarini,Igomed,Thun,Schweiz,Goldiwilstr. 36a,,,5600,,,,,5600,hco
amenarini,Inselspital,Bern,Schweiz,Pkt 2A,,,5000,,,,,5000,hco
amenarini,Inselspital,Bern,Schweiz,Freiburgstr. 4,,,4000,,,,,4000,hco
amenarini,Inselspital,Bern,Schweiz,Freiburgstr. 4,,,4000,,,,,4000,hco
amenarini,Inselspital,Bern,Schweiz,Freiburgstr. 4,,,800,,,,,800,hco
amenarini,ITHSAB,Zürich,Schweiz,Franklinstr. 31,,,2000,,,,,2000,hco
amenarini,JFSPH Journees Franco-Suisses de Pharmacie Hospitalière,Bern,Schweiz,,,,3000,,,,,3000,hco
amenarini,Kantonsspital Aarau AG,Aarau,Schweiz,Tellstr. 25,,,3500,,,1200,,4700,hco
amenarini,Kantonsspital Baselland,Liestal,Schweiz,Mühlemattstr. 26,,,4000,,,,,4000,hco
amenarini,Kantonsspital Münsterlingen,Münsterlingen,Schweiz,Spitalcamp 1,,,1000,,,,,1000,hco
amenarini,Kantonsspital Nidwalden,Stans,Schweiz,Ennetmooserstr. 19,,,2000,,,,,2000,hco
amenarini,Kantonsspital St. Gallen,St. Gallen,Schweiz,Rorschacherstr. 95,,,8000,,,,,8000,hco
amenarini,Kantonsspital Winterthur,Winterthur,Schweiz,Brauerstr. 15,,,2500,,,,,2500,hco
amenarini,KGP Kardiologische Gemeinschaftspraxis AG,Bern,Schweiz,Schänzlistr. 33,,,7000,,,,,7000,hco
amenarini,Klinik Impuls,Wetzikon ZH,Schweiz,Bahnhofstr. 137,,,1500,,,,,1500,hco
amenarini,Klinik Schützen Rheinfelden,Rheinfelden,Schweiz,Bahnhofstr. 19,,,2500,,,,,2500,hco
amenarini,Kliniken Valens,Valens,Schweiz,Taminaplatz 1,,,2000,,,,,2000,hco
amenarini,Kollegium für Hausarztmedizin,Fribourg,Schweiz,Rue de l'Hôpital 15,,,14900,,,,,14900,hco
amenarini,Luzerner Kantonsspital,Luzern,Schweiz,Spitalsstr.,,,1620,618,1309,,,3547,hco
amenarini,Medecins de Familie de Genève,Genève,Schweiz,Rue du Conseil-Général 11,,,4000,,,,,4000,hco
amenarini,Medecins de famille Valais,Saxon,Schweiz,"c/o Dr Patrick Della Bianca, Gottefrey 11",,,1000,,,,,1000,hco
amenarini,Médecins Famille Fribourg,Bulle,Schweiz,Av. De la Gare 3,,,2000,,,,,2000,hco
amenarini,mfe Médecins de famille et de l'enfance Valais,Cronthey,Schweiz,Avenue de la Gare 39,,,800,,,,,800,hco
amenarini,Notfalltraining Schweiz GmbH,Biberist,Schweiz,Eichmattweg 11,,,20900,,,,,20900,hco
amenarini,Ordine dei Medici del Canton Ticino,Mezzovico,Schweiz,Via Cantonale 8,,,1950,,,,,1950,hco
amenarini,Praxisklinik Rennbahn AG,Muttenz,Schweiz,Kriegackeerstr. 100,,,1800,,,,,1800,hco
amenarini,Qualitäts-Zirkel Wettingen/Würenlos,Würenlos,Schweiz,"c/o Hans Jürg Huber, Juchstr. 15",,,2000,,,,,2000,hco
amenarini,"Qualitätszirkel ""Knill Chränzli",Zürich,Schweiz,"c/o Silvio Knill, Wydlerweg 21",,,2500,,,,,2500,hco
amenarini,"Qualitätszirkel ""Zürich Ost",Zürich,Schweiz,"c/o Dr. I. Kremer, Zeltweg 50",,,2000,,,,,2000,hco
amenarini,Qualitätszirkel Dr. Saner,Wädenswil,Schweiz,"c/o Dr. Thomas Saner, Zugerstr. 12",,,2000,,,,,2000,hco
amenarini,Qualitätszirkel Frick,Frick,Schweiz,"c/o Andreas Helg, Hauptstr. 44",,,1500,,,,,1500,hco
amenarini,Qualitätszirkel Medicus Curiosus regionalis,Wallisellen,Schweiz,"c/o Dr. Bernhard Sorg,Zentralstr. 6",,,3000,,,,,3000,hco
amenarini,Qualitätszirkel Mittelthurgau Ost,Bottighofen,Schweiz,"Dres. med. Kamelija & Thomas Gropp, QZ Leiter, oberer Glatt 1",,,218,,,,,218,hco
amenarini,Qualitätszirkel Sargans / Werdenberg,Mels,Schweiz,"c/o PizolCare AG, Flurstr. 12",,,4000,,,,,4000,hco
amenarini,Qualitätszirkel Zolamed,Rüti ZH,Schweiz,"c/o Dr. E. Hänseler, Ferrachstr. 49",,,2500,,,,,2500,hco
amenarini,REMED Association genevoise de médecins travaillant en réseau,Genève,Schweiz,Rue du Conseil-Général 11,,,4000,,,,,4000,hco
amenarini,RSBJ Reseau Santé Balcon du Jura,Ste-Croix,Schweiz,Rue de Rosiers 29,,,1700,,,,,1700,hco
amenarini,Schweizerische Ärztegesellschaft für Manuelle Medizin,St. Gallen,Schweiz,Röschstr. 18,,,9350,,,,,9350,hco
amenarini,Schweizerische Gesellschaft für Allergologie und Immunologie,Bern,Schweiz,Scheibenstr. 20,,,18200,,,,,18200,hco
amenarini,Schweizerische Gesellschaft für Dermatologie und Venerologie,Bern,Schweiz,Dalmazirain 11,,,3450,,,,,3450,hco
amenarini,Schweizerische Gesellschaft für Kardiologie,Bern,Schweiz,Schwarztorstr. 18,,1000,6000,,,,,7000,hco
amenarini,Schweizerische Gesellschaft für Urologie,Montreux,Schweiz,Avenue des Planches 15,,,8310,,,,,8310,hco
amenarini,Schweizerische Herzstiftung,Bern,Schweiz,Schwarztorstr. 18,,,10000,,,,,10000,hco
amenarini,Schweizerische Hypertonie Gesellschaft,Bern,Schweiz,Dufourstr. 30,,1500,,,,,,1500,hco
amenarini,Schweizerische Interessengemeinschaft für Urologiepflege,Basel,Schweiz,Spitalstr. 21/Petersgraben 4,,,8310,,,,,8310,hco
amenarini,SCOT - Swiss Coardologists of Tomorrow,Bern,Schweiz,Schwarztorstr. 18,,,,,,1000,,1000,hco
amenarini,Sgaim,Basel,Schweiz,Schweiz. Ges. Allgemeine Innere Medizin,,112495,,,,,,112495,hco
amenarini,SGAM,Liechtensteig,Schweiz,Oberplattenstr. 73,,,5880,,,,,5880,hco
amenarini,"SGR, Schweizerische Gesellschaft für Rheumatologie, c/o Rheumaliga Schweiz",Zürich,Schweiz,Josefstr. 92,,,27660,,,,,27660,hco
amenarini,SNM Société Neuchâteloise de Médecine,Hauterive,Schweiz,Les Theyers 2,,,4000,,,,,4000,hco
amenarini,Société Meédicale du Canton du Jura,Delémont,Schweiz,"c/o Dr Jean-Jacques Feldmeyer, Rue de l'Avenir 12",,,2000,,,,,2000,hco
amenarini,Société Suisse de Cardiologie,Bern,Schweiz,Dufourstr. 30,,,11704,,,,,11704,hco
amenarini,Société suisse de Chirurgie cardiaque et vasculaire thoracique,Bern,Schweiz,Münstergasse 72,,,11704,,,,,11704,hco
amenarini,Société suisse de Pneumologie,Bern,Schweiz,Chutzenstr. 10,,,11704,,,,,11704,hco
amenarini,Société Vaudoise de Médecine,Lausanne,Schweiz,Ch. de Mornex 38,,,6000,,,,,6000,hco
amenarini,Solothurner Spitäler AG,Solothurn,Schweiz,Schlössliweg 2-6,,,,,,1000,,1000,hco
amenarini,Solothurner Spitäler AG,Olten,Schweiz,Baslerstr. 150,,,800,,,,,800,hco
amenarini,Spital Herisau / Spitalverbund Appenzell Ausserrhoden,Herisau,Schweiz,Spitalstr. 6,,,1000,,,,,1000,hco
amenarini,Spital Riggisberg c/o Spital Netz Bern AG,Bern,Schweiz,Morillonstr. 77,,,4000,,,,,4000,hco
amenarini,Spital Schwyz,Schwyz,Schweiz,Waldeggstr. 10,,,3000,,,,,3000,hco
amenarini,Spital Thurgau AG,Münsterlingen,Schweiz,Spitalcampus 1,,,1000,,,,,1000,hco
amenarini,Spitalregion Fürstenland Toggenburg SRFT,Wil SG,Schweiz,Fürstenlandstr. 32,,,3800,,,,,3800,hco
amenarini,Stadtspital Triemli,Zürich,Schweiz,Birmensdorferstr. 497,,,,,,1000,,1000,hco
amenarini,STAI Società  ticinese di allergologia e immunologia clinica,Lugano-Paradiso,Schweiz,Via Guisan 10,,,1000,,,,,1000,hco
amenarini,Stiftung für wissenschaftliche Forschung am Stadtspital Triemli,Zürich,Schweiz,Birmensdorferstr. 497,,,1000,,,,,1000,hco
amenarini,Stiftung zur Förderung der Medizin im Engadin,Scuol,Schweiz,Via dals Bogns 323,,,15000,,,,,15000,hco
amenarini,Strategiekommission Urologie Arena,Basel,Schweiz,c/o Peter Merian-Str. 80,,,45062,,,,,45062,hco
amenarini,Swiss Flying Physicians Association,Anieres,Schweiz,"c/o Jakob Roffler, Rue de l'Ancien Lavoir 10",,,1000,,,,,1000,hco
amenarini,Swiss society of Oto-Rhino-Laryngology,Basel,Schweiz,Münsterberg 1,,,4700,,,,,4700,hco
amenarini,Universitäres Zentrum für Hausarztmedizin beider Basel,Basel,Schweiz,Rheinstr. 26,,,18800,,,,,18800,hco
amenarini,Universitätsspital Basel,Basel,Schweiz,Petersgraben 4,,,14000,,,4800,,18800,hco
amenarini,UniversitätsSpital Zürich,Zürich,Schweiz,Rämistr. 100,,,2000,,,,,2000,hco
amenarini,UniversitätsSpital Zürich,Zürich,Schweiz,Rämistr. 100,,,16500,,,,,16500,hco
amenarini,VBHK Verein Berner Haus- und Kinderärztinnen,Bern,Schweiz,Effingerstr. 2,,,3250,,,,,3250,hco
amenarini,Verein GUCH Schweiz,Basel,Schweiz,Lange Gasse 78,,8000,,,,,,8000,hco
amenarini,Verein Hausärzte Stadt Zürich,Zürich,Schweiz,,,,5000,,,,,5000,hco
amenarini,Verein Lunge Zürich,Zürich,Schweiz,Pfingstweidstr. 10,,,30520,,,,,30520,hco
amenarini,Verein Quartierärzte Kreis 9,Zürich,Schweiz,Postfach,,1000,,,,,,1000,hco
amenarini,Verein Who is who im Kreis 2,Zürich,Schweiz,Grossackerstr. 98,,,1500,,,,,1500,hco
amenarini,Vereinigung der Zürcher Internisten,Zürich,Schweiz,"c/o Triemli Spital, Birmensdorferstr. 497",,,3800,,,,,3800,hco
amenarini,Zürcher Dermatologen Gesellschaft,Kloten,Schweiz,Marktgasse 3,,,1000,,,,,1000,hco
amenarini,Zürcher Gesundheitsnetz ZGN,Winterthur,Schweiz,"c/o Hawadoc, Garnmarkt 1",,5000,,,,,,5000,hco
amenarini,Zurich Academy of Internal Medicine,Zürich,Schweiz,Rämistr. 100,,,3540,,,,,3540,hco
amenarini,Zurich Heart House,Zürich,Schweiz,Moussonstr. 4,,,6000,,,,,6000,hco
amenarini,Adrian Forster,Winterthur,Schweiz,Brauerstr. 15,,,,,,1000,,1000,hcp
amenarini,Alain Rostan,Carouge GE,Schweiz,Rue Jacques-Grosselin 25,,,,148,310,3250,,3708,hcp
amenarini,Alessandra Bérubé-Casella,Lugano,Schweiz,Via Maggio 13,,,,73,451,,,524,hcp
amenarini,Alexander Martin,Liestal,Schweiz,Rheinstr. 16,,,,,,1000,,1000,hcp
amenarini,Alexander Müller,Zürich,Schweiz,Frauenklinikstr. 10,,,,,,6200,,6200,hcp
amenarini,Alexander Teufel,Kirchberg,Schweiz,Tulpenstr. 1,,,,291,302,,,593,hcp
amenarini,Alexis L. Hyde,Genève,Schweiz,Rue de Contamines 26,,,,,,600,,600,hcp
amenarini,Almut Meier-Weinand,Zürich,Schweiz,Seefeldstr. 66,,,,122,156,,,278,hcp
amenarini,Amédée Lages,Haute-Nendaz,Schweiz,Route de la Télécabine 57,,,,128,103,,,231,hcp
amenarini,Andrea Menafoglio,Bellinzona,Schweiz,Via Ospedale,,,,397,692,,,1089,hcp
amenarini,Andrea Stärkle-Bär,Zürich,Schweiz,Walchestr. 15,,,,,,1000,,1000,hcp
amenarini,Andreas Canziani,Zürich,Schweiz,Mühlegasse 11,,,,183,235,2500,,2918,hcp
amenarini,Andreas Eugen Gerber,Zürich,Schweiz,Witellikerstr. 36,,,,483,1048,,,1531,hcp
amenarini,Andreas Schöpf,Heerbrugg,Schweiz,Gutenbergstr. 2,,,,291,302,,,593,hcp
amenarini,Andreas Uhl,Basel,Schweiz,Wiesendamm 22,,,,131,915,,,1046,hcp
amenarini,Andreas Walter Krebs,Kloten,Schweiz,Kalchengasse 7,,,,299,,4600,,4899,hcp
amenarini,Andrist Maria-Lucia Maschio,Eisau,Schweiz,Obere Schärerstr. 2a,,,,122,156,,,278,hcp
amenarini,Anindita Halim-Djuanda,Altstätten SG,Schweiz,Rorschacherstr. 14a,,,,283,563,,,846,hcp
amenarini,Anna Megert,Basel,Schweiz,Rütimeyerplatz 8,,,,,,1000,,1000,hcp
amenarini,Anne-Laure Bonvin,Sion,Schweiz,Rue des Cèdres 13,,,,128,103,,,231,hcp
amenarini,Annett Härtel,Zollikon,Schweiz,Zollikerstr. 106,,,,425,781,1500,,2706,hcp
amenarini,Astrid Schmidt,Bern,Schweiz,Bremgartenstr. 119,,,,618,888,,,1506,hcp
amenarini,Augusto Bernasconi,Lugano,Schweiz,Via Serafino Balestra 27,,,,247,790,,,1037,hcp
amenarini,Barbara Quadri,Lugano,Schweiz,Piazza Cioccaro 8,,,,397,970,,,1367,hcp
amenarini,Belinda Nazan Walpoth,Bern,Schweiz,Freiburgstr. 18,,,,293,476,,,769,hcp
amenarini,Benedict Martina,Basel,Schweiz,St. Alban-Anlage 50,,,,,,800,,800,hcp
amenarini,Bernard Terrier,Baden,Schweiz,Bäderstr. 16,,,,,,1000,,1000,hcp
amenarini,Bernhard Sorg,Wallisellen,Schweiz,Zentralstr. 6,,,,122,156,,,278,hcp
amenarini,Bletsas Laure Sophie Brulhart,La Chaux-de-Fonds,Schweiz,Rue de Chasseral 20,,,,,,1000,,1000,hcp
amenarini,Bras Russo Dominique Le,Lens,Schweiz,Route de Bouillette 4,,,,128,103,,,231,hcp
amenarini,Carolin Brümmerhoff,St. Gallen,Schweiz,Rorschacher Str. 95,,,,,,1000,,1000,hcp
amenarini,Catherine Leromain,Yverdon-les-Bains,Schweiz,Avenue des Bains 22,,,,,,1000,,1000,hcp
amenarini,Catherine Perren-Pinton,Muraz (Collombey),Schweiz,Rue de la Raffinerie 23,,,,283,466,,,749,hcp
amenarini,Cédric Amstutz,Estavayer-le-Lac,Schweiz,Impasse Jardin du Cerf 1,,,,283,466,,,749,hcp
amenarini,Chakir Farah Ahmanna,Fribourg,Schweiz,Chemin des Pensionnats 2-6,,,,387,1043,,,1430,hcp
amenarini,Charlotte Petel-Leleu,Courtepin,Schweiz,Route du Postillon 5,,,,128,103,,,231,hcp
amenarini,Chicue Gloria Perez,Conthey,Schweiz,Avenue de la Gare 13,,,,128,103,,,231,hcp
amenarini,Christian Däumer,Goldau,Schweiz,Parkstr. 5b,,,,214,118,1000,,1332,hcp
amenarini,Christian Grünwald,Zürich,Schweiz,Forchstr. 138,,,,618,919,1000,,2537,hcp
amenarini,Christian Jedl,Triesenberg,Schweiz,Schlossstr. 7,,,,283,548,,,831,hcp
amenarini,Christian Mischer,Schwyz,Schweiz,Bahnhofstr. 14,,,,214,118,,,332,hcp
amenarini,Christian Rollini,Lausanne,Schweiz,Rue Caroline 3,,,,,,1200,,1200,hcp
amenarini,Christian Tschager,Zuchwil,Schweiz,Hauptstr. 60,,,,,,1800,,1800,hcp
amenarini,Christian Widmer,Salmsach,Schweiz,Krieswinkelstr. 11,,,,283,548,,,831,hcp
amenarini,Christoph Ackermann,Triesen,Schweiz,Landstr. 359,,,,,,1000,,1000,hcp
amenarini,Christoph Schalcher,Greifensee,Schweiz,Tumigerstr. 49,,,,483,1071,,,1554,hcp
amenarini,Christoph Schnyder,Liestal,Schweiz,Gartenstr. 8,,,,214,118,,,332,hcp
amenarini,Christophe Wyss,Zürich,Schweiz,Witellikerstr. 40,,,,133,235,1800,,2168,hcp
amenarini,Claire Becquart-Gautron,Villars-sur-Glâne,Schweiz,Avenue Jean-Paul II5,,,,128,103,,,231,hcp
amenarini,Claude Schwarz,Reinach BL,Schweiz,Im Reinacherhof 53,,,,214,118,,,332,hcp
amenarini,Claudia Pfeiffer Zehnder,Winterthur,Schweiz,Theaterstr. 1,,,,618,1309,,,1927,hcp
amenarini,Coduri Sarah Bernasconi,Mendrisio,Schweiz,Via Praella 15,,,,247,790,,,1037,hcp
amenarini,Corinne Erni,Genève,Schweiz,Rue du 31-Décembre 70,,,,323,748,,,1071,hcp
amenarini,Corinne Mischler,Lausanne,Schweiz,Avenue de Rumine 25,,,,397,865,,,1262,hcp
amenarini,Crochan O'Sullivan,Zürich,Schweiz,Birmensdorferstr. 497,,,,483,1048,,,1531,hcp
amenarini,Dagmar Wildpaner,Zürich,Schweiz,Birmensdorferstr. 497,,,,635,1309,,,1944,hcp
amenarini,Daniel Eberli,Zürich,Schweiz,Frauenklinikstr. 10,,,,,,1000,,1000,hcp
amenarini,Daniel Fritschy,Meyrin,Schweiz,Avenue J.-D.-Maillard 3,,,,148,310,2750,,3208,hcp
amenarini,Daniel Grob,Zürich,Schweiz,Tièchestr. 99,,,,,,500,,500,hcp
amenarini,Daniel Juker,Bern,Schweiz,Monbijoustr. 10,,,,618,1309,,,1927,hcp
amenarini,Daniel Marth,Bern,Schweiz,Zeughausgasse 18,,,,,,1000,,1000,hcp
amenarini,Daniel Portmann,Winterthur,Schweiz,Unterer Graben 35,,,,291,689,,,980,hcp
amenarini,Daniel Reitzer,Zürich,Schweiz,Wengihof Apotheke & Drogerie AG,,,,,,1200,,1200,hcp
amenarini,Daniel Tenthorey,Fully,Schweiz,Rue Maison de Commune 17,,,,283,514,,,797,hcp
amenarini,Daniel Uebelhart,Crans-Montana,Schweiz,Route de la Moubra 87,,,,,,1000,,1000,hcp
amenarini,Daniela Kaergel,Buchs SG,Schweiz,Grünaustr. 1,,,,122,156,,,278,hcp
amenarini,Danielle Josée Marie Aufdereggen,Ayent,Schweiz,Rte de Botyre 12,,,,283,466,,,749,hcp
amenarini,David Cerny,Bern,Schweiz,Freiburgstr. 18,,,,,,1200,,1200,hcp
amenarini,David Hermann Katzenfuss,Oetwil am See,Schweiz,Schulhausstr. 3,,,,291,689,,,980,hcp
amenarini,David Sandell,Collombey,Schweiz,Rue des Dents-du-Midi 34 B,,,,283,456,,,739,hcp
amenarini,David Steinl,Basel,Schweiz,Hebelstr. 20,,,,483,1042,,,1525,hcp
amenarini,Denisa Vrankova Kurth,Zürich,Schweiz,Hofwiesenstr. 3,,,,122,156,,,278,hcp
amenarini,Dettwiler Marie-Catherine Jost,Liestal,Schweiz,Kesselweg 40,,,500,,,,,500,hcp
amenarini,Dieter Frey,Basel,Schweiz,Schafgässlein 6,,,,,,1000,,1000,hcp
amenarini,Dominique Pfammatter,Baden,Schweiz,Rütistr. 2,,,,110,458,,,568,hcp
amenarini,Dominique Schneeberger,FrFribourg,Schweiz,Boulevard Perolles 5,,,,425,772,1500,,2697,hcp
amenarini,Doris Suter-Gut,Luzern,Schweiz,Landschaustr. 2,,,,214,118,,,332,hcp
amenarini,Dung Quach,Lausanne,Schweiz,Chemin de Montelly 48,,,,283,466,,,749,hcp
amenarini,Elianne Stampfli Tomoe,Meyrin,Schweiz,Avenue J.-D.-Maillard 3,,,,472,881,,,1353,hcp
amenarini,Emrush Rexhaj,Bern,Schweiz,Freiburgstr. 18,,,,483,1024,,,1507,hcp
amenarini,Enver Lleshi,Montreux,Schweiz,Avenue des Alpes 51,,,,283,514,,,797,hcp
amenarini,Esther Fichmann,Birmensdorf ZH,Schweiz,Zentrum Wüeri,,,,122,156,,,278,hcp
amenarini,Eugenia Zuliani,Viganello,Schweiz,Via alla Roggia 20,,,,247,790,,,1037,hcp
amenarini,Evelyne Bibbo-Rosset,Villars-sur-Glâne,Schweiz,Avenue Jean-Paul II5,,,,128,103,,,231,hcp
amenarini,Fabian Fehr,Oberegg,Schweiz,Dorfstr. 17,,,,291,689,,,980,hcp
amenarini,Fabio Sartori,Bellinzona,Schweiz,Via Ospedale,,,,397,949,,,1346,hcp
amenarini,Felix Wunderlin,Kaisten,Schweiz,Steig 1,,,,122,156,,,278,hcp
amenarini,Francesco Madonia,Cama,Schweiz,,,,,247,790,,,1037,hcp
amenarini,Franco Muggli,Vezia,Schweiz,Residenza ai Platani B,,,,,,800,,800,hcp
amenarini,François Ricou,Genève,Schweiz,Chemin de Beau-Soleil 12,,,,397,874,,,1271,hcp
amenarini,Françoise Tauxe,Vevey,Schweiz,Rue du Lac 43,,,,,,1000,,1000,hcp
amenarini,Franz Messerli,Bern,Schweiz,Freiburgstr.,,,,,747,,,747,hcp
amenarini,Franz Wicki,Willisau,Schweiz,Zehntenplatz 2,,,,110,647,,,757,hcp
amenarini,Franziska Häfner,Thalwil,Schweiz,Alte Landstr. 130,,,,,,1000,,1000,hcp
amenarini,Fredi Bärtschi,Lupfig,Schweiz,Holzgass 1 a,,,,214,118,,,332,hcp
amenarini,Gabriele Cereghetti,Lamone,Schweiz,Casa Bella,,,,247,790,,,1037,hcp
amenarini,Gabriele Fiori,Locarno,Schweiz,Via Vallemaggia 10,,,,397,934,,,1331,hcp
amenarini,Giancarlo Ambrosini,Bellinzona,Schweiz,Viale Portone 1,,,,,,1000,,1000,hcp
amenarini,Gianfranco Mattarelli,Liestal,Schweiz,Hammerstr. 35,,,,131,915,,,1046,hcp
amenarini,Gil Guttmann,Lausanne,Schweiz,Avenue de la Gare 10,,,,,,1000,,1000,hcp
amenarini,Giorgio Ferrario,Riva S. Vitale,Schweiz,Via Monsignor Sesti 22,,,,247,790,,,1037,hcp
amenarini,Giulio Schiff,Delémont,Schweiz,Rue de Dozière 28,,,,,,1000,,1000,hcp
amenarini,Giuseppe Cocco,Rheinfelden,Schweiz,Marktgasse 1OA,,,,,,600,,600,hcp
amenarini,Giuseppe Ghilardi,Onex,Schweiz,Avenue Bois de la Chapelle 95,,,,128,103,,,231,hcp
amenarini,Gul Pari-Eqballuddin,Bern,Schweiz,Schwanengasse 10,,,,214,118,,,332,hcp
amenarini,Günther Kronberger,Oetwil am See,Schweiz,Langholzstr. 11,,,,291,689,,,980,hcp
amenarini,Hans-Dieter Hüllstrung,Liestal,Schweiz,Weierweg 7,,,,,,1000,,1000,hcp
amenarini,Hans Jürg Huber,Würenlos,Schweiz,Juchstr. 15,,,,122,156,,,278,hcp
amenarini,Hans-Peter Baumli,Glis,Schweiz,Gliserallee 13,,,,618,1309,,,1927,hcp
amenarini,Hansruedi Gugg,Rickenbach b. Wil,Schweiz,Toggenburgerstr. 40,,,,,,1000,,1000,hcp
amenarini,Harald Jung,Schwyz,Schweiz,Oberer Steisteg 18/20,,,,,,1000,,1000,hcp
amenarini,Hartmut Bauer,Boswil,Schweiz,Zentralstr. 27,,,,214,118,,,332,hcp
amenarini,Heino Prillwitz,St. Gallen,Schweiz,Rorschacher Str. 95,,,,,,1000,,1000,hcp
amenarini,Heinz Schläpfer,Biel/Bienne,Schweiz,Blumenrain 94,,,,,,600,,600,hcp
amenarini,Hermann Schmidt,Naters,Schweiz,Bahnhofstr. 20,,,,214,118,,,332,hcp
amenarini,Hubert Andreas John,Winterthur,Schweiz,Postfach 834,,,,131,888,,,1019,hcp
amenarini,Ildiko Schwenk-Davoine,Villars-sur-Glâne,Schweiz,Avenue Jean-Paul II5,,,,128,103,,,231,hcp
amenarini,Ingrid Bidlingmeyer,Neuchâtel,Schweiz,Rue Pury 4,,,,283,466,,,749,hcp
amenarini,Ingrid Lustenberger,Apples,Schweiz,Rue d'En-Haut 44,,,,283,530,,,813,hcp
amenarini,Iris Barbara Grünwald,Zürich,Schweiz,Forchstr. 138,,,,618,919,,,1537,hcp
amenarini,Isabella Sudano,Zürich,Schweiz,Rämistr. 100,,,,,,2400,,2400,hcp
amenarini,Ivano Ceschin,Morges,Schweiz,Place Dufour 3,,,,,,1000,,1000,hcp
amenarini,Ivo Büchler,St. Gallen,Schweiz,Rorschacherstr. 150,,,,,,1000,,1000,hcp
amenarini,Jacques Mansuy,Delémont,Schweiz,Faubourg des Capucins 30,,,,208,462,,,670,hcp
amenarini,Jacques Stalder,Yverdon-les-Bains,Schweiz,Rue des Remparts 9,,,,323,462,,,785,hcp
amenarini,Jaquier Elisabeth Lecourt,Apples,Schweiz,Rue d'En-Haut 44,,,,283,481,,,764,hcp
amenarini,Jean Bérubé,Lugano,Schweiz,Via Maggio 13,,,,397,961,,,1358,hcp
amenarini,Jean Dudler,Fribourg,Schweiz,Chemin des Pensionnats 2-6,,,,,,4800,,4800,hcp
amenarini,Jean-Jacques Grimm,Delémont,Schweiz,Rue du Temple 45,,,2000,,,,,2000,hcp
amenarini,Jean-Jacques Volken,Sierre,Schweiz,Place Beaulieu 10,,,,,,1000,,1000,hcp
amenarini,Jean-Marc Waldburger,Confignon,Schweiz,Route de Loex 99,,,,,,1000,,1000,hcp
amenarini,Jean-Michel Chevey,Payerne,Schweiz,Case postale 118,,,,283,466,,,749,hcp
amenarini,Jean-Yves Delaite,Nyon,Schweiz,Avenue Viollier 8,,,,483,1018,,,1501,hcp
amenarini,Jeanne-Lise Bosson,Romont FR,Schweiz,Route du Poyet 5,,,,283,530,,,813,hcp
amenarini,Jochen Vees,Düdingen,Schweiz,Haupstr. 44,,,,214,118,,,332,hcp
amenarini,John Perren,Muraz (Collombey),Schweiz,Rue de la Raffinerie 23,,,,283,320,,,603,hcp
amenarini,Jon Carnes,Bern,Schweiz,Effingerstr. 16,,,,618,1309,,,1927,hcp
amenarini,Josef Beatrice,Zürich,Schweiz,Tièchestr. 99,,,,131,915,,,1046,hcp
amenarini,Julia Martha Collecutt-Dietsche,Schlieren,Schweiz,Uitikonerstr. 2,,,,122,156,,,278,hcp
amenarini,Jürg Jakob Weber,Biel/Bienne,Schweiz,Murtenstr. 14,,,,,,500,,500,hcp
amenarini,Jürg Müller,St. Gallen,Schweiz,Brauerstr. 95a,,,,237,915,,,1152,hcp
amenarini,Jürg Werner Sturzenegger,Kreuzlingen,Schweiz,Hauptstr. 38/40,,,,,,1000,,1000,hcp
amenarini,Kamelija Gropp,Bottighofen,Schweiz,Oberer Garten 1,,,,122,156,,,278,hcp
amenarini,Keller Vanessa Latini,Aire,Schweiz,Route d'Aire 140,,,,128,103,,,231,hcp
amenarini,Johannes Von Kempis,St. Gallen,Schweiz,Rorschacher Str. 95,,,,425,557,7900,,8882,hcp
amenarini,Ketterer Marlis Arnold,La Chaux-de-Fonds,Schweiz,Avenue Léopold-Robert 11 a,,,,128,103,,,231,hcp
amenarini,Kiril Tzvetanov,Sierre,Schweiz,Avenue du Général Guisan 12,,,,483,854,,,1337,hcp
amenarini,Knut Berger,Thalwil,Schweiz,Bahnhofstr. 12,,,,122,156,,,278,hcp
amenarini,Kurt Mayer,Chur,Schweiz,Loestr. 170,,,,483,1048,,,1531,hcp
amenarini,Kuswara Halim,Altstätten SG,Schweiz,Rorschacherstr. 14a,,,,283,417,,,700,hcp
amenarini,Kyra Däumer,Goldau,Schweiz,Parkstr. 5b,,,,214,118,1000,,1332,hcp
amenarini,Laure Desponds,Epalinges,Schweiz,Place de la Croix-Blanche 7,,,,128,103,,,231,hcp
amenarini,Laurent Cougn,Montreux,Schweiz,Avenue du Casino 36,,,,128,103,,,231,hcp
amenarini,Leonardo Zanchin,Langenthal,Schweiz,St. Urbanstr. 67,,,,293,615,,,908,hcp
amenarini,Letizia Conti,Thônex,Schweiz,Rue de Genève 136,,,,397,874,,,1271,hcp
amenarini,Lienhard Hämmerle,Elsau,Schweiz,Untere Egg 1,,,,122,156,,,278,hcp
amenarini,Liès Baba-Ali,Charmey (Gruyère),Schweiz,Riau-de-la Maula 15,,,,128,103,,,231,hcp
amenarini,Lilo Elisabeth Muff,Affoltern am Albis,Schweiz,Bahnhofplatz 11,,,,618,483,,,1101,hcp
amenarini,Lorenzo Bosia,Locarno,Schweiz,Via Castelrotto 18b,,,,,,1000,,1000,hcp
amenarini,Lucas Jörg,St. Gallen,Schweiz,Rorschacher Str. 95,,,,483,1154,,,1637,hcp
amenarini,Ludwig Perger,Zürich,Schweiz,Rämistr. 100,,,,321,1134,,,1455,hcp
amenarini,Lukas Erni,Sursee,Schweiz,Centralstr. 14a,,,,293,575,,,868,hcp
amenarini,Lukas Urs Zimmerli,Olten,Schweiz,Baslerstr. 150,,,,342,495,,,837,hcp
amenarini,Lyana Sorgesa-Petrini,Lugano,Schweiz,Via Serafino Balestra 27,,,,247,790,,,1037,hcp
amenarini,Marc Daniel Erismann,St. Gallen,Schweiz,Rorschacherstr. 150,,,,,,1000,,1000,hcp
amenarini,Marc Röst,Romanshorn,Schweiz,Feldeggstr. 16,,,,291,302,,,593,hcp
amenarini,Marc Vedana,Delémont,Schweiz,Faubourg des Capucins 30,,,,406,895,,,1301,hcp
amenarini,Marc Wisard,Lausanne,Schweiz,Rue de la Vigie 5,,,,406,1004,3200,,4610,hcp
amenarini,Marc-André Schürch,Lausanne,Schweiz,Avenue de la Gare 10,,,,,,1000,,1000,hcp
amenarini,Marcel Anrig,Balgach,Schweiz,Hauptstr. 47,,,,291,302,,,593,hcp
amenarini,Marco Facchini,Locarno,Schweiz,Piazza Stazione 9,,,,397,691,,,1088,hcp
amenarini,Marco Randazzo,Winterthur,Schweiz,Brauerstr. 15,,,,237,915,,,1152,hcp
amenarini,Marco Salvi,Neuchâtel,Schweiz,Rue du Musée 9,,,,618,1229,,,1847,hcp
amenarini,Marco Waser,Luzern,Schweiz,Obergrundstr. 88,,,,293,575,,,868,hcp
amenarini,Maria Petrus,Zürich,Schweiz,Höschgasse 50,,,,122,156,,,278,hcp
amenarini,Maria Ratzenböck,Chur,Schweiz,Gürtelstr. 46,,,,561,1309,,,1870,hcp
amenarini,Marianne Terrettaz,Martigny,Schweiz,Avenue de la Gare 17,,,,283,466,,,749,hcp
amenarini,Marianne Zimmerli Voegtli,Thun,Schweiz,Krankenhausstr. 12,,,,293,634,,,927,hcp
amenarini,Marie Couret,Epalinges,Schweiz,Route De La Corniche 1,,,,,,1000,,1000,hcp
amenarini,Marie-Claire Marion-Waehlti,Genève,Schweiz,Rue de Saint-Jean 26A,,,,128,103,,,231,hcp
amenarini,Marie-Pierre Barbanneau,Nyon,Schweiz,Rue de la Combe 21,,,,,,300,,300,hcp
amenarini,Mario Cavallini,Lugano,Schweiz,Piazza Molino Nuovo 8,,,,247,790,,,1037,hcp
amenarini,Mario Shlomo Kuntze,Jegenstorf,Schweiz,Bernstr. 12,,,,237,915,,,1152,hcp
amenarini,Mark Schärer,Winterthur,Schweiz,Unterer Graben 35,,,,291,689,,,980,hcp
amenarini,Markus Frey,Wallisellen,Schweiz,Bahnhofstr. 16,,,,122,156,,,278,hcp
amenarini,Markus Schmid,Uettligen,Schweiz,Ahornweg 5,,,,,,1200,,1200,hcp
amenarini,Markus Senn,Zürich,Schweiz,Schulstr. 37,,,,,,1000,,1000,hcp
amenarini,Martin Claudio Gimbel,Küssnacht am Rigi,Schweiz,Grepperstr. 53,,,,214,118,,,332,hcp
amenarini,Martin Kistler,Leissigen,Schweiz,Dorfstr. 20,,,,,,1200,,1200,hcp
amenarini,Martin Oehri,Frauenfeld,Schweiz,Rheinstr. 23,,,,,,1000,,1000,hcp
amenarini,Martin Schneller,Sierre,Schweiz,Case postale 907,,,,283,466,,,749,hcp
amenarini,Mathieu Assal,Genève,Schweiz,Avenue de Beau-Séjour 6,,,,148,310,2500,,2958,hcp
amenarini,Matteo Prencipe,Osogna,Schweiz,,,,,247,790,,,1037,hcp
amenarini,Mehran Faeli,Lugano,Schweiz,Via Alessandro Volta 1,,,,247,790,,,1037,hcp
amenarini,Micha Maeder,St. Gallen,Schweiz,Rorschacher Str. 95,,,,425,832,1500,,2757,hcp
amenarini,Michael Abay,Zürich,Schweiz,Bahnhofstr. 56,,,,,,600,,600,hcp
amenarini,Michael Hechelhammer,Kirchberg SG,Schweiz,Tulpenstr. 1A,,,,291,302,,,593,hcp
amenarini,Michael Schorn-Meyer,Bern,Schweiz,Rathausgasse 41,,,,321,177,3000,,3498,hcp
amenarini,Michael Zwahlen,Rapperswil SG,Schweiz,Webergasse 2,,,,122,156,,,278,hcp
amenarini,Michel Bidlingmeyer,Neuchâtel,Schweiz,Rue Pury 4,,,,283,320,,,603,hcp
amenarini,Michel Hunkeler,Fontaines NE,Schweiz,Route de Landeyeux,,,,323,728,,,1051,hcp
amenarini,Mirko Molina,Bedano,Schweiz,Via Cantonale 37,,,,,,400,,400,hcp
amenarini,Mohammed Khalil,Thalwil,Schweiz,Florastr. 13,,,,283,548,,,831,hcp
amenarini,Monya Bondio,Lugano,Schweiz,Via Maggio 13,,,,440,970,,,1410,hcp
amenarini,Mounir Ziadé,Clarens,Schweiz,Rue du Lac 142,,,,618,1065,,,1683,hcp
amenarini,Murielle Ottiger Gerber,Courtepin,Schweiz,Route du Postillon 5,,,,128,103,,,231,hcp
amenarini,Mustapha Labacci,Le Locle,Schweiz,Rue des Billodes 27,,,,483,1053,,,1536,hcp
amenarini,Natalie Marcoli,Viganello,Schweiz,Viale Pietro Capelli 1,,,,,,1000,,1000,hcp
amenarini,Nazim Reshiti,St. Gallen,Schweiz,Rorschacher Str. 95,,,,,,1000,,1000,hcp
amenarini,Nicola Keller,Morbio Inferiore,Schweiz,Via al Ponte 2,,,,,,2400,,2400,hcp
amenarini,Nicole Rothen,Le Locle,Schweiz,Rue Bournot 33,,,,128,103,,,231,hcp
amenarini,Niklaus Brändli,Winterthur,Schweiz,Postfach 33,,,,291,398,,,689,hcp
amenarini,Olaf Bostelmann,Savièse,Schweiz,Case postale 88,,,,283,466,,,749,hcp
amenarini,Olga Weber,Le Grand-Saconnex,Schweiz,Chemin Taverney 3,,,,283,530,,,813,hcp
amenarini,Oliver Mohr,Basel,Schweiz,Pilatusstr. 45,,,,214,118,,,332,hcp
amenarini,Otto Scherrer,Egg,Schweiz,Forchstr. 143,,,,291,689,,,980,hcp
amenarini,Paolo Broggini,Sorengo,Schweiz,Via Sant'Anna 7,,,,,,500,,500,hcp
amenarini,Pascal Mayer,Schiers,Schweiz,Tersierstr. 7,,,,291,302,,,593,hcp
amenarini,Pascale Beaufour,Le Lignon,Schweiz,Place du Lignon 2,,,,128,103,,,231,hcp
amenarini,Patric Kurmann,Neuchâtel,Schweiz,Rue de Seyon 10,,,,,,1000,,1000,hcp
amenarini,Patricia Sandell-Delaloye,Collombey,Schweiz,Rue des Dents-du-Midi 34 B,,,,283,310,,,593,hcp
amenarini,Patrick Gepner,Renens VD,Schweiz,Avenue du Censuy 14,,,,618,1288,,,1906,hcp
amenarini,Patrick Michael Stucki,Luzern,Schweiz,Spitalstr. / Postfach,,,,131,915,,,1046,hcp
amenarini,Patrick Rein,Heerbrugg,Schweiz,Aechelistr. 4,,,,,,2100,,2100,hcp
amenarini,Patrick Schopfer,Genève,Schweiz,Rue Maurice-Braillard 8,,,,483,996,,,1479,hcp
amenarini,Patrick Sussmann,Zürich,Schweiz,Beethovenstr. 3,,,,183,235,1500,,1918,hcp
amenarini,Peter A. Sieber-Heini,Rorschach,Schweiz,Signalstr. 12,,,,122,156,,,278,hcp
amenarini,Peter Borer,Stein AG,Schweiz,Zürcherstr. 52,,,,214,118,,,332,hcp
amenarini,Peter Eglin-Gnos,Meierskappel,Schweiz,Brünismatt 2,,,,110,647,,,757,hcp
amenarini,Peter Kremer,Zürich,Schweiz,Bellariastr. 38,,,,618,1193,1000,,2811,hcp
amenarini,Philip Hebel,Burgdorf,Schweiz,Bahnhofstr. 8,,,,214,118,,,332,hcp
amenarini,Philippe Beissner,Zollikerberg,Schweiz,Rietholzstr. 4,,,,183,235,1500,,1918,hcp
amenarini,Philippe Grisel,Monthey,Schweiz,Avenue de la Gare 24,,,,483,993,,,1476,hcp
amenarini,Philippe Paul Steiner,Oberuzwil,Schweiz,Wilerstr. 3,,,,122,156,,,278,hcp
amenarini,Philippe Staubli,Delémont,Schweiz,Rue des Lilas 18,,,,,,1000,,1000,hcp
amenarini,Piero Pancaldi,Muralto,Schweiz,Piazza Stazione 3,,,,,,1000,,1000,hcp
amenarini,Ralf Polikar,Nyon,Schweiz,Chemin Monastier 10,,,,425,772,1500,,2697,hcp
amenarini,Ralf Rössler,Oberägeri,Schweiz,Im Eichli 16,,,,,,1087,28.7,1115.7,hcp
amenarini,René Schmidlin,Obfelden,Schweiz,Raihaltenstr. 25,,,,122,156,,,278,hcp
amenarini,Reto Widrig,St. Gallen,Schweiz,Spisergasse 26,,,,,,1000,,1000,hcp
amenarini,Richard Walter,Dietikon,Schweiz,Bahnhofstr. 5,,,,291,302,,,593,hcp
amenarini,Richard Wiederkehr,Glattbrugg,Schweiz,Schaffhauserstr. 83,,,,122,156,,,278,hcp
amenarini,Roberto Corvaglia,Le Grand-Saconnex,Schweiz,Chemin Taverney 3,,,,283,530,,,813,hcp
amenarini,Rodriguez Deshire Alpizar,Genève,Schweiz,Beau-Séjour 26,,,,674,1288,,,1962,hcp
amenarini,Roedel Danièle Hopkirk,Wetzikon ZH,Schweiz,Bodenstr. 9,,,,291,689,,,980,hcp
amenarini,Roger Berdou,Bern,Schweiz,Kasthoferstr. 48,,,,237,645,,,882,hcp
amenarini,Roger Weber,St-Imier,Schweiz,Les Fontenayes 17,,,,397,801,,,1198,hcp
amenarini,Rolf Bicher,Basel,Schweiz,Rümmingerstr. 17,,,,283,548,,,831,hcp
amenarini,Rolf Meier,Zug,Schweiz,Bundesstr. 1,,,,293,575,,,868,hcp
amenarini,Roman Brenner,St. Gallen,Schweiz,Rorschacher Str. 95,,,,,,800,,800,hcp
amenarini,Rosmarie Jungbluth,Zürich,Schweiz,Bullingerstr. 49,,,,122,156,,,278,hcp
amenarini,Rotz Marc Von,Founex,Schweiz,Chemin des Repingonnes 2,,,,128,103,,,231,hcp
amenarini,Rüdiger Müller,St. Gallen,Schweiz,Rorschacher Str. 95,,,,,,1000,,1000,hcp
amenarini,Rudolf Louma,Bern,Schweiz,Südbahnhofstr. 2,,,,,,1200,,1200,hcp
amenarini,Rudolf Niehus,Uster,Schweiz,Ackerstr. 4,,,,122,156,,,278,hcp
amenarini,Sabah Beggah-Alioua,Lausanne,Schweiz,Avenue d'Echallens 63,,,,128,103,,,231,hcp
amenarini,Saez Astrid Friedli,Lausanne,Schweiz,Avenue d'Echallens 63,,,,128,103,,,231,hcp
amenarini,Max von Salis,Stäfa,Schweiz,Bahnhofstr. 26,,,,122,156,,,278,hcp
amenarini,Salvatore Tricarico,Flawil,Schweiz,Bahnhofstr. 17,,,,,,400,,400,hcp
amenarini,Sao-Nam Tran,Genève,Schweiz,Route De Frontenex 90,,,,406,1004,,,1410,hcp
amenarini,Se-ll Yoon,Sursee,Schweiz,Centralstr. 35,,,,,,800,,800,hcp
amenarini,Sharmistha Guggenbühl-Roy,Zürich,Schweiz,Mainaustr. 42,,,,237,888,,,1125,hcp
amenarini,Sophie Bonvallat,Le Lignon,Schweiz,Place du Lignon 2,,,,128,103,,,231,hcp
amenarini,Stefan Bützberger,Schinznach Bad,Schweiz,Badstr. 55,,,,,,1000,,1000,hcp
amenarini,Stefan Persili,Chur,Schweiz,Gäuggelistr. 37,,,,618,1359,,,1977,hcp
amenarini,Stefano Rimoldi,Bern,Schweiz,Freiburgstr. 18,,,,,,1600,,1600,hcp
amenarini,Stephan Fleig,Kreuzlingen,Schweiz,Schützenstr. 1,,,,283,548,,,831,hcp
amenarini,Stephan Locher,Zürich,Schweiz,Winterthurerstr. 633a,,,,122,156,,,278,hcp
amenarini,Stephan Meyer,Zürich,Schweiz,Badenerstr. 681,,,,122,156,,,278,hcp
amenarini,Stéphane Chevallier,Yverdon-les-Bains,Schweiz,Rue de Neuchâtel 16,,,,483,1015,,,1498,hcp
amenarini,Stéphanie Perruchoud,Sierre,Schweiz,Avenue du Geneal Guisan 19,,,,,,600,,600,hcp
amenarini,Susanne Huber-Reuter,Kreuzlingen,Schweiz,Bernrainstr. 17,,,,131,915,,,1046,hcp
amenarini,Sven Körber,Schwyz,Schweiz,Bahnhofstr. 14,,,,214,118,,,332,hcp
amenarini,Svetlana Dougoud,Chur,Schweiz,Loestr. 170,,,,483,1170,,,1653,hcp
amenarini,Sylvio Emile Djitik,Bex,Schweiz,Chemin de Perruet 2,,,,283,514,,,797,hcp
amenarini,Tamas Fél,Zürich,Schweiz,Frauenklinikstr. 10,,,,,,850,,850,hcp
amenarini,Thomas Alfred Gropp,Bottighofen,Schweiz,Oberer Garten 1,,,,122,156,,,278,hcp
amenarini,Thomas Daikeler,Basel,Schweiz,Petersgraben 4,,,,342,616,,,958,hcp
amenarini,Thomas Felkel,Schaan,Schweiz,Wiesengass 2,,,,,,400,,400,hcp
amenarini,Thomas Froesch,Luzern,Schweiz,St. Annastr. 32,,,,,,1000,,1000,hcp
amenarini,Thomas Fulconis,Neuchâtel,Schweiz,Faubourg de l'Hôpital 65,,,,128,103,,,231,hcp
amenarini,Thomas Langenegger,Baar,Schweiz,Landhausstr. 11,,,,,,1800,,1800,hcp
amenarini,Thomas Lüscher,Zürich,Schweiz,Rämistr. 100,,,,,1987,,,1987,hcp
amenarini,Thomas Mosimann,Wetzikon ZH,Schweiz,Oberdorfstr. 31,,,,122,156,,,278,hcp
amenarini,Thomas Stoll,Schaffhausen,Schweiz,Geissbergstr. 81,,,,,,2400,,2400,hcp
amenarini,Thomas Stüssi,Brugg AG,Schweiz,Fröhlichstr. 55,,,,283,548,,,831,hcp
amenarini,Tushar Chatterjee,Luzern,Schweiz,St. Annastr. 32,,,6000,,,,,6000,hcp
amenarini,Ulrich Meister,Schwerzenbach,Schweiz,Zielackerstr. 11,,,,122,156,,,278,hcp
amenarini,Urs Beat Gröflin,Binningen,Schweiz,Hauptstr. 3,,,,214,118,,,332,hcp
amenarini,Urs Grossenbacher,Zürich,Schweiz,Limmattalstr. 167,,,,618,1309,,,1927,hcp
amenarini,Urs Hörler,Buchrain,Schweiz,Hauptstr. 18,,,,110,647,,,757,hcp
amenarini,Urs Peter,Wetzikon ZH,Schweiz,Weststr. 70,,,,,,1000,,1000,hcp
amenarini,Urs Roth,Tägerwilen,Schweiz,Poststr. 20,,,,122,156,,,278,hcp
amenarini,Ursula Meierhofer,Zürich,Schweiz,Altstetterstr. 142,,,,,,1000,,1000,hcp
amenarini,Valérie Gaist,Sion,Schweiz,Pré-Fleuri 2C,,,,128,103,,,231,hcp
amenarini,Valerio Camponovo,Chiasso,Schweiz,Corso San Gottardo 8,,,,247,790,,,1037,hcp
amenarini,Vilma Stalder-Navarro,Glattfelden,Schweiz,Am alten Weinberg 4,,,,122,156,,,278,hcp
amenarini,Vincent Bürki,Genève,Schweiz,Av. Roseraie 76b,,,,323,513,,,836,hcp
amenarini,Viviane Trollhagen,Dübendorf,Schweiz,Ueberlandstr. 212,,,,214,118,,,332,hcp
amenarini,Wolf Vorster,Basel,Schweiz,Henric Petri-Str. 9,,,,214,118,,,332,hcp
amenarini,Xenia Pfammatter,Baden,Schweiz,Rütistr. 2,,,,110,647,,,757,hcp
amenarini,Yassine Zarkik,Martigny,Schweiz,Avenue De La Fusion 27,,,,406,813,,,1219,hcp
amenarini,Yves Allemann,Bulle,Schweiz,Chemin de Pré-Vert 42,,,,,,800,,800,hcp
amenarini,Yves Chollet,Meyrin,Schweiz,Avenue J.-D.-Maillard 9,,,,406,848,,,1254,hcp
