company,name,location,country,address,uci,donations_grants,sponsorship,registration_fees,travel_accommodation,fees,related_expenses,total,type
amgen,AarReha Schinznach,Schinznach Bad,Schweiz,Badstr. 55,,,500,,,,,500,hco
amgen,Ag La Arbeitsgruppe Lipide Und Atherosklerose,Steinhausen,Schweiz,Sennweidstr. 46,,,71600,,,,,71600,hco
amgen,Ärzteverein Werdenberg/Sargans,Flums,Schweiz,Eichenstr. 5,,,3700,,,,,3700,hco
amgen,Association Cercle De La Cote,Nyon,Schweiz,Chemin Ducanal 15,,,1500,,,,,1500,hco
amgen,Blutspende SRK Schweiz AG,Basel,Schweiz,Hebelstr. 10,,3000,,,,,,3000,hco
amgen,Breast Cancer Study Group,Bern,Schweiz,Effingerstr. 40,,5422.15,,,,,,5422.15,hco
amgen,Cabinet Medical Degroupe,Lausanne,Schweiz,Avenue Du Servan10,,,,,,1300,,1300,hco
amgen,Cardiomed,Courrendlin,Schweiz,Route De Châtillon 10,,,,803.38,4846,,,5649.38,hco
amgen,Centres Interdisciplinai Res Chuv,Lausanne,Schweiz,Rue du Bugnon 21,,,18203.7,269.1,521.05,2650,,21643.85,hco
amgen,CHUV,Lausanne,Schweiz,Rue du Bugnon 21,,,8500,3808.84,4271.16,10075,80.8,26735.8,hco
amgen,Circolo Medico del Bellinzonese,Abredo,Schweiz,Via Orbello 22,,,1500,,,,,1500,hco
amgen,Clinique de Carouge SA,Carouge GE,Schweiz,Avenue Cardinal-Mermillod 1,,,1500,,,,,1500,hco
amgen,Clinique le Noirmont,Le Noirmont,Schweiz,Chemin de Roc-Montès 20,,,2000,,,,,2000,hco
amgen,Core Medical Lab Qualim Särl,Carouge GE,Schweiz,Avenue Du Cardinalmermillod 36,,,2100,,,,,2100,hco
amgen,Diagene Gmbh,Reinach BL,Schweiz,Kägenstr. 17,,,,,,2250,,2250,hco
amgen,Dialysezentrum Zürich West,Urdorf,Schweiz,Bahnhofstr. 104,,,2500,,,,,2500,hco
amgen,Die HerzGefässStiftung,Zürich,Schweiz,Seestr. 220,,,45000,,,,,45000,hco
amgen,Direction Generale Hug,Genève,Schweiz,Ruegabrielle Perret-Gentil 4,,,3240,,,,,3240,hco
amgen,EADO,Glattbrugg,Schweiz,Flughofstr. 54,,,43255.12,,,,,43255.12,hco
amgen,Ecancer Medicalscience,Zürich,Schweiz,"Bleicherweg 45, C/O Lienhard Ag",,,116394.01,,,,,116394.01,hco
amgen,Ente Ospedaliero Cantonale(EOC),Bellinzona,Schweiz,Viale Officina 3,,6000,7100,,,4570,79,17749,hco
amgen,ESMO European Society for Medical Oncology,Viganello,Schweiz,Via Luigi Taddei 4,,,2109.65,,,,,2109.65,hco
amgen,Eswiss Medical,St. Gallen,Schweiz,Brauerstr. 97,,,2500,,,,,2500,hco
amgen,ETOP,Bern,Schweiz,Effingerstr. 40,,11046.41,16266.44,,1083.46,2000,,30396.31,hco
amgen,EULAR - Europäische Rheumaliga,Kilchberg ZH,Schweiz,Seestr. 240,,,10000,,,,,10000,hco
amgen,European Stroke Organisation,Basel,Schweiz,Peter Merian Str. 80,,,66048.01,,,,,66048.01,hco
amgen,Fondation Fribourgeoise Pour La,Bourguillon,Schweiz,Rue Max von Sachsen 4,,10000,,,,,,10000,hco
amgen,Fondation GECOR,Genève,Schweiz,Rue Micheli-du-Crest 24,,,,,1210.42,2440,,3650.42,hco
amgen,Fondation Pour Le Developpement De La Medecine Interne En Europe,Genève,Schweiz,Rue Du Rhône 100,,,31482.27,,,,,31482.27,hco
amgen,Fondazione Cardiocentro Ticino,Lugano,Schweiz,Via Tesserete 48,,,1300,,,,,1300,hco
amgen,Fondazione Di Ricerca Psicooncologica,Lugano,Schweiz,Via Fogazzaro 3,,4000,,,,,,4000,hco
amgen,Fondazione Per La Soliderietä Della Clinica Luganese,Lugano,Schweiz,Via Soldini Clinica Luganese,,,1600,,,,,1600,hco
amgen,Förderverein Schweizer Kinderkrebsreg Ister,Bern,Schweiz,Finkenhubelweg 11,,3000,,,,,,3000,hco
amgen,Forum f. medizinische Fortbildung,Zug,Schweiz,Ahornstr. 2,,,166190,,,,,166190,hco
amgen,Fragility Fracture Network,Zürich,Schweiz,"C/O Mci Schweiz Ag, Schaffhauserstr. 550",,,34333.56,,,,,34333.56,hco
amgen,Frauenklinik,Basel,Schweiz,Spitalstr. 21,,,2000,,,,,2000,hco
amgen,Gastrointestin Ales Tumorzentrum,Zürich,Schweiz,Seestr. 259,,,,,101.25,630,,731.25,hco
amgen,Groupe Medical D'Onexsa,Onex,Schweiz,Route de Loëx 3,,,5000,,,,,5000,hco
amgen,Gsasa,Bern,Schweiz,,,5000,,,,,,5000,hco
amgen,Haematology Nurses & Healthcare Professionals Group HNHCP,Winterthur,Schweiz,Postfach 98,,,7500,,,,,7500,hco
amgen,Herzklinik Hirslanden,Zürich,Schweiz,Witellikerstr. 40,,,,,,3000,,3000,hco
amgen,Herzzentrum Hirslanden,Luzern,Schweiz,St. Annastr. 32,,,,555.8,5307.94,,,5863.74,hco
amgen,HFR Fribourg-Hôpital Cantonal,Fribourg,Schweiz,Chemin des Pensionnats 2,,,6252.6,455.95,1798.61,1880,,10387.16,hco
amgen,Hirslanden Klinik St. Anna,Luzern,Schweiz,St. Annastr. 32,,,925.93,,431.44,,,1357.37,hco
amgen,Hochgebirgsklinik Davos,Davos Wolfgang,Schweiz,Herman Burchardstr. 1,,,2000,,,,,2000,hco
amgen,Hôpitalde La Providence,Neuchâtel,Schweiz,Faubourg De L'Hôpital81,,,,255.95,630.37,,,886.32,hco
amgen,Hôpital de Nyon / GHOL,Nyon,Schweiz,Chemin Monastier 10,,,2500,,,,,2500,hco
amgen,Hôpital du Jura,Porrentruy,Schweiz,Chemin De L'Hôpital9,,,4500,,,,,4500,hco
amgen,Hôpital du Valais,Sion,Schweiz,Avenue Grand-Champsec 80,,,6496,,,,,6496,hco
amgen,Hôpitalla Tour Reseau Desoins,Meyrin,Schweiz,Avenue Jean-Daniel Maillard 3,,,,,477.58,,,477.58,hco
amgen,Hôpital Neuchâtelois Pourtales,Neuchâtel,Schweiz,Rue de la Maladière 45,,,,135,600.24,,,735.24,hco
amgen,Hôpital Riviera Chablais VD-VS,Vevey,Schweiz,Boulevard Paderewski 3,,,,731.2,348.1,,,1079.3,hco
amgen,Hôpital Yverdon-les-Bains,Yverdon-les-Bains,Schweiz,Rue D'Entremonts 11,,,,365.6,208.85,,,574.45,hco
amgen,Hôpitaux Universitaires Genève,Genève,Schweiz,Ruegabrielle Perret-Gentil 4,,,93500,6899.23,27658.06,5050,186,133293.29,hco
amgen,Hypertension Research Foundation,St-Légier,Schweiz,Derrey le Motty 8,,,20000,,,,,20000,hco
amgen,Inselspital,Bern,Schweiz,Freiburgstr. 18,,1000,31000,482.28,5189.51,13385,,51056.79,hco
amgen,Institut Central Des Hôpitaux,Sion,Schweiz,Avenue Grand-Champsec 86,,,,365.6,235.6,,,601.2,hco
amgen,Int. Osteoporosis Foundation,Nyon,Schweiz,Rue Juste-Olivier 9,,,441673.41,,,,,441673.41,hco
amgen,International Alliance For Biological Standardization,Genève-Carouge,Schweiz,Route des Jeunes 9,,,9678.1,,,,,9678.1,hco
amgen,Iscm - International Society Onclinical Metagenomics,Chêne-Bourg,Schweiz,Rue De Geneve 18,,,3000,,,,,3000,hco
amgen,Istituto Cantonale Di Patologia,Locarno,Schweiz,Via in Selva 24,,567,,,,1320,124,2011,hco
amgen,Kantonsspital Aarau AG,Aarau,Schweiz,Tellstr. 25,,,3200,4067.5,17603.09,2000,,26870.59,hco
amgen,Kantonsspital Baden AG,Baden,Schweiz,Im Ergel1,,,1000,1661,3737.13,,,6398.13,hco
amgen,Kantonsspital Baselland,Liestal,Schweiz,Rheinstr. 26,,,,499.74,543.12,,,1042.86,hco
amgen,Kantonsspital Bruderholz,Bruderholz,Schweiz,Batteriestr.,,,,,,2570,35,2605,hco
amgen,Kantonsspital Frauenfeld,Frauenfeld,Schweiz,Pfaffenholzstr. 4,,,,1184.31,7145.76,,,8330.07,hco
amgen,Kantonsspital Graubünden,Chur,Schweiz,Loestrasse170,,,5000,987,3623.33,2205,,11815.33,hco
amgen,Kantonsspital Münsterlingen,Münsterlingen,Schweiz,Spitalcampus 1,,,,347.28,3786.86,2600,,6734.14,hco
amgen,Kantonsspital St. Gallen,St. Gallen,Schweiz,Rorschacherst Rasse 95,,3711.07,44542.77,1597.61,9877.72,450,,60179.17,hco
amgen,Kantonsspital Uri,Altdorf UR,Schweiz,Spitalstr. 1,,,,420.72,1459.62,,,1880.34,hco
amgen,Kantonsspital Winterthur,Winterthur,Schweiz,Brauerstr. 15,,,6040,,,1000,,7040,hco
amgen,Klinik Hirslanden,Zürich,Schweiz,Witellikerstr. 40,,,,1031.65,6346.67,,,7378.32,hco
amgen,Kollegium für Hausarztmedizin,Fribourg,Schweiz,Rue De L'Hôpital15,,,7920,,,,,7920,hco
amgen,Lindenhofspital,Bern,Schweiz,Bremgartenstr. 117,,,,819.84,1493.04,,,2312.88,hco
amgen,Luzerner Kantonsspital,Luzern,Schweiz,Spitalstr. 31,,1500,8400,4428.53,12446.84,3560,26.8,30362.17,hco
amgen,Luzerner Kantonsspital Sursee,Sursee,Schweiz,Spitalstr. 16a,,,,249.87,405.58,,,655.45,hco
amgen,MediService AG,Zuchwil,Schweiz,Ausserfeldweg 1,,,,,,15400,,15400,hco
amgen,Onkologie Schaffhausen,Schaffhausen,Schweiz,Rheinstr. 17,,,2000,,,,,2000,hco
amgen,Onkologiepflege Schweiz,Kleinandelfingen,Schweiz,Hirstigstr. 13,,,16500,,,,,16500,hco
amgen,Onkozentrum,Zürich,Schweiz,Seestr. 259,,,,135,67.5,,,202.5,hco
amgen,Onkozentrum Hirslanden,Zürich,Schweiz,Witellikerstr. 40,,,,384.87,475.39,5450,,6310.26,hco
amgen,Osteoporoserat Schweiz,Adliswil,Schweiz,Webereistr. 68,,,49000,,,,,49000,hco
amgen,Osteoswiss,Adliswil,Schweiz,Webereistr. 68,,,39500,,,,,39500,hco
amgen,Palliativ Zug,Baar,Schweiz,Neuhofstr. 21,,1500,,,,,,1500,hco
amgen,Palliative Vs,Sion,Schweiz,Rue De La Porte-Neuve20,,,1000,,,,,1000,hco
amgen,Patient Empowerment Foundation,Genève,Schweiz,Rue Desaint-Leger2,,,5442.55,,,,,5442.55,hco
amgen,Policlinique Médicale Universitaire,Lausanne,Schweiz,Rue du Bugnon 44,,,,,,1000,,1000,hco
amgen,Praxis Dr. Villiger Lukas,Baden-Dättwil,Schweiz,Mellingerstr. 207,,,850,,,,,850,hco
amgen,Praxis Vccb,Lugano,Schweiz,Via Fogazzaro 3,,,700,,,,,700,hco
amgen,Réseau Lausannois du Sein,Lausanne,Schweiz,Rue de la Vigie 5,,,2000,,,,,2000,hco
amgen,Rhythmologie Aargau,Aarau,Schweiz,Rain 34,,,1500,,,,,1500,hco
amgen,RSBJ,Ste-Croix,Schweiz,Rue des Rosiers 29,,,1000,,,,,1000,hco
amgen,SAKK,Bern,Schweiz,Effingerstr. 33,,,13000,,,,,13000,hco
amgen,Samo - Geschäftsstelle,Bern,Schweiz,Effingerstr. 40,,,9500,,,,,9500,hco
amgen,Sce Des Maladies Osseuses,Genève,Schweiz,Ruegabrielle Perret-Gentil 4,,5000,,,,,,5000,hco
amgen,Schweizer Paraplegiker Zentrum,Nottwil,Schweiz,Guido A. Zäch Str. 1,,,1400,,,,,1400,hco
amgen,Schweizerische Ärztegesellschaft für Manuelle Medizin,St. Gallen,Schweiz,Kolumbanstr. 2,,,2550,,,,,2550,hco
amgen,Schweizerische Gesellschaft für Hämatologie,Münsingen,Schweiz,Innerer Giessenweg 37,,,8000,,,,,8000,hco
amgen,Schweizerische Gesellschaft für Pneumologie,Bern,Schweiz,Chutzenstr. 10,,,13689.98,,,,,13689.98,hco
amgen,Schweizerische Gesellschaft für Urologie,Montreux,Schweiz,Avenue des Planches 15,,,3240,,,,,3240,hco
amgen,Schweizerische Herzstiftung,Bern,Schweiz,Schwarztorstr. 18,,10000,10000,,,8800,,28800,hco
amgen,SFK,Ebmatingen,Schweiz,Vorder Rainholzstr. 3,,,,,,,25.2,25.2,hco
amgen,Sg Hc,Bern,Schweiz,Münstergasse 72,,,13689.98,,,,,13689.98,hco
amgen,Sgaim,Bern,Schweiz,Monbijoustr. 43,,,15680,,,,,15680,hco
amgen,SGDV,Bern,Schweiz,Dalmazirain 11,,,12230,,,,,12230,hco
amgen,SGFH,Breitenbach,Schweiz,Blattenackerwe G 33,,3000,,,,,,3000,hco
amgen,Sgim - Ssmi,Basel,Schweiz,Solothurnerstr. 68,,,4410,,,,,4410,hco
amgen,SGK Schweizerische Gesellschaft für Kardiologie,Bern,Schweiz,Schwarztorstr. 18,,,30000,,,,,30000,hco
amgen,Sgk - Ssc,Bern,Schweiz,Dufourstr. 30,,,19689.98,,,,,19689.98,hco
amgen,Sgr-Ssr,Zürich,Schweiz,Josefstr. 92,,,9240,,,,,9240,hco
amgen,SGAIM - Schweizerische Gesellschaft für Allgemeine Innere Medizin,Diepoldsau,Schweiz,Vordere Kirchgasse 8,,,3840,,,,,3840,hco
amgen,SGV,Winterthur,Schweiz,Industriestr. 24,,,25000,,,,,25000,hco
amgen,Société Neuchâtelois de Médicine SNM,La Chaux-de-Fonds,Schweiz,Ruede Chasseral 20,,,2500,,,,,2500,hco
amgen,Solothurner Spitäler AG soH,Solothurn,Schweiz,Schöngrünstr. 42,,,1851.85,576.75,4691.85,,,7120.45,hco
amgen,Spital Herisau,Herisau,Schweiz,Spitalstr. 6,,,1000,,,,,1000,hco
amgen,Spital Linth,Uznach,Schweiz,Gasterstr. 25,,,2500,,,,,2500,hco
amgen,Spital Schwyz,Schwyz,Schweiz,Waldeggstr. 10,,,,554.4,1134.01,,,1688.41,hco
amgen,Spital STS AG Spital Thun,Thun,Schweiz,Krankenhausstr. 12,,,,1803.73,4110.61,,,5914.34,hco
amgen,Spital Thurgau AG,Frauenfeld,Schweiz,Waldeggstr. 8a,,,2500,,,1250,,3750,hco
amgen,Spital Wil,Wil SG,Schweiz,Fürstenlandstr. 32,,,,555.8,5307.94,,,5863.74,hco
amgen,Spitalzentrum Biel AG,Biel/Bienne,Schweiz,Vogelsang 84,,,,1635.59,6025.51,,,7661.1,hco
amgen,Spitalzentrum Oberwallis,Visp,Schweiz,Pflanzettastr. 8,,,1200,,,,,1200,hco
amgen,SRO AG Spital Langenthal,Langenthal,Schweiz,Sankt Urbanstr. 67,,,,270.2,755.66,,,1025.86,hco
amgen,St. Claraspital AG,Basel,Schweiz,Kleinriehenstr. 30,,,,991.52,2037.42,1825,,4853.94,hco
amgen,Stadtspital Triemli,Zürich,Schweiz,Birmensdorfers Trasse 497,,,7500,1331.6,5315.11,2760,,16906.71,hco
amgen,Stadtspital Waid,Zürich,Schweiz,Tièchestr. 99,,,2500,,,,,2500,hco
amgen,Stiftung für Herz- und Kreislauf,Zürich,Schweiz,Moussonstr. 4,,15000,92000,,,,,107000,hco
amgen,Stiftung Für Klinische Forschung,Zürich,Schweiz,Raemistr. 100,,,,,,1380,88,1468,hco
amgen,Stiftung Icmed,Zürich,Schweiz,Bahnhofplatz 4,,19000,,,,,,19000,hco
amgen,Stiftung Prostatakrebsforschung,Aarau,Schweiz,Postfach,,,20000,,,,,20000,hco
amgen,Stiftung SONK St. Gallen Oncology Conferences,St. Gallen,Schweiz,Rorschacher Str. 150,,,8700,,,,,8700,hco
amgen,Strongbones GmbH,Büron,Schweiz,Galgerain 23,,,,966.29,958.42,85768.02,10549.9,98242.63,hco
amgen,SVGO,Basel,Schweiz,Missionsstr. 24,,,4000,,,,,4000,hco
amgen,Swiss Flying Physicians Association,Carouge,Schweiz,Quai Du Cheval Blanc 2,,,1000,,,,,1000,hco
amgen,Swiss Tumor Immunology Institute,Zürich,Schweiz,Seestr. 259,,,,,,450,,450,hco
amgen,Swiss Tumor Institute,Zürich,Schweiz,Seefeldstr. 214,,,23700,,,,,23700,hco
amgen,Tumor Zentrum Aarau AG,Aarau,Schweiz,Rain 34,,,,357.8,6442.2,,,6800,hco
amgen,Tumorzentrum ZeTuP Rapperswil,Rapperswil SG,Schweiz,Alte Jonastr. 24,,,2000,135,67.5,,,2202.5,hco
amgen,"Uicc, Union For International Cancer Control",Genève,Schweiz,62 Route De Frontenex,,24292.75,226458.43,,,,,250751.18,hco
amgen,Universität Basel,Basel,Schweiz,Petersplatz 1,,25000,,,,,,25000,hco
amgen,Universität Bern,Bern,Schweiz,Hochschulstr. 4,,,5000,,,1320,,6320,hco
amgen,Universität Zürich,Zürich,Schweiz,Rämistr. 71,,,18000,,,,,18000,hco
amgen,Universitätsspital Basel,Basel,Schweiz,Spitalstr. 21,,,52324.21,1517.12,6881.34,6360,70,67152.67,hco
amgen,UniversitätsSpital Zürich,Zürich,Schweiz,Rämistr. 100,,51100,37651.85,4234.76,23279.16,2840,,119105.77,hco
amgen,Verein Für Hautkrebsfors Chung,Zürich,Schweiz,"Universtitätsspital Zürich, Gloriastr. 31",,10000,,,,,,10000,hco
amgen,Verlag Gesundheit Sante,Schaffhausen,Schweiz,Neustadt 40,,,25517,,,,,25517,hco
amgen,World Heart Federation ONG,Genève,Schweiz,Rue De Malatrex 30,,171794.76,,,,,,171794.76,hco
amgen,Zio Ag Zürich,Zürich,Schweiz,Hardturmstr. 133,,,,409.05,606.92,,,1015.97,hco
amgen,Zuger Kantonsspital AG,Baar,Schweiz,Landhausstr. 11,,,,1026.53,5352.55,,,6379.08,hco
amgen,Agnes Auteri,Lausanne,Schweiz,Rue du Bugnon 46,,,,135,67.5,,,202.5,hcp
amgen,Albéric Jean Marie Bressoud,Lausanne,Schweiz,Avenue d'Ouchy 31,,,,270.2,961.12,,,1231.32,hcp
amgen,Alden Alberto Moccia,Locarno,Schweiz,Via all'Ospedale 1,,,,,,2400,700.22,3100.22,hcp
amgen,Alexander Dieterle,Birsfelden,Schweiz,Hauptstr. 70,,,,135,67.5,,,202.5,hcp
amgen,Alexander Meisel,Zürich,Schweiz,Tièchestr. 99,,,,513.46,891.47,1350,,2754.93,hcp
amgen,Alexander Siebenhüner,Zürich,Schweiz,Rämistr. 100,,,,135,67.5,,,202.5,hcp
amgen,Alicia Rovó,Bern,Schweiz,Freiburgstr. 18,,,,,,2250,607.25,2857.25,hcp
amgen,Amina Chouiter-Djebaili,La Chaux-de-Fonds,Schweiz,Rue de Chasseral 20,,,,410.79,882.77,,,1293.56,hcp
amgen,Ana Bishara,Carouge GE,Schweiz,Avenue Cardinal-Mermillod 1,,,,551.26,1155.28,,,1706.54,hcp
amgen,Andreas Hochstrasser,St. Gallen,Schweiz,Rorschacherst Rasse 95,,,,135,67.5,,,202.5,hcp
amgen,Ann-Kathrin Schwarzkopf,Bern,Schweiz,Schänzlistr. 25,,,,183.65,389.14,,,572.79,hcp
amgen,Ann-Katrin Cynthia Seidel,Winterthur,Schweiz,Brauerstr. 15,,,,135,67.5,,,202.5,hcp
amgen,Anna Efthymiou,Fribourg,Schweiz,Chemin des Pensionnats 2,,,,694.56,3783.51,,,4478.07,hcp
amgen,Anna Lisa Frauchiger,Zürich,Schweiz,Gloriastr. 31,,,,367.82,2346.79,,,2714.61,hcp
amgen,Anne Cherpillod,Lausanne,Schweiz,Avenue Louis-Ruchonnet 57,,,,255.95,630.37,,,886.32,hcp
amgen,Anne LAFRANCHI DSC Hl ETZ IG,Solothurn,Schweiz,Schöngrünstr. 42,,,,183.63,389.14,,,572.77,hcp
amgen,Anne Zaninetti-Schaerer,Carouge GE,Schweiz,Avenue Industrielle 1,,,,323.5,272.18,,,595.68,hcp
amgen,Anne-Catherine Joly,Genève,Schweiz,Ruegabrielle Perret-Gentil 4,,,,323.5,600.28,,,923.78,hcp
amgen,Anne-Claire Mamez,Genève,Schweiz,Rue Gabrielle-Perret-Gentil 4,,,,361.15,1302.35,,,1663.5,hcp
amgen,Antoine Wildhaber,Neuchâtel,Schweiz,Faubourg De L'Hôpital81,,,,,481.48,,,481.48,hcp
amgen,Antonello Calderoni,Lugano,Schweiz,Via Fogazzaro 3,,,,350.66,3893.34,,,4244,hcp
amgen,Argyri Dimitriou,Zürich,Schweiz,Birmensdorfers Trasse 497,,,,128.85,554.14,,,682.99,hcp
amgen,Ariane Saudan-Kister,Genève,Schweiz,Rue de Lyon 57,,,,551.26,1105.28,,,1656.54,hcp
amgen,Armin Zgraggen,Zürich,Schweiz,Birmensdorfers Trasse 497,,,,579.51,991.96,,,1571.47,hcp
amgen,Baris Gencer,Genève,Schweiz,Rue Gabrielle-Perret-Gentil 4,,,,,299.67,,,299.67,hcp
amgen,Beat Bühler,Schwyz,Schweiz,Waldeggstr. 10,,,,135,67.5,,,202.5,hcp
amgen,Beat Hellmüller,Thun,Schweiz,Aarestr. 28,,,,87.65,498.86,,,586.51,hcp
amgen,Beat Huser,Olten,Schweiz,Louis Giroud-Str. 26,,,,307.04,1024.67,,,1331.71,hcp
amgen,Beat Kipfer,Bern,Schweiz,Tellstr. 18,,,,135,90,,,225,hcp
amgen,Beatrice Veragut Davies,Carouge GE,Schweiz,Avenue Cardinal-Mermillod 1,,,,803.38,4863.1,,,5666.48,hcp
amgen,Bernhard Herzog,Luzern,Schweiz,St. Annastr. 32,,,,486.13,916.32,,,1402.45,hcp
amgen,Bernhard Meier,Bern,Schweiz,Freiburgstr. 18,,,,,,1250,,1250,hcp
amgen,Bernhard Pestalozzi,Zürich,Schweiz,Rämistr. 100,,,,135,67.5,,,202.5,hcp
amgen,Bettina Engel,Lausanne,Schweiz,Avenue du Théâtre 7,,,,135,67.5,,,202.5,hcp
amgen,Bojan Bicanski,Frauenfeld,Schweiz,Pfaffenholzstr. 4,,,,219.28,464.69,,,683.97,hcp
amgen,Britta Engelhardt,Bern,Schweiz,Freiestr. 1,,,,,,4500,,4500,hcp
amgen,Carlo Schönholzer,Lugano,Schweiz,Via Tesserete 46,,,,,287.42,,,287.42,hcp
amgen,Caroline Anna Wehmeier,Basel,Schweiz,Petersgraben 4,,,,276.88,275.52,,,552.4,hcp
amgen,Catherine Plancherel Lévy,Fribourg,Schweiz,Route Des Daillettes 1,,,,135,90,,,225,hcp
amgen,Catrina Uhlmann Nussbaum,Olten,Schweiz,Baslerstr. 150,,,,135,67.5,,,202.5,hcp
amgen,Christian Günter,Mammern,Schweiz,Dr. A. O. Fleischstr. 3,,,,612.22,5307.94,,,5920.16,hcp
amgen,Christian Marc Schmied,Zürich,Schweiz,Rämistr. 100,,,,,,1000,,1000,hcp
amgen,Christian Matter,Zürich,Schweiz,Rämistr. 100,,,,,961.87,1000,,1961.87,hcp
amgen,Christian Spirig,Luzern,Schweiz,St. Annastr. 32,,,,513.46,891.47,,,1404.93,hcp
amgen,Christine Fromm-Ott,Chur,Schweiz,Bahnhofstr. 14,,,,128.85,554.14,,,682.99,hcp
amgen,Christoph Gwerder,Aarau,Schweiz,Tellstr.,,,,350.66,1965.49,,,2316.15,hcp
amgen,Christophe Graf,Bernex,Schweiz,Route De Loex 151,,,,323.5,697.53,,,1021.03,hcp
amgen,Claudia Collao Lamb,Chêne-Bougeries,Schweiz,Route de Chêne 110,,,,410.79,611.16,,,1021.95,hcp
amgen,Claudius Irlé,Meyrin,Schweiz,Avenue J.-D.-Maillard 11,,,,350.66,4103.66,,,4454.32,hcp
amgen,Claudius Möckel,Schaffhausen,Schweiz,Rietstr. 30,,,,,922.2,,,922.2,hcp
amgen,Cornelius Lenggenhager,St. Gallen,Schweiz,Waisenhausstr. 5,,,,519.6,894.95,,,1414.55,hcp
amgen,Cristiana Sessa,Bellinzona,Schweiz,Via Ospedale,,,,,,225,,225,hcp
amgen,Cristina Nay Fellay,Sion,Schweiz,Avenue Grand-Champsec 80,,,,270.2,997.97,,,1268.17,hcp
amgen,Daniel Binder,Winterthur,Schweiz,Brauerstr. 15,,,,347.28,3281.03,,,3628.31,hcp
amgen,Daniel Fuster,Bern,Schweiz,Freiburgstr. 15,,,,,1679.54,,,1679.54,hcp
amgen,David Germann,Winterthur,Schweiz,Brauerstr. 15,,,,128.85,554.14,,,682.99,hcp
amgen,Didier Jallut,Lausanne,Schweiz,Avenue du Théâtre 7,,,,409.05,795.92,,,1204.97,hcp
amgen,Dieter Zimmermann,Zürich,Schweiz,Schmelzbergstr. 12,,,,,,1320,88,1408,hcp
amgen,Dominik Uehlinger,Bern,Schweiz,Freiburgstr. 15,,,,186.11,612.31,,,798.42,hcp
amgen,Dominik Wyssmann,Solothurn,Schweiz,Schöngrünstrasse42,,,,579.51,790.96,,,1370.47,hcp
amgen,Dominique Evéquoz,Brig,Schweiz,Ueberlandstr. 14,,,,,639.66,,,639.66,hcp
amgen,Dominique Piguet,Neuchâtel,Schweiz,Ruelle Du Peyrou 2,,,,202.65,988.8,,,1191.45,hcp
amgen,Dorothea Friess,Bern,Schweiz,Freiburgstr. 18,,,,202.65,,,,202.65,hcp
amgen,Durrsim Ramadani,Nyon,Schweiz,Chemin Monastier 10,,,,641.2,774.23,,,1415.43,hcp
amgen,Edouard Battegay,Basel,Schweiz,Petersgraben 4,,,,,,1500,,1500,hcp
amgen,Egle Ramelyte,Zürich,Schweiz,Gloriastr. 31,,,,,496.7,900,29.8,1426.5,hcp
amgen,Elena Bianchi,Lugano,Schweiz,Via Fogazzaro 3,,,,202.65,1205.2,,,1407.85,hcp
amgen,Elena Osto,Zürich,Schweiz,Rämistr. 100,,,,570.1,2861.25,,,3431.35,hcp
amgen,Elisabeth De Vecchi-Hofmeier,St. Moritz,Schweiz,Plazza Paracelsus 2,,,,128.85,290.38,,,419.23,hcp
amgen,Elisabeth Weber-Bach,Thun,Schweiz,Krankenhausstr. 12,,,,247.36,189.4,,,436.76,hcp
amgen,Eugenio Fernández,Genève,Schweiz,Rue Gabrielle-Perret-Gentil 4,,,,,,1300,105.6,1405.6,hcp
amgen,Fabia Weisser,Schwyz,Schweiz,Waldeggstr. 10,,,,135,90,,,225,hcp
amgen,Federico Simonetta,Moutier,Schweiz,Rue de Beausite 49,,,,215.56,649.2,,,864.76,hcp
amgen,Firat Duru,Zürich,Schweiz,Rämistr. 100,,,,,5307.94,,,5307.94,hcp
amgen,France Laurencet,Carouge GE,Schweiz,Rue Jacques-Grosselin 25,,,,1026.92,1715.38,,,2742.3,hcp
amgen,Francesco Bertoni,Bellinzona,Schweiz,Via Vincenzo Vela 6,,,,355.05,2075.75,,,2430.8,hcp
amgen,Frank Ruschitzka,Zürich,Schweiz,Rämistr. 100,,,,555.8,6005.74,,,6561.54,hcp
amgen,Franqois Chappuis,Genève,Schweiz,Chemin Beau-Soleil 12,,,,803.38,4863.1,,,5666.48,hcp
amgen,Franqois Lüthi,Lausanne,Schweiz,Avenue Du Servan10,,,,350.66,1994.64,,,2345.3,hcp
amgen,Franqois Mach,Genève,Schweiz,Rue Gabrielle-Perret-Gentil 4,,,,,,8334.89,1664.02,9998.91,hcp
amgen,Franqois Ricou,Genève,Schweiz,Chemin Debeau-Soleil 12,,,,486.13,802.05,,,1288.18,hcp
amgen,Franz Lauener,Abtwilsg,Schweiz,Wiesenbachstr. 5,,,,579.51,824.46,,,1403.97,hcp
amgen,Fulvio Bomio,Massagno,Schweiz,Via Cabione 1A,,,,712.77,853.43,,,1566.2,hcp
amgen,Gabriele Vetsch,Bern,Schweiz,Bremgartenstr. 117,,,,111.49,891.79,,,1003.28,hcp
amgen,Georg Meffert,Bern,Schweiz,Schänzlistr. 25,,,,123.41,344.85,,,468.26,hcp
amgen,Georges Halabi,Lausanne,Schweiz,Rue du Bugnon 17,,,,375.65,3624.35,,,4000,hcp
amgen,Gianfranco Pesce,Bellinzona,Schweiz,Via Ospedale,,,,135,67.5,,,202.5,hcp
amgen,Giannicola D'Addario,Schaffhausen,Schweiz,Geissbergstr. 81,,,,545.79,958.97,,,1504.76,hcp
amgen,Giovanna Schiavone,Mendrisio,Schweiz,Via Alfonso Turconi 23,,,,525.8,922.58,,,1448.38,hcp
amgen,Giulia Magnani,Zürich,Schweiz,Rämistr. 100,,,,1098.35,6352.2,,,7450.55,hcp
amgen,Gudrun Neises,Luzern,Schweiz,Pilatusstr. 3A/5,,,,128.85,554.14,,,682.99,hcp
amgen,Hanne Hawle,Bern,Schweiz,Effingerstr. 40,,,,135,67.5,,,202.5,hcp
amgen,Hans Ulrich Wilhelm,Bad Ragaz,Schweiz,Hans Albrecht-Str.,,,,564.3,5311.72,,,5876.02,hcp
amgen,Hans-Jörg Graf,Schaffhausen,Schweiz,Nordstr. 30,,,,128.85,554.14,,,682.99,hcp
amgen,Hans-Peter Schäfer,Schaffhausen,Schweiz,Frauengasse 16,,,,203.65,5121.26,,,5324.91,hcp
amgen,Hans-Peter Schmid,Frauenfeld,Schweiz,Pfaffenholzstr. 4,,,,555.8,5307.94,,,5863.74,hcp
amgen,Hans-Ulrich Mellinghoff,St. Gallen,Schweiz,Rorschacherst Rasse 95,,,,,,1350,,1350,hcp
amgen,Hanspeter Boss,Spiez,Schweiz,Schoneggstr. 21,,,,519.6,880.55,,,1400.15,hcp
amgen,Hansruedi Gugg,Rickenbach b. Wil,Schweiz,Toggenburgers Trasse 40,,,,433.81,2465.22,,,2899.03,hcp
amgen,Hinde Benchaa,La Chaux-de-Fonds,Schweiz,Rue de Chasseral 20,,,,478.61,1792.75,,,2271.36,hcp
amgen,Hubert Schefer,Luzern,Schweiz,St. Annastr. 32,,,,235.36,853.44,,,1088.8,hcp
amgen,Inna Meyer,Winterthur,Schweiz,Brauerstr. 15,,,,135,90,,,225,hcp
amgen,Iris Baumgartner,Bern,Schweiz,Freiburgstr. 4,,,,,,2300,152.07,2452.07,hcp
amgen,Iris Müller-Käser,Rapperswil SG,Schweiz,Alte Jonastr. 24,,,,235.36,741.16,,,976.52,hcp
amgen,Isabella Schönenberger,St. Gallen,Schweiz,Vadianstr. 31,,,,405.2,862.86,,,1268.06,hcp
amgen,Isabelle Constantin,Yverdon-les-Bains,Schweiz,Rue D'Entremonts 11,,,,365.6,309.6,,,675.2,hcp
amgen,Iveta Petrova,Lugano,Schweiz,Via Tesserete 48,,,,,438.15,,,438.15,hcp
amgen,Jakob Seglias,Burgdorf,Schweiz,Waldeggweg 21A,,,,551.26,1131.48,,,1682.74,hcp
amgen,Jan Triebel,Zürich,Schweiz,Birmensdorfers Trasse 497,,,,433.81,5311.72,,,5745.53,hcp
amgen,Jean Dudler,Fribourg,Schweiz,Chemin des Pensionnats 2,,,,,,1350,,1350,hcp
amgen,Jean-Pierre Bourquin,Zürich,Schweiz,Steinwiesstr. 75,,,,347.28,1500.46,,,1847.74,hcp
amgen,Jean-Paul Schmid,Bern,Schweiz,Tiefenaustr. 112,,,,,,1000,,1000,hcp
amgen,Jeroen Simon Goede,Winterthur,Schweiz,Brauerstr. 15,,,,202.65,1404.6,4060,387.07,6054.32,hcp
amgen,Jörg Bautzmann,Luzern,Schweiz,Tribschenstr. 21,,,,135,90,,,225,hcp
amgen,Jörg Eimers,Luzern,Schweiz,Tribschenstr. 21,,,,135,90,,,225,hcp
amgen,Josef Gschwend,Zürich,Schweiz,Kappelistr. 6,,,,65.75,498.86,,,564.61,hcp
amgen,Josef Jenewein,Zürich,Schweiz,Culmannstr. 8,,,,,,1500,,1500,hcp
amgen,Julia Wallner,Winterthur,Schweiz,Brauerstr. 15,,,,247.36,339.67,,,587.03,hcp
amgen,Julian Cooper,Basel,Schweiz,Burgfelderstr. 101,,,,551.26,1131.48,,,1682.74,hcp
amgen,Julien Renard,Genève,Schweiz,Ruegabrielle Perret-Gentil 4,,,,519.6,979.2,,,1498.8,hcp
amgen,Jürg Schwitter,Lausanne,Schweiz,Rue du Bugnon 46,,,,,972.85,,,972.85,hcp
amgen,Jürgen Wilhelm Maurer,Bäch SZ,Schweiz,Seestr. 164,,,,442.2,552.75,,,994.95,hcp
amgen,Karl A. Steuer,Allschwil,Schweiz,Brennerstr. 12,,,,370.36,887.86,,,1258.22,hcp
amgen,Katarina Benackova,Bern,Schweiz,Freiburgstr. 15,,,,364.43,773.56,,,1137.99,hcp
amgen,Kathrin Amonn,Biel/Bienne,Schweiz,Vogelsang 84,,,,247.36,313.17,,,560.53,hcp
amgen,Kathrin Kaufmann,Bern,Schweiz,Bubenbergplatz 8+11,,,,247.36,319.87,,,567.23,hcp
amgen,Kaveh Samii,Genève,Schweiz,Rue Gabrielle-Perret-Gentil 4,,,,83.61,298.67,,,382.28,hcp
amgen,Klaus Peter Schalk,Aarau,Schweiz,Rain 34,,,,694.56,3783.51,,,4478.07,hcp
amgen,Konstantin Vogt,Bern,Schweiz,Bubenbergplatz 5,,,,,464.81,,,464.81,hcp
amgen,Kristin Zeidler,Luzern,Schweiz,Spitalstr. 31,,,,135,67.5,,,202.5,hcp
amgen,Kristof Major,Lausanne,Schweiz,Rue du Bugnon 21,,,,366.63,663.68,,,1030.31,hcp
amgen,Laurent Niksic,Genève,Schweiz,Avenue De La Roseraie 76A,,,,186.11,401.01,,,587.12,hcp
amgen,Laurent Rosset,Fribourg,Schweiz,Route de Villars 37,,,,545.79,938.66,,,1484.45,hcp
amgen,Leila Achtari Jeanneret,Neuchâtel,Schweiz,Rue de la Maladière 45,,,,135,67.5,,,202.5,hcp
amgen,Linda Schittenhelm,Zürich,Schweiz,Altstetterstr. 142,,,,128.85,554.14,,,682.99,hcp
amgen,Lorenzo Berwert,Bellinzona,Schweiz,Via Ospedale,,,,299.84,643.07,,,942.91,hcp
amgen,Loretta Hasler,Biel/Bienne,Schweiz,Hans-Hugi-Str. 3,,,,613.44,2070.13,,,2683.57,hcp
amgen,Luigi Tornillo,Basel,Schweiz,Schönbeinstr. 40,,,,,,1320,75.6,1395.6,hcp
amgen,Magdalena Noemair,Zürich,Schweiz,Birmensdorfers Trasse 497,,,,,388.19,,,388.19,hcp
amgen,Maja Klein Lüthi,Burgdorf,Schweiz,Oberburgstr. 54,,,,247.36,363.42,,,610.78,hcp
amgen,Marc Heizmann,Aarau,Schweiz,Tellstr. 25,,,,,,1010,,1010,hcp
amgen,Marc Levy,Genève,Schweiz,Boulevard Des Philosophes 11,,,,175.53,643.07,,,818.6,hcp
amgen,Marco Dressler,Sursee,Schweiz,Spitalstr. 16a,,,,826.62,2477.44,,,3304.06,hcp
amgen,Marco Varini,Lugano,Schweiz,Via Fogazzaro 3,,,,350.66,7411.49,,,7762.15,hcp
amgen,Marcus Schuermann,Richterswil,Schweiz,Bergstr. 16,,,,135,67.5,,,202.5,hcp
amgen,Maria Mappoura,Genève,Schweiz,Rue Gabrielle-Perret-Gentil 4,,,,217.1,1091.95,,,1309.05,hcp
amgen,Maria Staubli-Serna,Wil SG,Schweiz,Löwenstr. 5,,,,463.6,319.87,,,783.47,hcp
amgen,Maria Teresa De Zulueta,Baar,Schweiz,LANDHAUSSTRASSEli,,,,135,67.5,,,202.5,hcp
amgen,Mario Picozzi,Einsiedeln,Schweiz,Spitalstr. 26A,,,,564.3,5311.72,,,5876.02,hcp
amgen,Marisa Crippa-Keller,Zürich,Schweiz,Bederstr. 51,,,,579.51,552.51,,,1132.02,hcp
amgen,Markus G. Manz,Zürich,Schweiz,Rämistr. 100,,,,,,3200,,3200,hcp
amgen,Markus Gerber,Bern,Schweiz,Spitalgasse 29,,,,433.81,5311.72,,,5745.53,hcp
amgen,Markus Hoefliger,Altstätten SG,Schweiz,Bahnhofstr. 5,,,,135,67.5,,,202.5,hcp
amgen,Markus Oberhänsli,Meyriez,Schweiz,Spitalweg 36,,,,486.13,597.13,,,1083.26,hcp
amgen,Markus Senn,Zürich,Schweiz,Schulstr. 37,,,,551.26,1173.94,,,1725.2,hcp
amgen,Martin Andres,Bern,Schweiz,Freiburgstr. 18,,,,,545.89,,,545.89,hcp
amgen,Martin Buess,Basel,Schweiz,Kleinriehenstrasse30,,,,278.67,319.33,,,598,hcp
amgen,Martin Grübler,Bern,Schweiz,Freiburgstr. 4,,,,327.2,5307.94,,,5635.14,hcp
amgen,Martin Kälin,Winterthur,Schweiz,Brauerstr. 15,,,,249.87,409.15,,,659.02,hcp
amgen,Matthias Zobrist,Wetzikon ZH,Schweiz,Spitalstr. 66,,,,247.36,369.47,,,616.83,hcp
amgen,Melanie Löffler,Aarau,Schweiz,Tellstr. 25,,,,221.1,317.98,,,539.08,hcp
amgen,Michael Dobbie,Basel,Schweiz,Petersgraben 4,,,,410.79,682.62,,,1093.41,hcp
amgen,Michael Kiessling,Zürich,Schweiz,Rämistr. 100,,,,135,67.5,,,202.5,hcp
amgen,Michael Schwitter,Chur,Schweiz,Loestr. 170,,,,397.48,1506.27,,,1903.75,hcp
amgen,Michel Starobinski,Onex,Schweiz,Route De Chancy 98,,,,347.28,4672.33,,,5019.61,hcp
amgen,Michele Zoppi,Bern,Schweiz,Morillonstrasse77,,,,350.66,3854.77,,,4205.43,hcp
amgen,Mihael Potocki,Dietikon,Schweiz,Zentralstr. 19,,,,486.13,1231.56,,,1717.69,hcp
amgen,Mihaela Precup,Fribourg,Schweiz,Chemin des Pensionnats 2,,,,135,67.5,,,202.5,hcp
amgen,Miklós Pless,Basel,Schweiz,Spitalstr. 21,,,,,,1300,,1300,hcp
amgen,Monika Jermann,Zürich,Schweiz,Toblerstr. 50,,,,135,67.5,,,202.5,hcp
amgen,Nadine Gutierres-Demierre,Fribourg,Schweiz,Chemin des Pensionnats 2,,,,576.75,1906.3,,,2483.05,hcp
amgen,Nicolas Kossmann,Rheinfelden,Schweiz,Roberstenstr. 31,,,,128.85,554.14,,,682.99,hcp
amgen,Nicolas Von Der Weid,Genève,Schweiz,Chemin Debeau-Soleil 12,,,,83.61,369.9,,,453.51,hcp
amgen,Nina Maria Kotrubczik,Luzern,Schweiz,Spitalstr.,,,,135,67.5,,,202.5,hcp
amgen,Norbert Lombriser,Zürich,Schweiz,Birmensdorfers Trasse 497,,,,135,67.5,,,202.5,hcp
amgen,Oliver Gämperli,Zürich,Schweiz,Rämistr. 100,,,,790.81,5379.89,,,6170.7,hcp
amgen,Olivier Giannini,Mendrisio,Schweiz,Via Alfonso Turconi 23,,,,183.63,501.66,,,685.29,hcp
amgen,Paolo De Vecchi,St. Moritz,Schweiz,Plazza Paracelsus 2,,,,128.85,290.38,,,419.23,hcp
amgen,Patricia Hirt-Minkowski,Bern,Schweiz,Bremgartenstr. 119,,,,231.88,363.42,,,595.3,hcp
amgen,Patrizia Amico,Basel,Schweiz,Petersgraben 4,,,,123.41,462.5,,,585.91,hcp
amgen,Pauline Filaine,Genève,Schweiz,Rue Willy-Donzé 6,,,,83.61,237.85,,,321.46,hcp
amgen,Peter Heiz,Basel,Schweiz,Untere Rebgasse16,,,,579.51,926.31,,,1505.82,hcp
amgen,Peter Reber,Baden,Schweiz,Kurplatz 1,,,,551.26,1148.49,,,1699.75,hcp
amgen,Petra Rhyn Lehmann,Zürich,Schweiz,Tièchestr. 99,,,,247.36,369.47,,,616.83,hcp
amgen,Petros Tsantoulis,Collonge-Bellerive,Schweiz,Chemin De La Savonniere 11,,,,576.75,1899.41,,,2476.16,hcp
amgen,Philipp Padel,Luzern,Schweiz,Alpenstr. 1,,,,579.51,857.96,,,1437.47,hcp
amgen,Pierre Bohanes,Lausanne,Schweiz,Avenue Vinet 28,,,,350.66,5047.31,,,5397.97,hcp
amgen,Pierre Hösli,Yverdon-les-Bains,Schweiz,Rue D'Entremonts 11,,,,350.66,3297.85,,,3648.51,hcp
amgen,Pierre Quadri,St-Imier,Schweiz,Rue du Temple 3,,,,551.26,1194.79,,,1746.05,hcp
amgen,Pierre-Yves Dietrich,Genève,Schweiz,Rue Gabrielle-Perret-Gentil 4,,,,,,1300,,1300,hcp
amgen,Rahel Hautle-Angst,St. Gallen,Schweiz,Vadianstr. 31,,,,,757.91,,,757.91,hcp
amgen,Rastine Mérat,Genève,Schweiz,Rue Gabrielle-Perret-Gentil 4,,,,,,1300,,1300,hcp
amgen,Reto Frey,Zürich,Schweiz,Albisriederplatz 3,,,,708.36,779.31,,,1487.67,hcp
amgen,Robert Schorn,Lachen SZ,Schweiz,Oberdorfstr. 41,,,,123.41,463.75,,,587.16,hcp
amgen,Rok Satler,Winterthur,Schweiz,Brauerstr. 15,,,,409.05,704.27,,,1113.32,hcp
amgen,Rolf Brücker,Luzern,Schweiz,Zentralstr. 1,,,,551.26,1131.48,,,1682.74,hcp
amgen,Rolf A. Stahel,Zürich,Schweiz,Rämistr. 100,,,,,,1550,,1550,hcp
amgen,Roman Inauen,Münsterlingen,Schweiz,Spitalcampus 1,,,,135,67.5,,,202.5,hcp
amgen,Rubino Mordasini,Bern,Schweiz,Bubenbergplatz 10,,,,486.13,788.54,1000,,2274.67,hcp
amgen,Rudolf Morant,Rapperswil SG,Schweiz,Alte Jonastr. 24,,,,270.2,971.27,,,1241.47,hcp
amgen,Rudolf Peter Wüthrich,Zürich,Schweiz,Rämistr. 100,,,,306.68,3693.29,,,3999.97,hcp
amgen,Sabine Fechter,Basel,Schweiz,Petersgraben 4,,,,,526.01,,,526.01,hcp
amgen,Safia Masmoudi,Neuchâtel,Schweiz,Rue de la Maladière 45,,,,513.46,838.72,,,1352.18,hcp
amgen,Samuel Conrad,Zürich,Schweiz,Gloriastr. 31,,,,470.8,873.98,,,1344.78,hcp
amgen,Sana Intidhar Labidi-Galy,Genève,Schweiz,Rue Gabrielle-Perret-Gentil4,,,,525.8,657.41,,,1183.21,hcp
amgen,Sara Fertani,Genève,Schweiz,Ruegabrielle Perret-Gentil 4,,,,135,90,,,225,hcp
amgen,Sara Mach-Pascual,Genève,Schweiz,Rue Gabrielle-Perret-Gentil 4,,,,361.15,1283.55,,,1644.7,hcp
amgen,Selina Thurneysen,Zürich,Schweiz,Gloriastr. 31,,,,394.3,531.37,,,925.67,hcp
amgen,Serge Guggi,Payerne,Schweiz,Rue de Guillermaux 8,,,,551.26,1051.03,,,1602.29,hcp
amgen,Sybille Eicken,Bern,Schweiz,Freiburgstr. 15,,,,123.41,375.32,,,498.73,hcp
amgen,Sigrid Jehle-Kunz,Luzern,Schweiz,Zentralstr. 1,,,,128.85,554.14,1350,,2032.99,hcp
amgen,Silvana De La Cruz,Bern,Schweiz,Freiburgstr. 18,,,,365.6,368.17,,,733.77,hcp
amgen,Simon Fabian Stämpfli,Zürich,Schweiz,Rämistr. 100,,,,486.15,916.3,,,1402.45,hcp
amgen,Simone Röthlisberger,Thun,Schweiz,Krankenhausstr. 12,,,,247.36,210.75,,,458.11,hcp
amgen,Slayman Obeid,Zürich,Schweiz,Rämistr. 100,,,,803.38,4846,,,5649.38,hcp
amgen,Stefan Balabanov,Zürich,Schweiz,Rämistr. 100,,,,,146.75,1250,,1396.75,hcp
amgen,Stefan Bilz,St. Gallen,Schweiz,Rorschacherst Rasse 95,,,,,,1500,,1500,hcp
amgen,Stefan Greuter,Sargans,Schweiz,Bahnhofpark 2b,,,,956.58,1850.44,,,2807.02,hcp
amgen,Stefan Heinrich,Biel,Schweiz,Albert-Anker-Weg 8,,,,,413.69,,,413.69,hcp
amgen,Stefan Zimmermann,Fribourg,Schweiz,Chemin des Pensionnats 2,,,,,101.25,630,,731.25,hcp
amgen,Stephan Bürgin,Münchenstein,Schweiz,Reinacherstr. 28,,,,433.81,5311.72,,,5745.53,hcp
amgen,Stephane Cochet,Genève,Schweiz,Rue Gabrielle-Perret-Gentil 4,,,,694.56,3299.31,,,3993.87,hcp
amgen,Susanne Zwahlen,Bern,Schweiz,Freiburgstr. 18,,,,135,67.5,,,202.5,hcp
amgen,Sylvia Baumann Kurer,Winterthur,Schweiz,St. Georgen-Str. 70,,,,361.15,1404.6,,,1765.75,hcp
amgen,Thomas Felix Lüscher,Zürich,Schweiz,Rämistr. 100,,,,,,2840,1437.42,4277.42,hcp
amgen,Thomas Furrer,Bern,Schweiz,Monbijoustr. 10,,,,202.65,1157.44,,,1360.09,hcp
amgen,Thomas Kühne,Basel,Schweiz,Spitalstr. 33,,,,,,2840,873.81,3713.81,hcp
amgen,Thomas Langenegger,Baar,Schweiz,LANDHAUSSTRASSEli,,,,,,1350,,1350,hcp
amgen,Thomas Matthes,Genève,Schweiz,Rue Gabrielle-Perret-Gentil 4,,,,,,1250,,1250,hcp
amgen,Thomas Ruhstaller,St. Gallen,Schweiz,Rorschacherst Rasse 95,,,,,,630,,630,hcp
amgen,Urs Bangerter,Zollikon,Schweiz,Forchstr. 424,,,,519.6,921.1,,,1440.7,hcp
amgen,Urs Hintermann,Brugg AG,Schweiz,Fröhlichstr. 5,,,,551.26,1156.54,,,1707.8,hcp
amgen,Urs Schanz,Zürich,Schweiz,Rämistr. 100,,,,83.61,370.1,,,453.71,hcp
amgen,Ursina Müller,Baden,Schweiz,Im Ergel 1,,,,,482.84,,,482.84,hcp
amgen,Uyen Huynh-Do,Bern,Schweiz,Freiburgstr. 15,,,,,,1250,,1250,hcp
amgen,Vanessa Chatelain,Vevey,Schweiz,Avenue de la Prairie 3,,,,270.2,1471.97,,,1742.17,hcp
amgen,Vanessa Jungbluth,Zürich,Schweiz,Badenerstr. 709,,,,305.23,588.21,,,893.44,hcp
amgen,Veronika Nagy,Winterthur,Schweiz,Brauerstr. 15,,,,135,67.5,,,202.5,hcp
amgen,Veronique Membrez,Sierre,Schweiz,Route De Sion 31,,,,525.8,1138.67,,,1664.47,hcp
amgen,Vittoria Espeli,Bellinzona,Schweiz,Via Ospedale,,,,,,1300,,1300,hcp
amgen,Volker Kirchner,Genolier,Schweiz,Route du Muids 3,,,,350.66,,,,350.66,hcp
amgen,Wilfried Schwab,Leukerbad,Schweiz,Willy-Spühlerstr. 2,,,,128.85,554.14,,,682.99,hcp
amgen,Wolfgang Terhorst,Zug,Schweiz,Baarerstr. 98,,,,551.26,1131.48,,,1682.74,hcp
amgen,Xavier Perret,Genève,Schweiz,Avenue De Champel 4,,,,803.38,4863.1,,,5666.48,hcp
amgen,Yassine Zarkik,Martigny,Schweiz,Avenue De La Fusion 27,,,,519.6,429.58,,,949.18,hcp
amgen,Yvonne Hummel,Zürich,Schweiz,Jägergasse 3,,,,135,67.5,,,202.5,hcp
