company,name,location,country,address,uci,donations_grants,sponsorship,registration_fees,travel_accommodation,fees,related_expenses,total,type
astellas,Bürgerspital Solothurn,Solothurn,Schweiz,Solothurner Spitäler AG Schöngrünstr. 42,,,1000,,,,,1000,hco
astellas,Ccac Sa,Lausanne,Schweiz,CCAC SA Avenue Vinet 19b,,,1000,,,,,1000,hco
astellas,CHUV,Lausanne,Schweiz,CHUV Rue du Bugnon 21,,2500,12000,6439.4,17771.8,4500,,43211.2,hco
astellas,Escmid,Basel,Schweiz,ESCMID Aeschenvorstadt 57,,,207407,,,,,207407,hco
astellas,ESMO European Society for Medical Oncology,Viganello,Schweiz,ESMO via Luigi Taddei 4,,244246.6,357333.3,,,,,601579.9,hco
astellas,Fondation fribourgeoise pour la recherche et la formation sur le cancer,Bourguillon,Schweiz,Fondation fribourgeoise pour la recherche et la formation sur le cancer Rue Max von Sachsen 4,,,1000,,,,,1000,hco
astellas,Fondation SICT,Genève,Schweiz,Fondation SICT Chemin Rieu 17,,,2500,,,,,2500,hco
astellas,Fondazione Epatocentro Ticino,Lugano,Schweiz,Fondazione Epatocentro Ticino Via Soldino 5,,,2500,,,,,2500,hco
astellas,Forum f. medizinische Fortbildung,Zug,Schweiz,Forum f. medizinische Fortbildung Ahornstr. 2,,,87000,,,,,87000,hco
astellas,GRSSGO,Cheseaux-sur-Lausanne,Schweiz,GRSSGO Rue des Pâquis 1,,,6000,,,,,6000,hco
astellas,Gruppo Agg. Medico Gl 5,Tesserete,Schweiz,Gruppo Agg. Medico G15 via Meneghelli 1,,,1200,,,,,1200,hco
astellas,gynécologie suisse SGGG,Bern,Schweiz,gynécologie suisse SGGG Alten Bergstr. 29,,,18530,,,,,18530,hco
astellas,Hôpital du Valais,Sion,Schweiz,Hôpital du Valais Avenue Grand-Charnpsec 80,,,2000,,,,,2000,hco
astellas,Hôpitaux Universitaires Genève,Genève,Schweiz,Hôpitaux Universitaires Genève Rue Gabrielle Perret-Gentil 4,,0,15500,,,,,15500,hco
astellas,Hôpitaux Universitaires Genève Sce d'urologie,Genève,Schweiz,Hôpitaux Universitaires Genève Rue Gabrielle Perret-Gentil 4,,0,800,,,,,800,hco
astellas,Inselspital,Bern,Schweiz,"Inselspital, Freiburgstr. 18",,6500,16000,1023.4,4964.8,2500,,30988.2,hco
astellas,Kantonsspital Aarau,Aarau,Schweiz,Kantonsspital Aarau AG Tellstr. 25,,,4200,580.8,1863.2,,,6644,hco
astellas,Kantonsspital Baden AG,Baden,Schweiz,Kantonsspital Baden AG Im Ergel 1,,,2500,,,,,2500,hco
astellas,Kantonsspital Baselland,Liestal,Schweiz,Kantonsspital Baselland Mühlemattstr. 26,,,648.2,508.8,1014.5,,,2171.5,hco
astellas,Kantonsspital Graubünden,Chur,Schweiz,"Kantonsspital Graubünden, Loestr. 170",,,3000,,,,,3000,hco
astellas,Kantonsspital Münsterlingen Klinik für Urologie,Münsterlingen,Schweiz,Kantonsspital Münsterlingen Spitalcampus 1,,,1000,,,,,1000,hco
astellas,Kantonsspital St. Gallen,St. Gallen,Schweiz,"Kantonsspital St. Gallen, Rorschacherstr. 95",,,13325.9,,,5950,,19275.9,hco
astellas,Kantonsspital Winterthur Medizinische Onkologie,Winterthur,Schweiz,"Kantonsspital Winterthur, Brauerstr. 15",,,7000,,,,,7000,hco
astellas,Kantonsspital Winterthur Urologische Klinik,Winterthur,Schweiz,"Kantonsspital Winterthur, Brauerstr. 15",,,2500,,,,,2500,hco
astellas,Kinderspital Zürich,Zürich,Schweiz,"Kinderspital Zürich, Steinwiesstr. 75",,,1000,,,,,1000,hco
astellas,Klinik Schützen Rheinfelden,Rheinfelden,Schweiz,Klinik Schützen Rheinfelden Bahnhofstr. 19,,,2500,,,,,2500,hco
astellas,LH Medical Management GmbH,Liestal,Schweiz,LH Medical Management GmbH Sonnenweg 27,,,1900,,,,,1900,hco
astellas,Luzerner Kantonsspital,Luzern,Schweiz,"Luzerner Kantonsspital, Spitalstr. 31",,,1400,1525,821.7,,,3746.7,hco
astellas,Onkologiepflege Schweiz,Kleinandelfingen,Schweiz,Onkologiepflege Schweiz Hirstigstr. 13,,2750,2500,,,,,5250,hco
astellas,Ospedale Bellinzona e Valli EOC,Bellinzona,Schweiz,Ospedale Bellinzona e Valli EOC Via Ospedale,,,4500,,,,,4500,hco
astellas,Ospedale Regionale La Carità,Locarno,Schweiz,Ospedale Regionale La Caritä Via all'Ospedale 1,,,,1282.8,1714.8,,,2997.6,hco
astellas,Quadrimed,Crans-Montana,Schweiz,Quadrimed Case postale 299,,,7584,,,,,7584,hco
astellas,S. Grasso Consulting,Lindau,Schweiz,S. Grasso Consulting Fischeracherstr. 17,,,10300,,,,,10300,hco
astellas,SAKK,Bern,Schweiz,SAKK Effingerstr. 33,,30000,51000,,,,,81000,hco
astellas,Samo - Geschäftsstelle,Bern,Schweiz,Samo - Geschäftsstelle Effingerstr. 40,,1500,8000,,,,,9500,hco
astellas,Schweizerische Gesellschaft für Infektiologie,Bern,Schweiz,SGInf Schw. Gesel. Infektiologie Freiburgstr. 18,,,19500,,,,,19500,hco
astellas,See-Spital Horgen,Horgen,Schweiz,See-Spital Horgen Asylstr. 19,,,500,,,,,500,hco
astellas,Sgaim,Bern,Schweiz,SGAIM Monbijoustr. 43,,,17640,,,,,17640,hco
astellas,SGI,Basel,Schweiz,SGI Münsterberg 1,,,3500,,,,,3500,hco
astellas,SGN,Worb,Schweiz,"SGN Postfach 567, Worb",,,6240,,,,,6240,hco
astellas,Sgu-Ssu,Montreux,Schweiz,SGU-SSU Avenue des Planches 15,,,52600,,,,,52600,hco
astellas,Stadtspital Triemli Stift für wiss. Forschung Triemli,Zürich,Schweiz,Stadtspital Triemli Birmensdorferstr. 497,,,2700,,,,,2700,hco
astellas,Stiftung SONK St. Gallen Oncology Conferences,St. Gallen,Schweiz,Stiftung SONK Rorschacher Str. 150,,4437,,,,,,4437,hco
astellas,Stiftung Urologische Forschung,Zürich,Schweiz,Stiftung Urologische Forschung Claridenstr. 25,,,7000,,,,,7000,hco
astellas,Swiss Transplantation Society,Cheseaux-sur-Lausanne,Schweiz,Swiss Transplantation Society c/o meeting. com Sàrl,,35000,25000,,,,,60000,hco
astellas,Swiss Tumor Institute PI. Zurich,Zürich,Schweiz,Swiss Tumor Institute PI. Zürich Seefeldstr. 214,,,24600,,,,,24600,hco
astellas,Union for International Cancer Control,Genève,Schweiz,Union for International Cancer Route de Frontenex 62,,,136278.3,,,,,136278.3,hco
astellas,Universität Basel Institut für Pflegewissenschaft,Basel,Schweiz,Universität Basel Petersplatz 1,,,,,,2251,,2251,hco
astellas,Universitätsspital Basel Klinik für Infektiologie,Basel,Schweiz,Universitätsspital Basel Spitalstr. 21,,21000,2500,,,,,23500,hco
astellas,Universitätsspital Basel Klinik für Transplantationsimmunologie,Basel,Schweiz,Universitätsspital Basel Spitalstr. 21,,0,5450,,,1200,,6650,hco
astellas,Universitätsspital Basel Medizinische Onkologie,Basel,Schweiz,Universitätsspital Basel Spitalstr. 21,,,2000,,,1750,,3750,hco
astellas,Universitätsspital Basel Urologische Klinik,Basel,Schweiz,Universitätsspital Basel Spitalstr. 21,,,,1525,1664.5,1200,,4389.5,hco
astellas,UniversitätsSpital Zürich,Zürich,Schweiz,"Universitätsspital Zürich, Rämistr. 100",,43500,25500,344.7,2574.3,2582.5,,74501.5,hco
astellas,Verein Lunge Zürich,Zürich,Schweiz,Verein Lunge Zürich Pfingstweidstr. 10,,,4000,,,,,4000,hco
astellas,Alain Bitton,Genève,Schweiz,Cabinet Dr Bitton Alain Route de Florissant 95,,,,,,1200,,1200,hcp
astellas,Alain Mottaz,Lausanne,Schweiz,Centre Lémanique d'Urologie Lausanne,,,,,,750,,750,hcp
astellas,Amina Chouiter-Djebaili,La Chaux-de-Fonds,Schweiz,Hôpital La Chaux-de-Fonds Rue de Chasseral 20,,,,268.9,978,,,1246.9,hcp
astellas,Bernard Chevaux,Vevey,Schweiz,Hôpital Riviera Chablais VD-VS Avenue de la Prairie 3,,,,580.8,1924.4,,,2505.2,hcp
astellas,Boris Fischer,Zürich,Schweiz,Stadtspital Triemli Birmensdorferstr. 497,,,,257.5,927.6,750,,1935.1,hcp
astellas,Carlo Balmelli,Lugano,Schweiz,"Ospedale Regionale di Lugano, Via Tesserete 46",,,,432.7,1093.3,,,1526,hcp
astellas,Charles-Henry Rochat,Genève,Schweiz,"Cabinet Ch. Beau Soleil 12, Genève",,,,,,750,,750,hcp
astellas,Christian De Pree,Genève,Schweiz,Cabinet Dr De Pree / Dr Tüllen Chemin de Beau Soleil 22,,,,268.9,1044.2,,,1313.1,hcp
astellas,Christian Toso,Genève,Schweiz,Hôpitaux Universitaires Genève Rue Gabrielle Perret-Gentil 4,,,,,,,817.7,817.7,hcp
astellas,Christophe Iselin,Genève,Schweiz,Hôpitaux Universitaires Genève Rue Gabrielle Perret-Gentil 4,,,,1386.4,1605.9,,,2992.3,hcp
astellas,Daniel Betticher,Fribourg,Schweiz,HFR Fribourg-Hôpital Cantonal Chemin des Pensionnats 2,,,,,,1500,,1500,hcp
astellas,Daniel Engeler,St. Gallen,Schweiz,"Kantonsspital St. Gallen, Rorschacherstr. 95",,,,,,1000,,1000,hcp
astellas,Daniel Seiler,Zürich,Schweiz,Zentrum für Urologie Witellikerstr. 40,,,,357.5,740.9,1750,,2848.4,hcp
astellas,David Amos Scheiner,Zürich,Schweiz,"Universitätsspital Zürich, Rämistr. 100",,,,493.5,936.1,,,1429.6,hcp
astellas,Felix Trinkler,Zollikon,Schweiz,UroZentrum Zürich Forchstr. 424,,,,,,1250,,1250,hcp
astellas,Fernando Jermini,Lugano,Schweiz,Studio Dr. Jermini Fernando Via Dufour 4,,,,308,1131.1,,,1439.1,hcp
astellas,Frank Paul Philipp Wilhelm Mayer,Chêne-Bougeries,Schweiz,Cabinet Dr Schmidlin / Dr Mayer Route de Chine 110,,,,198,1059.7,,,1257.7,hcp
astellas,Frédéric Yves Chollet,Meyrin,Schweiz,Cabinet Avenue J.-D.-Maillard 9,,,,,,750,,750,hcp
astellas,Georg Martin Daepp,Biel/Bienne,Schweiz,"Spitalzentrum Biel AG, Vogelsang 84",,,,,,1000,,1000,hcp
astellas,Daniel Georgiev Koychev,Rapperswil SG,Schweiz,Tumorzentrum ZeTuP Rapperswil Alte Jonastr. 24,,,,580.8,1930.5,,,2511.3,hcp
astellas,Glenn Füchsel,Bad Zurzach,Schweiz,Praxis Dr. Füchsel Glenn Hauptstr. 48,,,,493.5,692.6,,,1186.1,hcp
astellas,Gregory Wirth,Genève,Schweiz,Hôpitaux Universitaires Genève Rue Gabrielle Perrel-Gentil 4,,,327,346.5,,,,673.5,hcp
astellas,Hans-Peter Schmid,St. Gallen,Schweiz,"Kantonsspital St. Gallen, Rorschacherstr. 95",,,,,,1500,,1500,hcp
astellas,Hansjörg Danuser,Luzern,Schweiz,"Luzerner Kantonsspital, Spitalstr. 31",,,,198,1063.7,,,1261.7,hcp
astellas,Hanspeter Boss,Spiez,Schweiz,Urozentrum Beo Schoneggstr. 21,,,,,,750,,750,hcp
astellas,Heidi Dazzi,Dietikon,Schweiz,Praxis TUCARE Heimstr. 1,,,,,,750,,750,hcp
astellas,Isabel Reilly,Schaffhausen,Schweiz,Praxis Dr. Reilly Isabel Steigstr. 51,,,,,,1000,,1000,hcp
astellas,Jarema Ostapiuk,Rüti ZH,Schweiz,Gemeinschaftspraxis Dorfstr. 44,,,,493.5,503.7,,,997.2,hcp
astellas,Jean Vi Ilard,Genève,Schweiz,Hôpitaux Universitaires Genève Rue Gabrielle Perrel-Gentil 4,,,,,1000,,,1000,hcp
astellas,Jean-Claude Marti,Biel,Schweiz,"Praxis Unterer Quai 92, Biel",,,,,,750,,750,hcp
astellas,Johannes Eberle,Bern,Schweiz,Praxis Dr. Eberle Johannes Schänzlihalde 11,,,,,,750,,750,hcp
astellas,Karine Hadaya,Genève,Schweiz,Hôpitaux Universitaires Genève Rue Gabrielle Perret-Gentil 4,,,,,,1000,,1000,hcp
astellas,Ladislav Prikler,Bülach,Schweiz,Uroviva AG Bülach,,,,,,750,,750,hcp
astellas,Leander Vinzent Schürch,Thun,Schweiz,Spital STS AG Spital Thun Krankenhausstr. 12,,,,,923.6,,,923.6,hcp
astellas,Marco Bonani,Zürich,Schweiz,"Universitätsspital Zürich, Rämistr. 100",,,,,88,1000,,1088,hcp
astellas,Maria Ziembrowski,Frauenfeld,Schweiz,Praxis Dr. Ziembrowski Maria Kurzfeldstr. 1,,,,,500,,,500,hcp
astellas,Markus Zahner,Wettingen,Schweiz,Praxis Dr. Zahnet Markus Bahnhotstr. 88,,,1138.8,1096.6,,,,2235.4,hcp
astellas,Martin Deckers,Kaiseraugst,Schweiz,Gynäkologie am Rhy Tränkgasse 5,,,,493.5,735.6,,,1229.1,hcp
astellas,Mathias Schmid,Zürich,Schweiz,Stadtspital Triemli Birmensdorferstr. 497,,,,,,750,,750,hcp
astellas,Markus Maximilian Borner,Biel/Bienne,Schweiz,"Spitalzentrum Biel AG, Vogelsang 84",,,,320,4637.3,1500,,6457.3,hcp
astellas,Michael Müntener,Zürich,Schweiz,Stadtspital Triemli Birmensdorferstr. 497,,,,,,750,,750,hcp
astellas,Mirjam Huwyler,Luzern,Schweiz,Urologik AG Zürichstr. 5,,,,751,1010.9,,,1761.9,hcp
astellas,Monika Jermann,Zürich,Schweiz,Praxis Dr. Reichlin/Dr. Jermann Toblerstr. 50,,,,523.2,725.6,,,1248.8,hcp
astellas,Nicolas Johannes Müller,Zürich,Schweiz,"Universitätsspital Zürich, Rämistr. 100",,,,,,1500,,1500,hcp
astellas,Nina Combaz,Sion,Schweiz,Cabinet de gynécologie Rue De Pré-fleuri 19B,,,,493.5,764.2,,,1257.7,hcp
astellas,Noémie Wagner,Genève,Schweiz,"Hôpitaux Universitaires Genève. Sce de pédiarie générale, Rue Wlliy-Donzé 6",,,432.7,1113.9,,,,1546.6,hcp
astellas,Peter Erik van der Velde,Spiez,Schweiz,Urozentrum Beo Schoneggstr. 21,,,,357.5,880,,,1237.5,hcp
astellas,Poyo Paul Mbayo,Genève,Schweiz,Permanence de Plainpalais Rue de Carouge 17-19,,,,922.9,1688.6,,,2611.5,hcp
astellas,Roberto Carando,Minusio,Schweiz,Studio Dr. Carando Roberto Via San Gottardo 56,,,,922.9,1713.4,,,2636.3,hcp
astellas,Rüdiger Mascus,Baden,Schweiz,Kantonsspital Baden AG Im Ergel 1,,,,493.5,903.1,,,1396.6,hcp
astellas,Rudolf Peter Wüthrich,Zürich,Schweiz,"Universitätsspital Zürich, Rämistr. 100",,,590.7,1603.4,1200,88,,3482.1,hcp
astellas,Sharmistha Guggenbühl-Roy,Zürich,Schweiz,Praxisgemeinschaft im Posthaus Hofwiesen Str. 3,,,,922.9,1718.9,,,2641.8,hcp
astellas,Stephan Holliger,Biel/Bienne,Schweiz,Privatklinik Linde AG Blumenrain 105,,,,,,750,,750,hcp
astellas,Susanne Reichert,Bülach,Schweiz,Uroviva Zürichstr. 5,,,,839,1530,,,2369,hcp
astellas,Tamas Németh,St. Gallen,Schweiz,Urologie am Stephanshom Brauerstr. 95,,,,1138.8,1533.8,,,2672.6,hcp
astellas,Thomas Egger,Solothurn,Schweiz,Bürgerspital Solothum Onkologiezentrum Schöngrünstr. 38,,,,268.9,854.3,,,1123.2,hcp
astellas,Thomas Sauter,Rapperswil SG,Schweiz,Uroklinik Rapperswil Kniestr. 29,,,,,,750,,750,hcp
astellas,Ulf Petrausch,Zürich,Schweiz,OnkoZentrum Zürich AG Seestr. 259,,,,268.9,816.8,,,1085.7,hcp
astellas,Urs Bangerter,Zollikon,Schweiz,Urozentrum Zollikon,,,,,,750,,750,hcp
astellas,Urs Straumann,Uster,Schweiz,Praxis Dr. Straumann Urs Freiestr. 1,,,,,,1500,,1500,hcp
astellas,Ursula Kapp,Wetzikon ZH,Schweiz,GZO Spital Wetzikon Spitalstr. 66,,,,268.9,902,,,1170.9,hcp
astellas,Veronika Ballova,Baden,Schweiz,Kantonsspital Baden AG Im Ergel 1,,,,268.9,725.6,,,994.5,hcp
astellas,Veronique Membrez,Sierre,Schweiz,CMI Cabinet médical lllhorn Route De Sion 31,,,,353.1,1924.4,,,2277.5,hcp
astellas,Virgilijus Klevecka,Visp,Schweiz,Spitalzentrum Oberwallis Pflanzettastr. 8,,,,,,750,,750,hcp
astellas,Yan Tuchschmid,Genève,Schweiz,Cabinet Dr Tuschmid Yan Avenue Eugène-Pittard 34,,,,,,750,,750,hcp
