company,name,location,country,address,uci,donations_grants,sponsorship,registration_fees,travel_accommodation,fees,related_expenses,total,type
astrazeneca,AMIS Plus Stiftung,Zürich,Schweiz,Hirschengraben 84,,,39000,,,,,39000,hco
astrazeneca,Appenzellische Ärztegesellschaft,Bühler,Schweiz,Dorfstr. 50,,,2000,,,,,2000,hco
astrazeneca,ARAM - Association Romande des Assistantes Médicales,Lausanne,Schweiz,,,,500,,,,,500,hco
astrazeneca,Arbeitsgemeinschaft für Gynäkologische Endoskopie,Bern,Schweiz,Thunstr. 27,,,3300,,,,,3300,hco
astrazeneca,Arbeitsgruppe Lipide und Atherosklerose,Steinhausen,Schweiz,Sennweidstr. 46,,,20800,,,,,20800,hco
astrazeneca,Ärzte mit Patientenapotheke,St. Gallen,Schweiz,Kolumbanstr. 2,,,,,,400,,400,hco
astrazeneca,Ärzteverein Davos,Davos Platz,Schweiz,Talstrassse 41,,,3750,,,,,3750,hco
astrazeneca,Ärztegesellschaft Thurgau,Frauenfeld,Schweiz,Zeughausstr. 16,,,2200,,,,,2200,hco
astrazeneca,Ärztekongress Arosa,Arosa,Schweiz,Postfach,,,4680,,,,,4680,hco
astrazeneca,Ärztenetzwerk Grauholz,Urtenen-Schönbühl,Schweiz,Solothurnstr. 43,,,2000,,,,,2000,hco
astrazeneca,Ärzteverein Davos,Davos Platz,Schweiz,Promenade 4,,,3000,,,,,3000,hco
astrazeneca,Ärztezentrum Täfernhof,Dättwil AG,Schweiz,Mellingerstr. 207,,,,,,800,,800,hco
astrazeneca,Ass. Mendrisio Medical Meeting,Minusio,Schweiz,Via Cadogno 1,,,1500,,,,,1500,hco
astrazeneca,Association Fribourgeoise du diabète,Fribourg,Schweiz,Route St-Nicolas-de-Flüe 2,,,278,,,,,278,hco
astrazeneca,Association Genevoise d'Asthme,Genève,Schweiz,Rue Emile-Yung 11,,,1000,,,,,1000,hco
astrazeneca,Brustzentrum Kantonsspital SG,St. Gallen,Schweiz,Rorschacher Str. 95,,,3500,,,600,,4100,hco
astrazeneca,Brustzentrum Thurgau,Frauenfeld,Schweiz,Waldeggstr. 8a,,,3000,,,,,3000,hco
astrazeneca,Bündner Oberländer Ärzteverein,Vella,Schweiz,Sumsiaras 117b,,,3000,,,,,3000,hco
astrazeneca,Cardiocentro Ticino,Lugano,Schweiz,Via Tesserete 48,,,8800,,,,,8800,hco
astrazeneca,Centre Hospitalier Universitaire Vaudois,Lausanne,Schweiz,Rue du Bugnon 46,,,2000,,,,,2000,hco
astrazeneca,Centre Hospitalier Universitaire Vaudois,Lausanne,Schweiz,Rue du Bugnon 46,,,4000,,,5222,,9222,hco
astrazeneca,Centre Hospitalier Universitaire Vaudois,Lausanne,Schweiz,Rue du Bugnon 46,,,1389,,,,,1389,hco
astrazeneca,Centre Hospitalier Universitaire Vaudois,Lausanne,Schweiz,Rue du Bugnon 46,,,5093,,,2300,,7393,hco
astrazeneca,Centre Hospitalier Universitaire Vaudois,Lausanne,Schweiz,Rue du Bugnon 46,,,,,,1111,,1111,hco
astrazeneca,Centre Hospitalier Universitaire Vaudois,Lausanne,Schweiz,Rue du Bugnon 46,,,1000,,,2000,,3000,hco
astrazeneca,Centre Hospitalier Universitaire Vaudois,Lausanne,Schweiz,Rue du Bugnon 46,,,7630,,,9830,96,17556,hco
astrazeneca,Centre Hospitalier Universitaire Vaudois,Lausanne,Schweiz,Rue du Bugnon 46,,,4000,,,,,4000,hco
astrazeneca,Centre Hospitalier Universitaire Vaudois,Lausanne,Schweiz,Rue du Bugnon 46,,,1000,,,,,1000,hco
astrazeneca,Centre Hospitalier Universitaire Vaudois,Lausanne,Schweiz,Rue du Bugnon 46,,,20100,,,500,,20600,hco
astrazeneca,Centre Médico-Chirurgical de la Broye SA,Payerne,Schweiz,Rue de Guillermaux 8,,,5000,,,,,5000,hco
astrazeneca,Château-d'Oex-Hôp. du Pays-d'Enhaut,Château-d'Oex,Schweiz,Route de l'Hôpital 17,,,463,,,,,463,hco
astrazeneca,Circolo Medico Locarno e Dintorni,Ascona,Schweiz,Via Lido 27,,,2500,,,,,2500,hco
astrazeneca,Clinica Luganese Moncucco SA,Lugano,Schweiz,Via Moncucco 10,,,700,,,,,700,hco
astrazeneca,Coalat,Lausanne,Schweiz,Rue du Bugnon 46,,,1000,,,,,1000,hco
astrazeneca,Conférences de Pneumologie,Martigny,Schweiz,Rue des Morasses 4,,,3000,,,,,3000,hco
astrazeneca,Conqrès Médical QUADRIMED,Crans-Montana,Schweiz,Case postale 299,,,3370,,,,,3370,hco
astrazeneca,Corsier-sur-Vevey-Fondation de Nant Service soignant,Corsier-sur-Vevey,Schweiz,Route De Nant,,,2500,,,,,2500,hco
astrazeneca,Davos Wolfgang,Davos Wolfgang,Schweiz,Herman Burchard Str. 1,,,1500,,,,,1500,hco
astrazeneca,DIAfit,Bern,Schweiz,Inselspital c/o Präventive Kardiologie & Sportmedizin,,,15000,,,,,15000,hco
astrazeneca,EQUAM Stiftung,Bern,Schweiz,Effingerstr. 25,,5400,,,,,,5400,hco
astrazeneca,Espace Compétences Centre de formation de la santé,Cully,Schweiz,Route de Grandvaux 14,,,350,,,,,350,hco
astrazeneca,Espace de Chimiothérapie et d'Oncologie,Lausanne,Schweiz,Avenue du Théâtre 7,,,2000,,,,,2000,hco
astrazeneca,eSwiss Medical & Surgical Center AG,St. Gallen,Schweiz,Brauerstr. 97,,,2500,,,1250,116,3866,hco
astrazeneca,European School of Oncology,Bellinzona,Schweiz,Piazza Indipendenza 2,,,1950,,,,,1950,hco
astrazeneca,ESMO European Society for Medical Oncology,Lugano,Schweiz,Via Luigi Taddei 4,,82453,824631,,,32723,,939807,hco
astrazeneca,European Society of Gynaecological Oncology,Genève,Schweiz,Rue Chantepoulet 1-3,,,81808,,,,,81808,hco
astrazeneca,evidentia AG,Zürich,Schweiz,Seefeldstr. 90,,8100,,,,,,8100,hco
astrazeneca,Fondation fribourgeoise pour la recherche et la formation sur le cancer,Bourguillon,Schweiz,Rue Max von Sachsen 4,,,7500,,,,,7500,hco
astrazeneca,Fondation pour la recherche de la cardiologie universitaire Genève,Genève,Schweiz,Rue Micheli-du-Crest 24,,,5500,,,2800,,8300,hco
astrazeneca,Fondazione Psicooncologica,Lugano,Schweiz,Via Fogazzaro 3,,,5000,,,,,5000,hco
astrazeneca,Forum Managed Care,Neuägeri,Schweiz,Zugerstr. 193,,,,,,140,,140,hco
astrazeneca,Groupe Médecine & Hygiène,Chêne-Bourg,Schweiz,Chemin de la Mousse 46,,,2800,,,,,2800,hco
astrazeneca,Groupe Qualité du Coeur de la Côte,Aubonne,Schweiz,Rue de Trévelin 38,,,1500,,,,,1500,hco
astrazeneca,Groupement Vaudois des Spécialistes en Allergologie et Immunologie Clinique,Lausanne,Schweiz,Avenue Rumine 27,,,1000,,,,,1000,hco
astrazeneca,Gruppo Medico Formazione,Giubiasco,Schweiz,Casella Postale 823,,,3300,,,,,3300,hco
astrazeneca,GSASA Schweizerischer Verein der Amts- und Spitalapotheker,Bern,Schweiz,,,,21000,,,,,21000,hco
astrazeneca,Hôpital Cantonal de Fribourg,Fribourg,Schweiz,Chemin des Pensionnats 2-6,,,1500,,,,,1500,hco
astrazeneca,Hôpital Cantonal de Fribourg,Fribourg,Schweiz,Chemin des Pensionnats 2-6,,,1000,,,,,1000,hco
astrazeneca,Hôpital Cantonal de Fribourg,Fribourg,Schweiz,Chemin des Pensionnats 2-6,,,1500,,,,,1500,hco
astrazeneca,Hôpital de Nyon,Nyon,Schweiz,Avenue Perdtemps 3,,,1500,,,,,1500,hco
astrazeneca,Hôpital du Jura,Delémont,Schweiz,Faubourg des Capucins 30,,,500,,,,,500,hco
astrazeneca,Hôpital du Jura Bernois SA,St-Imier,Schweiz,Les Fontenayes 17,,,2700,,,,,2700,hco
astrazeneca,Hôpital Intercantonal de la Broye,Estavayer-le-Lac,Schweiz,Rue de la Rochette,,,2000,,,,,2000,hco
astrazeneca,Hôpital La Tour SA,Meyrin,Schweiz,Avenue J.-D.-Maillard 3,,,2000,,,,,2000,hco
astrazeneca,Hôpital Neuchâtelois Pourtales,Neuchâtel,Schweiz,Rue de la Maladière 45,,,,,,203,,203,hco
astrazeneca,Hôpital régional,Delémont,Schweiz,Faubourg des Capucins 30,,,2000,,,,,2000,hco
astrazeneca,Hôpital régional,Delémont,Schweiz,Faubourg des Capucins 30,,,1000,,,,,1000,hco
astrazeneca,Hôpital régional,Delémont,Schweiz,Faubourg des Capucins 30,,,1500,,,,,1500,hco
astrazeneca,Hôpital régional Sion,Sion,Schweiz,Avenue du Grand-Champsec 80,,,2000,,,,,2000,hco
astrazeneca,Hôpital régional Sion,Sion,Schweiz,Avenue du Grand-Champsec 80,,,2000,,,,,2000,hco
astrazeneca,Hôpital régional Sion,Sion,Schweiz,Avenue du Grand-Champsec 80,,,2000,,,,,2000,hco
astrazeneca,Hôpital régional Sion,Sion,Schweiz,Avenue du Grand-Champsec 80,,,2000,,,,,2000,hco
astrazeneca,Hôpital Riviera Samaritain Vevey,Vevey,Schweiz,Boulevard Paderewski 3,,,1000,,,,,1000,hco
astrazeneca,Hôpitaux universitaire de Genève,Genève,Schweiz,Rue Gabrielle-Perret-Gentil 4,,,2000,,,,,2000,hco
astrazeneca,Hôpitaux universitaire de Genève,Genève,Schweiz,Rue Gabrielle-Perret-Gentil 4,,,10000,,,,,10000,hco
astrazeneca,Hôpitaux universitaire de Genève,Genève,Schweiz,Rue Gabrielle-Perret-Gentil 4,,,4500,,,,,4500,hco
astrazeneca,Hôpitaux universitaire de Genève,Genève,Schweiz,Rue Gabrielle-Perret-Gentil 4,,,6000,,,,,6000,hco
astrazeneca,Igomed,Thun,Schweiz,Goldiwilstr. 36a,,,2200,,,,,2200,hco
astrazeneca,Insel Gruppe AG,Bern,Schweiz,Freiburgstr. 18,,,5000,,,,,5000,hco
astrazeneca,Insel Gruppe AG,Bern,Schweiz,Freiburgstr. 18,,,3000,,,,,3000,hco
astrazeneca,Insel Gruppe AG,Bern,Schweiz,Freiburgstr. 18,,,4320,,,,,4320,hco
astrazeneca,Insel Gruppe AG,Bern,Schweiz,Freiburgstr. 18,,,15250,,,1250,,16500,hco
astrazeneca,Insel Gruppe AG,Bern,Schweiz,Freiburgstr. 18,,,3000,,,,,3000,hco
astrazeneca,Insel Gruppe AG,Bern,Schweiz,Freiburgstr. 18,,,,,,428,,428,hco
astrazeneca,Insel Gruppe AG,Bern,Schweiz,Freiburgstr. 18,,,10000,,,,,10000,hco
astrazeneca,Insel Gruppe AG,Bern,Schweiz,Freiburgstr. 18,,,2000,,,,,2000,hco
astrazeneca,Insel Gruppe AG,Bern,Schweiz,Freiburgstr. 18,,,,,,5400,176,5576,hco
astrazeneca,Inselspital-Stiftung,Bern,Schweiz,Freiburgstr. 18,,,,,86,,,86,hco
astrazeneca,Institut für Forschung und Fortbildung in der Medizin GmbH,Burgdorf,Schweiz,Oberburgstr. 10,,,1600,,,,,1600,hco
astrazeneca,Kantonsspital Aarau AG,Aarau,Schweiz,Tellstr. 1,,,6480,,,,,6480,hco
astrazeneca,Kantonsspital Aarau AG,Aarau,Schweiz,Tellstr. 1,,,2200,,,,,2200,hco
astrazeneca,Kantonsspital Aarau AG,Aarau,Schweiz,Tellstr. 1,,,10000,,,,,10000,hco
astrazeneca,Kantonsspital Baden AG,Baden,Schweiz,Im Ergel 1,,,2852,,,,,2852,hco
astrazeneca,Kantonsspital Baden AG,Baden,Schweiz,Im Ergel 1,,,,,,608,,608,hco
astrazeneca,Kantonsspital Baselland,Liestal,Schweiz,Mühlemattstr. 26,,,,,,500,,500,hco
astrazeneca,Kantonsspital Baselland,Liestal,Schweiz,Mühlemattstr. 26,,,,,,6500,,6500,hco
astrazeneca,Kantonsspital Glarus,Glarus,Schweiz,Burgstr. 99,,,1000,,,,,1000,hco
astrazeneca,Kantonsspital Graubünden,Chur,Schweiz,Loestr. 170,,,5000,,,1455,,6455,hco
astrazeneca,Kantonsspital Münsterlingen,Münsterlingen,Schweiz,Spitalcampus 1,,,1000,,,,,1000,hco
astrazeneca,Kantonsspital Münsterlingen,Münsterlingen,Schweiz,Spitalcampus 1,,,1000,,,,,1000,hco
astrazeneca,Kantonsspital Nidwalden,Stans,Schweiz,Ennetmooserstr. 19,,,8000,,,,,8000,hco
astrazeneca,Kantonsspital Olten,Olten,Schweiz,Baslerstr. 150,,,800,,,,,800,hco
astrazeneca,Kantonsspital Olten,Olten,Schweiz,Baslerstr. 150,,,1600,,,,,1600,hco
astrazeneca,Kantonsspital St. Gallen,St. Gallen,Schweiz,Rorschacher Str. 95,,,2000,,,,,2000,hco
astrazeneca,Kantonsspital St. Gallen,St. Gallen,Schweiz,Rorschacher Str. 95,,,,,,675,,675,hco
astrazeneca,Kantonsspital St. Gallen,St. Gallen,Schweiz,Rorschacher Str. 95,,,4500,,,,,4500,hco
astrazeneca,Kantonsspital St. Gallen,St. Gallen,Schweiz,Rorschacher Str. 95,,,3000,,,,,3000,hco
astrazeneca,Kantonsspital St. Gallen,St. Gallen,Schweiz,Rorschacher Str. 95,,,8000,,,,,8000,hco
astrazeneca,Kantonsspital St. Gallen,St. Gallen,Schweiz,Rorschacher Str. 95,,,,,,203,,203,hco
astrazeneca,Kantonsspital St. Gallen,St. Gallen,Schweiz,Rorschacher Str. 95,,,11400,250,,3037,,14687,hco
astrazeneca,Kantonsspital St. Gallen,St. Gallen,Schweiz,Rorschacher Str. 95,,,,,,135,,135,hco
astrazeneca,Kantonsspital Winterthur,Winterthur,Schweiz,Brauerstr. 15,,,7000,,,,,7000,hco
astrazeneca,Klinik Barmelweid AG,Barmelweid,Schweiz,Barmelweid,,,2000,,,,,2000,hco
astrazeneca,Kollegium für Hausarztmedizin,Fribourg,Schweiz,Rue de l'Hôpital 15,,,10000,,,,,10000,hco
astrazeneca,Le Noirmont-Clinique Medizin,Basel,Schweiz,Missionsstr. 24,,,1000,,,,,1000,hco
astrazeneca,Ligue Pulmonaire Genevoise,Carouge,Schweiz,Avenue du Cardinal-Mermillod 42-44,,,1500,,,,,1500,hco
astrazeneca,Lungenliga Solothurn,Solothurn,Schweiz,Dornacherstr. 33,,,1000,,,,,1000,hco
astrazeneca,Luzerner Kantonsspital,Luzern,Schweiz,Spitalstr.,,,11500,,,1250,,12750,hco
astrazeneca,Luzerner Kantonsspital,Luzern,Schweiz,Spitalstr.,,,500,,,,,500,hco
astrazeneca,Luzerner Kantonsspital,Luzern,Schweiz,Spitalstr.,,,5000,,,,,5000,hco
astrazeneca,Luzerner Kantonsspital Sursee,Sursee,Schweiz,Spitalstr. 16a,,,,,,203,,203,hco
astrazeneca,medswiss. net,Gümligen,Schweiz,Moosstr. 2,,,6000,,,,,6000,hco
astrazeneca,Onkozentrum Zürich AG,Zürich,Schweiz,Seestr. 259,,,,,,1384,,1384,hco
astrazeneca,Ordine dei Medici del Canton Ticino,Mezzovico,Schweiz,Via Cantonale 8,,,1600,,,,,1600,hco
astrazeneca,Ospedale Civico Lugano,Lugano,Schweiz,Via Tesserete 46,,,600,,,,,600,hco
astrazeneca,Ospedale Italiano,Viganello,Schweiz,Viale Pietro Capelli 1,,,2000,,,,,2000,hco
astrazeneca,Ospedale Reg. Bellinzona,Bellinzona,Schweiz,Via Ospedale,,,1250,,,1600,,2850,hco
astrazeneca,Ospedale Reg. Bellinzona,Bellinzona,Schweiz,Via Ospedale,,,6778,,,750,,7528,hco
astrazeneca,Ospedale Reg. Bellinzona,Bellinzona,Schweiz,Via Ospedale,,,500,,,,,500,hco
astrazeneca,Ostschweizer Gesellschaft der ORL Ärzte,Rorschach,Schweiz,Ankerstr. 3,,,2000,,,,,2000,hco
astrazeneca,PizolCare AG,Mels,Schweiz,Flurstr. 12,,,9000,,,,,9000,hco
astrazeneca,Praxisgemeinschaft Bartenstein Karpf,Uster,Schweiz,Poststr. 2,,,,,,1530,,1530,hco
astrazeneca,Programme cantonal Diabète c/o diabètevaud,Lausanne,Schweiz,Avenue de Provence 12,,,3000,,,,,3000,hco
astrazeneca,Regionalspital Emmental AG,Burgdorf,Schweiz,Oberburgstr. 54,,,1000,,,,,1000,hco
astrazeneca,Regionalspital Surselva AG,Ilanz,Schweiz,Spitalstr. 6,,,503,,,,,503,hco
astrazeneca,REMED Association genevoise de médecins travaillant en réseau,Genève,Schweiz,Rue du Conseil-Général 11,,,4000,,,,,4000,hco
astrazeneca,SAMO Swiss Academy of Multidisciplinary Oncology,Bern,Schweiz,Effingerstr. 40,,,49500,,,,,49500,hco
astrazeneca,Schweizerische Arbeitsgemeinschaft für Klinische Krebsforschung,Bern,Schweiz,Effingerstr. 40,,,18500,,,,,18500,hco
astrazeneca,Schweizerische Diabetes Gesellschaft,Baden,Schweiz,Rütistr. 3 A,,,22695,,,1166,,23861,hco
astrazeneca,Schweizerische Gesellschaft für Allgemeine Innere Medizin,Basel,Schweiz,Monbijoustr. 43,,,6860,,,,,6860,hco
astrazeneca,Schweizerische Gesellschaft für Endokrinologie und Diabetologie,Baden,Schweiz,Rütistr. 3 A,,,64300,,,,,64300,hco
astrazeneca,Schweizerische Gesellschaft für Gynäkologie und Geburtshilfe,Bern,Schweiz,Altenbergstr. 29,,,6350,,,,,6350,hco
astrazeneca,Schweizerische Gesellschaft für Herz- und thorakale Gefässchirurgie,Zürich,Schweiz,Birmensdorferstr. 497,,,5000,,,,,5000,hco
astrazeneca,Schweizerische Gesellschaft für Kardiologie,Bern,Schweiz,Schwarztorstr. 18,,,33360,,,,,33360,hco
astrazeneca,Schweizerische Gesellschaft für Notfall- und Rettungsmedizin,Bern,Schweiz,Wattenwylweg 21,,,500,,,,,500,hco
astrazeneca,Schweizerische Gesellschaft für Urologie,Montreux,Schweiz,Avenue des Planches 15,,,3500,,,,,3500,hco
astrazeneca,Schweizerische Hypertonie Gesellschaft,Bern,Schweiz,Schwarztorstr. 18,,,6000,,,,,6000,hco
astrazeneca,Schweizerische Pädiatrische Onkologie Gruppe SPOG,Bern,Schweiz,Effingerstr. 40,,,2000,,,,,2000,hco
astrazeneca,Schweizerischer Verband Medizinischer Praxisassistentinnen,Chur,Schweiz,Tittwiesenstr. 60,,,1700,,,,,1700,hco
astrazeneca,SETE Société d'Education Thérapeutique Européenne,Genève,Schweiz,Chemin Venel 7,,,4000,,,,,4000,hco
astrazeneca,Sgim - Ssmi,Basel,Schweiz,Solothurnertrasse 68,,,9800,,,,,9800,hco
astrazeneca,Sgpghe,Winterthur,Schweiz,Brauerstr. 15,,,500,,,,,500,hco
astrazeneca,Schweizerische Gesellschaft der Vertrauens- und Versicherungsärzte SGV,Winterthur,Schweiz,Industriestr. 24,,,25000,,,,,25000,hco
astrazeneca,SNM Société Neuchâteloise de Médecine,Couvet,Schweiz,Grand'Rue 36BIS,,,2500,,,,,2500,hco
astrazeneca,Solothurner Spitäler AG,Solothurn,Schweiz,Schöngrünstr. 42,,,1852,,,,,1852,hco
astrazeneca,Spital Davos AG,Davos Platz,Schweiz,Promenade 4,,,3000,,,,,3000,hco
astrazeneca,Spital Davos AG,Davos Platz,Schweiz,Promenade 4,,,3000,,,,,3000,hco
astrazeneca,Spital Herisau,Herisau,Schweiz,Spitalstr. 6,,,1000,,,,,1000,hco
astrazeneca,Spital Limmattal,Schlieren,Schweiz,Urdorferstr. 100,,,4000,,,,,4000,hco
astrazeneca,Spital Oberengadin,Samedan,Schweiz,Via Nouva 3,,,2000,,,,,2000,hco
astrazeneca,Spital STS,Zweisimmen,Schweiz,Karl Haueter-Str. 21,,,2000,,,,,2000,hco
astrazeneca,St. Claraspital AG,Basel,Schweiz,Kleinriehenstr. 30,,,1000,,,825,,1825,hco
astrazeneca,St. Claraspital AG,Basel,Schweiz,Kleinriehenstr. 30,,,4000,,,,,4000,hco
astrazeneca,Stadtspital Triemli,Zürich,Schweiz,Birmensdorferstr. 497,,,3500,,,600,,4100,hco
astrazeneca,Ste-Croix-Réseau Santé Balcon du Jura. vd Méd. Hématologie,Ste-Croix,Schweiz,Rue des Rosiers 29,,,2000,,,,,2000,hco
astrazeneca,Stiftung für Herz- und Kreislaufforschung,Zürich,Schweiz,Moussonstr. 4,,200000,51500,,,,,251500,hco
astrazeneca,Stiftung für wissenschaftliche Forschung am Stadtspital Triemli,Zürich,Schweiz,Birmensdorferstr. 497,,,300,,,3500,,3800,hco
astrazeneca,Stiftung Prostatakrebsforschung,Aarau,Schweiz,Postfach,,,8100,,,,,8100,hco
astrazeneca,Stiftung SONK St. Gallen Oncology Conferences,St. Gallen,Schweiz,Rorschacher Str. 150,,,5214,,,,,5214,hco
astrazeneca,Swiss Association of Gastrointestinal Pathology,Bern,Schweiz,Murtenstr. 31,,,5000,,,,,5000,hco
astrazeneca,Swiss Tumor Board,Lindau,Schweiz,Fischeracherstr. 17,,,1000,,,,,1000,hco
astrazeneca,Swiss Tumor Immunology Institute,Zürich,Schweiz,Seestr. 259,,,10000,,,,,10000,hco
astrazeneca,Swiss Tumor Institute,Zürich,Schweiz,Seefeldstr. 214,,,10200,,,,,10200,hco
astrazeneca,SwissDiab,St. Gallen,Schweiz,Rorschacherstr.,,,15000,,,,,15000,hco
astrazeneca,TUCARE Dietikon,Dietikon,Schweiz,Heimstr. 1,,,,,,600,,600,hco
astrazeneca,Tumorzentrum ZeTuP Rapperswil,Rapperswil SG,Schweiz,Alte Jonastr. 24,,,500,,,203,,703,hco
astrazeneca,Universität St. Gallen,St. Gallen,Schweiz,Dufourstr. 50,,,,,,1159,1222,2381,hco
astrazeneca,Universitätsspital Basel,Basel,Schweiz,Petersgraben 4,,,4640,,,1100,,5740,hco
astrazeneca,Universitätsspital Basel,Basel,Schweiz,Petersgraben 4,,,,,,1500,,1500,hco
astrazeneca,Universitätsspital Basel,Basel,Schweiz,Petersgraben 4,,,27500,,,1500,,29000,hco
astrazeneca,Universitätsspital Basel,Basel,Schweiz,Petersgraben 4,,,6000,,,800,,6800,hco
astrazeneca,Universitätsspital Basel,Basel,Schweiz,Petersgraben 4,,,1000,,,750,,1750,hco
astrazeneca,Universitätsspital Basel,Basel,Schweiz,Petersgraben 4,,,2000,,,,,2000,hco
astrazeneca,UniversitätsSpital Zürich,Zürich,Schweiz,Rämistr. 100,,,20000,,,,,20000,hco
astrazeneca,UniversitätsSpital Zürich,Zürich,Schweiz,Rämistr. 100,,,20000,,,,,20000,hco
astrazeneca,UniversitätsSpital Zürich,Zürich,Schweiz,Rämistr. 100,,,2500,,,3031,,5531,hco
astrazeneca,Verein Gastroenterologie Zürich,Zürich,Schweiz,Seestr. 90,,,1500,,,,,1500,hco
astrazeneca,Verein Lunge Zürich Kongresse,Zürich,Schweiz,Wilfriedstr. 7,,,6480,,,5000,,11480,hco
astrazeneca,Vereinigung Rettungssanitäter Schweiz,Sursee,Schweiz,Bahnhofstr. 7b,,,500,,,,,500,hco
astrazeneca,Vereinigung Zürcher Internisten,Zürich,Schweiz,Birmensdorferstr. 497,,,3800,,,,,3800,hco
astrazeneca,VZK Vereinigung Zürcher Kinder und Jugendärzte,Zürich,Schweiz,Breitingerstr. 23,,,1000,,,,,1000,hco
astrazeneca,Who is Who im Kreis 2,Zürich,Schweiz,Bodmerstr. 10,,,1500,,,,,1500,hco
astrazeneca,Zürcher Gesellschaft für Kardiologie,Zürich,Schweiz,Birmensdorferstr. 467,,,4000,,,,,4000,hco
astrazeneca,Zurich Heart House,Zürich,Schweiz,Moussonstr. 4,,,4000,,,,,4000,hco
astrazeneca,Agnes Auteri,La Chaux-de-Fonds,Schweiz,Hôpital de la Chaux-de-Fonds Oncoloige et radiothérapie Rue de Chasseral 20,,,,203,,,,203,hcp
astrazeneca,Alexander Dieterle,Birsfelden,Schweiz,Hauptstr. 70,,,,203,,,,203,hcp
astrazeneca,Alexander Müller,Zürich,Schweiz,Kinderspital Zürich Pneumologie Steinwiesstr. 75,,,,,,2400,,2400,hcp
astrazeneca,Alexander Pinzello-Hürlimann,Bülach,Schweiz,Grabengasse 12,,,,,,1100,,1100,hcp
astrazeneca,Alexander Turk,Zürich,Schweiz,Hardstr. 235 FMH Pneumologie,,,,825,260,,,1085,hcp
astrazeneca,Alexandra Valera,Locarno,Schweiz,Via in Selva 24,,,,,1143,500,,1643,hcp
astrazeneca,Alexandre Bria,Nyon,Schweiz,Rue Neuve 6 Dres. Clément & Bria,,,,,,500,,500,hcp
astrazeneca,Alexandre Hobi,Chernex,Schweiz,Route de Chaulin 24,,,,,,600,,600,hcp
astrazeneca,Alf Karpf,Uster,Schweiz,Poststr. 2,,,,,,700,,700,hcp
astrazeneca,Andreas Hochstrasser,Männedorf,Schweiz,Spital Männedorf AG Asylstr. 10 Onkologie Zentrum,,,,203,,,,203,hcp
astrazeneca,Andreas Müller,Winterthur,Schweiz,Kantonsspital Winterthur Medizinische Onkologie Brauerstr. 15,,,,599,6629,,,7228,hcp
astrazeneca,Andreas Serra,Zürich,Schweiz,Klinik Hirslanden Institut für Allgemeine Innere Medizin Witellikerstr. 40,,,,,,1250,,1250,hcp
astrazeneca,Andreas Steiner,Basel,Schweiz,Frobenstr. 50,,,,,,500,,500,hcp
astrazeneca,Andreas Thueler,Baden,Schweiz,Kantonsspital Baden AG Rehabilitation und Rheumatologie Im Ergel 1,,,,,,800,,800,hcp
astrazeneca,Andreas Zeller,Basel,Schweiz,Bläsiring 160,,,,,,1500,,1500,hcp
astrazeneca,Anita Rauch,Schlieren,Schweiz,Wagistr. 12,,,,,,600,,600,hcp
astrazeneca,Ann-Katrin Seidel,Winterthur,Schweiz,Kantonsspital Winterthur Medizinische Onkologie Brauerstr. 15,,,,203,,,,203,hcp
astrazeneca,Annette Bühler-Christen,Embrach,Schweiz,Römerweg 51 Praxis für Endokrinologie und Diabetes,,,,,,500,,500,hcp
astrazeneca,Antoine Pasche,Morges,Schweiz,Chemin du Crêt 2,,,,,,600,,600,hcp
astrazeneca,Arno Schmidt-Trucksäss,Basel,Schweiz,Birsstr. 320B Universität Basel / DSBG,,,,,,1637,13,1650,hcp
astrazeneca,Arthur Koch,Stans,Schweiz,Buochserstr. 2,,,,,,1000,,1000,hcp
astrazeneca,Augusto Gallino,Bellinzona,Schweiz,Ospedale S. Giovanni EOC Via Ospedale,,,,,,800,,800,hcp
astrazeneca,Barbara Ballmer-Meber,Luzern,Schweiz,Luzerner Kantonsspital Allergologie Spitalstr.,,,,,,1000,,1000,hcp
astrazeneca,Beat Kipfer,Bern,Schweiz,Tellstr. 18,,,,225,,,,225,hcp
astrazeneca,Beat Robert Bühler,Schwyz,Schweiz,Palliative Care Station Waldeggstr. 10,,,,203,,,,203,hcp
astrazeneca,Béatrice Neuffer-Bajetta,Chiasso,Schweiz,Piazza Indipendenza 4,,,,,,1250,,1250,hcp
astrazeneca,Benno Röthlisberger,Aarau,Schweiz,Kantonsspital Aarau AG  Zentrum für Labormedizin Tellstr. 25,,,,,,1200,,1200,hcp
astrazeneca,Bernhard Pestalozzi,Zürich,Schweiz,Universitätsspital Zürich Klinik für Onkologie Rämistr. 100,,,,203,,,,203,hcp
astrazeneca,Bernhard Sorg,Wallisellen,Schweiz,Zentralstr. 6,,,,,,800,,800,hcp
astrazeneca,Bettina Engel,Lausanne,Schweiz,Avenue du Théâtre 7,,,,203,,,,203,hcp
astrazeneca,Bruno Dieter Isenring,St. Gallen,Schweiz,Praxis für Herz- und Lungenkrankheiten Brauerstr. 95a,,,,,,1400,,1400,hcp
astrazeneca,Catherine Plancherel Lévy,Fribourg,Schweiz,Rue Hans-Geiler 6,,,,225,,,,225,hcp
astrazeneca,Catrina Uhlmann Nussbaum,Olten,Schweiz,Kantonsspital Olten Onkologie Baslerstr. 150,,,,203,,500,,703,hcp
astrazeneca,Chiara Ferrario,Prilly,Schweiz,Route de Renens 24,,,,,,1500,,1500,hcp
astrazeneca,Christian Dudli,Herisau,Schweiz,Erlenbachstr. 3,,,,,,600,,600,hcp
astrazeneca,Christian Marc Schmied,Zürich,Schweiz,Universitätsspital Zürich Klinik für Kardiologie Rämistr. 100,,,,,,500,,500,hcp
astrazeneca,Christian Templin,Zürich,Schweiz,Universitätsspital Zürich Klinik für Kardiologie Rämistr. 100,,,,,,1250,122,1372,hcp
astrazeneca,Christoph Hatz,Basel,Schweiz,Socinstr. 57,,,,,,1500,,1500,hcp
astrazeneca,Christophe Pasche,Romanel-sur-Lausan,Schweiz,Chemin des Esserpys 20,,,,,,1500,,1500,hcp
astrazeneca,Christophe Reynard,Sion,Schweiz,Rue du Scex 2,,,,,,800,,800,hcp
astrazeneca,Christophe Tuor,Zürich,Schweiz,Witellikerstr. 40,,,,,,500,,500,hcp
astrazeneca,Claudia Steurer-Stey,Zürich,Schweiz,Rämistr. 34,,,,,,8400,,8400,hcp
astrazeneca,Cornelia Imobersteg,Luzern,Schweiz,Alpenstr. 1,,,,,,1000,,1000,hcp
astrazeneca,Cristiana Sessa,Bellinzona,Schweiz,Ospedale regionale Bellinzona e Valli Ospedale San Giovanni,,,,225,,,,225,hcp
astrazeneca,Cyrus Meisels,Thun,Schweiz,Scherzligweg 12,,,,,,600,,600,hcp
astrazeneca,Daniel Külling,Zürich,Schweiz,Seefeldstr. 214,,,,,,1000,,1000,hcp
astrazeneca,Daniel Pohl,Zürich,Schweiz,Universitätsspital Zürich Klinik für Gastroenterologie/Hepatologie Rämistr. 100,,,,,,1000,,1000,hcp
astrazeneca,Daniel Reding,Baar,Schweiz,Zuger Kantonsspital AG Onko-Zentrum Landhausstr. 11,,,,,,600,,600,hcp
astrazeneca,Daniela Sofrà,Lausanne,Schweiz,Avenue de la Gare 11,,,,,,500,,500,hcp
astrazeneca,Daniela Tyercha,Meilen,Schweiz,Dorfstr. 94,,,,,,600,,600,hcp
astrazeneca,Dominik Klamp,Zürich,Schweiz,Baumackerstr. 46,,,,,,600,,600,hcp
astrazeneca,Dominik Maurer,Zürich,Schweiz,HerzGefässZentrum Zürich Seestr. 247,,,,,,1000,,1000,hcp
astrazeneca,Elena Schwyter-Paraskevopoulos,St. Gallen,Schweiz,Notkerstr. 14,,,,,,1000,,1000,hcp
astrazeneca,Elisabetta Andreani Safwan,Bellinzona,Schweiz,Viale Stazione 30,,,,,,1200,,1200,hcp
astrazeneca,Erich Russi,Zürich,Schweiz,Merkurstr. 20,,,,,,3000,254,3254,hcp
astrazeneca,Eva Barbara Achermann,Schlieren,Schweiz,Spital Limmattal  Pneumologie Urdorferstr. 100,,,,,,800,,800,hcp
astrazeneca,Fabia Weisser,Schwyz,Schweiz,Palliative Care Station Waldeggstr. 10,,,,225,,,,225,hcp
astrazeneca,Fabian Meienberg,Basel,Schweiz,Universitätsspital Basel Endokrinologie und Diabetologie Petersgraben 4,,,,,,1250,,1250,hcp
astrazeneca,Felix Sennhauser,Zürich,Schweiz,Kinderspital Zürich Stammzelltransplantation (SZT) Steinwiesstr. 75,,,,,,1000,,1000,hcp
astrazeneca,Flavio Acquistapace,Manno,Schweiz,Via Cantonale 35d,,,,,,400,,400,hcp
astrazeneca,Francesco Zappa,Lugano,Schweiz,Clinica Luganese Moncucco SA Oncologia ed ematologia Via Moncucco 10,,,,,,500,,500,hcp
astrazeneca,François Mach,Genève,Schweiz,Hôpitaux universit. de Genève Département spécialités de médecine Rue Gabrielle-Perret-Gentil 4,,,,,,800,,800,hcp
astrazeneca,Gabriele Casso,Lugano,Schweiz,Via Tesserete 48,,,,,,800,,800,hcp
astrazeneca,Gerhard Rogler,Zürich,Schweiz,Universitätsspital Zürich Klinik für Gastroenterologie/Hepatologie Rämistr. 100,,,,,,2500,,2500,hcp
astrazeneca,Gianfranco Pesce,Bellinzona,Schweiz,Soleggio,,,,203,,,,203,hcp
astrazeneca,Giannicola D'Addario,Schaffhausen,Schweiz,"Kantonsspital Schaffhausen Medizinische Klinik, Onkologie Geissbergstr. 81",,,,203,,600,,803,hcp
astrazeneca,Giatgen Spinas,Zürich,Schweiz,Universitätsspital Zürich Endokrinologie und Diabetologie Rämistr. 100,,,,,,2750,,2750,hcp
astrazeneca,Giovanni Battista Pedrazzini,Lugano,Schweiz,Via Tesserete 48,,,,,,1000,,1000,hcp
astrazeneca,Guido Schüpfer,Luzern,Schweiz,Luzerner Kantonsspital Klinik für Anästhesie Spitalstr.,,,,,,1500,,1500,hcp
astrazeneca,Hanne Hawle,Bern,Schweiz,Effingerstr. 33,,,,203,,,,203,hcp
astrazeneca,Hans-Peter Wirth,Kreuzlingen,Schweiz,Bahnhofstr. 33b,,,,,,1000,,1000,hcp
astrazeneca,Hans Uwe Simon,Bern,Schweiz,INO-F 701 Pharmakologisches Institut Uni Bern,,,,,,1000,,1000,hcp
astrazeneca,Hans Walter Reinhart,Chur,Schweiz,Calunaweg 19,,,,,,3500,,3500,hcp
astrazeneca,Hans-Werner Duchna,Davos Wolfgang,Schweiz,Hochgebirgsklinik Davos Zentrum für Pneumologie / Allergologie Herman Burchard Str. 1,,,,,,1000,209,1209,hcp
astrazeneca,Henriette Hug-Batschelet,Basel,Schweiz,Gasstr. 63,,,,,,1000,,1000,hcp
astrazeneca,Holger Moch,Zürich,Schweiz,Universitätsspital Zürich Abteilung für Zytologie Schmelzbergstr. 12,,,,,,1040,7525,8565,hcp
astrazeneca,Inna Meyer,Winterthur,Schweiz,Kantonsspital Winterthur Departement Geburtshilfe & Gynäkologie Brauerstr. 15,,,,225,,,,225,hcp
astrazeneca,Iris Baumgartner,Bern,Schweiz,Inselspital Bern Freiburgstr. 18,,,,,,3500,,3500,hcp
astrazeneca,Ivo Amrein,Zollikofen,Schweiz,Lüfternweg 1,,,,,,600,,600,hcp
astrazeneca,Jacqueline Landolt,Morges,Schweiz,Rue de la Gare 13,,,,,,500,,500,hcp
astrazeneca,Jean-Paul Schmid,Barmelweid,Schweiz,Kardiologie,,,,,,800,,800,hcp
astrazeneca,Jörg Nossen,Sursee,Schweiz,Luzerner Kantonsspital Sursee Kardiologie Spitalstr. 16a,,,,,,800,,800,hcp
astrazeneca,Jörg Eimers,Holzhäusern ZG,Schweiz,Holzhäusernstr. 5 Vertrauensarzt,,,,225,,,,225,hcp
astrazeneca,Jürg Bartenstein,Uster,Schweiz,Poststr. 2,,,,,,830,,830,hcp
astrazeneca,Jürg Kesselring,Valens,Schweiz,Kliniken Valens Taminaplatz 1,,,,,,500,70,570,hcp
astrazeneca,Karim Omar El-Haschimi,Baden,Schweiz,Bahnhofplatz 1,,,,,,800,,800,hcp
astrazeneca,Karim Sibai,Nyon,Schweiz,Place de la Gare 9,,,,,,500,,500,hcp
astrazeneca,Karin Seibold-Weiger,Arlesheim,Schweiz,Brachmattstr. 4a,,,,,,1000,,1000,hcp
astrazeneca,Karl A. Steuer,Allschwil,Schweiz,Brennerstr. 12,,,,203,,,,203,hcp
astrazeneca,Katja Deseö-Schütz,Zürich,Schweiz,Dufourstr. 143,,,,,,600,,600,hcp
astrazeneca,Klaus Weber,Winterthur,Schweiz,Kantonsspital Winterthur Kardiologie Brauerstr. 15,,,,,,800,,800,hcp
astrazeneca,Konstantin Dedes,Zürich,Schweiz,Universitätsspital Zürich Klinik für Geburtshilfe Frauenklinikstr. 10,,,,,,600,,600,hcp
astrazeneca,Kristin Zeidler,Stans,Schweiz,Kantonsspital Nidwalden Onkologie/Hämatologie Ennetmooserstr. 19,,,,203,,,,203,hcp
astrazeneca,Laetitia Mauti,Winterthur,Schweiz,Kantonsspital Winterthur Medizinische Onkologie Brauerstr. 15,,,,,,800,,800,hcp
astrazeneca,Laurent Cougn,Montreux,Schweiz,Avenue du Casino 36,,,,,,600,,600,hcp
astrazeneca,Leila Achtari Jeanneret,Neuchâtel,Schweiz,Hôpital neuchâtelois Pourtalès Département oncologie Rue de la Maladière 45,,,,203,,,,203,hcp
astrazeneca,Luigi Terracciano,Basel,Schweiz,Universitätsspital Basel Institut für Pathologie Schönbeinstr. 40,,,,,,500,,500,hcp
astrazeneca,Lukas Von Rohr,Biel/Bienne,Schweiz,Rebenweg 34,,,,,,500,,500,hcp
astrazeneca,Marc Donath,Basel,Schweiz,Universitätsspital Basel Endokrinologie und Diabetologie Petersgraben 4,,,,,,1250,,1250,hcp
astrazeneca,Marcello Di Valentino,Bellinzona,Schweiz,Ospedale S. Giovanni EOC Via Ospedale,,,,,,600,,600,hcp
astrazeneca,Marco Moccetti,Lugano,Schweiz,Via Tesserete 48,,,,,,800,,800,hcp
astrazeneca,Marco Roffi,Genève,Schweiz,Hôpitaux universit. de Genève Département spécialités de médecine Rue Gabrielle-Perret-Gentil 4,,,,,,3434,,3434,hcp
astrazeneca,Marcus Schories,Basel,Schweiz,Gellertstr. 142,,,,,,1300,,1300,hcp
astrazeneca,Marcus Schuermann,Richterswil,Schweiz,Paracelsus-Spital Onkologie Bergstr. 16,,,,203,,,,203,hcp
astrazeneca,Markus Borner,Muri,Schweiz,Rossimattstr. 26b,,,,,,1200,,1200,hcp
astrazeneca,Markus Hoefliger,Altstätten SG,Schweiz,Bahnhofstr. 5,,,,203,,,,203,hcp
astrazeneca,Markus Traber,Rorschacherberg,Schweiz,Seebleichestr. 60,,,,,,600,,600,hcp
astrazeneca,Martin Blasius,Zürich,Schweiz,Klosbachstr. 111,,,,,,1000,,1000,hcp
astrazeneca,Martin Frey,Barmelweid,Schweiz,Pneumologie,,,,,,1000,,1000,hcp
astrazeneca,Martin Krüsi,St. Gallen,Schweiz,Rehetobelstr. 7,,,,,,600,,600,hcp
astrazeneca,Martin Scherler,Meilen,Schweiz,Dorfstr. 116,,,,,,500,,500,hcp
astrazeneca,Matthias Hermann,Wald ZH,Schweiz,Zürcher RehaZentrum Wald - Kardiovaskuläre Rehabilitation Faltigbergstr. 7,,,,,,800,,800,hcp
astrazeneca,Michael Brändle,St. Gallen,Schweiz,Kantonsspital St. Gallen Allgemeine Innere Medizin Rorschacher Str. 95,,,,,,1000,,1000,hcp
astrazeneca,Michaél Hagmann,Pully,Schweiz,Chemin Pré-de-la-Tour 12,,,,,,1500,,1500,hcp
astrazeneca,Michael Müntener,Zürich,Schweiz,Stadtspital Triemli Klinik für Urologie Birmensdorferstr. 497,,,,412,2413,800,,3625,hcp
astrazeneca,Michael Pohly,Bäch SZ,Schweiz,Seestr. 164,,,,,,1250,,1250,hcp
astrazeneca,Mike Scerri,Lausanne,Schweiz,Chemin des Croix-Rouges 2,,,,,,600,,600,hcp
astrazeneca,Milo Frattini,Locarno,Schweiz,Via in Selva 24,,,,,1120,500,,1620,hcp
astrazeneca,Mirjam Huwyler,Luzern,Schweiz,Gemeinschaftspraxis im Löwen Center Zürichstr. 5,,,,971,2018,800,,3789,hcp
astrazeneca,Monica Taborelli,Bellinzona,Schweiz,Ospedale S. Giovanni EOC Via Ospedale,,,,,,500,,500,hcp
astrazeneca,Nerbil Kilic,Zürich,Schweiz,Stadtspital Triemli Medizinische Onkologie und Hämatologie Birmensdorferstr. 497,,,,225,,,,225,hcp
astrazeneca,Nina Kotrubczik,Uster,Schweiz,Spital Uster Onkologie Brunnenstr. 42,,,,203,,,,203,hcp
astrazeneca,Norbert Lombriser,Zürich,Schweiz,Stadtspital Triemli Klinik für Radio-Onkologie Birmensdorferstr. 497,,,,203,,,,203,hcp
astrazeneca,Oliver Staneczek,Clarens,Schweiz,Rue du Lac 142,,,,,,600,,600,hcp
astrazeneca,Oskar Jenni,Zürich,Schweiz,Universitäts-Kinderspital Zürich Entwicklungspädiatrische Poliklinik Steinwiesstr. 75,,,,,,1000,,1000,hcp
astrazeneca,Pascal Müller,St. Gallen,Schweiz,Ostschweizer Kinderspital SG Gastroenterologie Claudiusstr. 6,,,,,,1000,,1000,hcp
astrazeneca,Patrick Muggensturm,Zollikerberg,Schweiz,Spital Zollikerberg Klinik für Innere Medizin Trichtenhauser Str. 20,,,,,,600,,600,hcp
astrazeneca,Paul Mäder,Steffisburg,Schweiz,Oberdorfstr. 25,,,,,,600,,600,hcp
astrazeneca,Peter Johannes Wild,Zürich,Schweiz,Universitätsspital Zürich Abteilung für Zytologie Schmelzbergstr. 12,,,,758,230,600,,1588,hcp
astrazeneca,Peter Reinhard,Kloten,Schweiz,Dietlikerstr. 20,,,,,,1000,,1000,hcp
astrazeneca,Peter Schmid-Grendelmeier,Zürich,Schweiz,Universitätsspital Zürich Dermatologische Klinik Gloriastr. 31,,,,,,1500,,1500,hcp
astrazeneca,Petra Jacot,Zürich,Schweiz,Rotbuchstr. 46,,,,,,600,,600,hcp
astrazeneca,Philip Urban,Meyrin,Schweiz,Hôpital La Tour SA FMH cardiologie Avenue J.-D. Maillard 11,,,,,,1000,,1000,hcp
astrazeneca,Philippe von Burg,Solothurn,Schweiz,Bürgerspital Solothurn Onkologiezentrum Schöngrünstr. 38,,,,,,600,,600,hcp
astrazeneca,Rachel Enz Perschel,Zürich,Schweiz,Tannenrauchstr. 88/90,,,,,,600,,600,hcp
astrazeneca,Radu Tutuian,Bern,Schweiz,Spital Tiefenau Gastroenterologie Tiefenaustr. 112,,,,,,1000,,1000,hcp
astrazeneca,Reto W. Kressig,Basel,Schweiz,Felix Platter-Spital Universitäres Zentrum für Altersmedizin Burgfelderstr. 101,,,,,,1500,,1500,hcp
astrazeneca,Roger Lehmann,Zürich,Schweiz,Universitätsspital Zürich Endokrinologie und Diabetologie Rämistr. 100,,,,,,7200,379,7579,hcp
astrazeneca,Roger Schneiter,Zürich,Schweiz,Universitätsspital Zürich Endokrinologie und Diabetologie Rämistr. 100,,,,,376,1300,,1676,hcp
astrazeneca,Rolf A. Stahel,Zürich,Schweiz,Universitätsspital Zürich Klinik für Onkologie Rämistr. 100,,,,,,1200,88,1288,hcp
astrazeneca,Roman Inauen,Münsterlingen,Schweiz,Kantonsspital Münsterlingen Onkologie/Hämatologie Spitalcampus 1,,,,203,,,,203,hcp
astrazeneca,Rudolf Morant,St. Gallen,Schweiz,Brauerstr. 95,,,,,,1200,,1200,hcp
astrazeneca,Sacha Rothschild,Basel,Schweiz,Universitätsspital Basel Onkologie Petersgraben 4,,,,,129,,,129,hcp
astrazeneca,Schlomo Aschkenasy,Zürich,Schweiz,Klosbachstr. 104,,,,,,1600,,1600,hcp
astrazeneca,Silvia Schwab,Burgdorf,Schweiz,Regionalspital Emmental AG Medizin Oberburgstr. 54,,,,,,800,,800,hcp
astrazeneca,Simon Cottet,Châtel-St-Denis,Schweiz,Route de Vevey 25,,,,,,600,,600,hcp
astrazeneca,Slawomir Weretka,Lachen SZ,Schweiz,Spital Lachen AG Innere Medizin Oberdorfstr. 41,,,,,,800,,800,hcp
astrazeneca,Stefan Greuter,Sargans,Schweiz,Bahnhofpark 2b,,,,203,,600,,803,hcp
astrazeneca,Stefan Toggweiler,Luzern,Schweiz,Luzerner Kantonsspital Kardiologie / Herzzentrum Luzern Spitalstr.,,,,,,1200,,1200,hcp
astrazeneca,Stephan Gasser,Baar,Schweiz,Zuger Kantonsspital AG Herz- und Lungenzentrum Landhausstr. 11,,,,,,800,,800,hcp
astrazeneca,Stephan Wieser,Zürich,Schweiz,Stadtspital Waid Pneumologie und Schlafmedizin Tièchestr. 99,,,,,,600,,600,hcp
astrazeneca,Susanne Guglielmi,St. Gallen,Schweiz,Zeughausgasse 22,,,,,,600,,600,hcp
astrazeneca,Tarcisio Bianda,Ascona,Schweiz,Via Collina 4,,,,1664,3656,2750,,8070,hcp
astrazeneca,Thilo Alexander Peter Burkard,Basel,Schweiz,Universitätsspital Basel Departement für Innere Medizin Petersgraben 4,,,,,,1500,,1500,hcp
astrazeneca,Thomas Deseö,Zürich,Schweiz,Dufourstr. 143,,,,,,800,,800,hcp
astrazeneca,F. Thomas Lüscher,Zürich,Schweiz,Universitätsspital Zürich Klinik für Kardiologie Rämistr. 100,,,,,,1000,,1000,hcp
astrazeneca,Thomas Rothe,Davos Clavadel,Schweiz,RehaZentrum Davos  Zürcher RehaZentrum Davos Klinikstr. 6,,,,825,363,4861,,6048,hcp
astrazeneca,Thomas Ruhstaller,St. Gallen,Schweiz,Kantonsspital St. Gallen Brustzentrum Rorschacher Str. 95,,,,360,,,,360,hcp
astrazeneca,Thomas von Briel,Zürich,Schweiz,OnkoZentrum Hirslanden Klinik Hirslanden Witellikerstr. 40,,,,,,600,,600,hcp
astrazeneca,Tilman Meier-Ruge,Fiesch,Schweiz,Bahnhofstr. 7,,,,,,1500,,1500,hcp
astrazeneca,Tobias Niggli-Müller,Zumikon,Schweiz,Grundstr. 5,,,,,,600,,600,hcp
astrazeneca,Urs Beat Gröflin,Binningen,Schweiz,Hauptstr. 3,,,,,,1900,,1900,hcp
astrazeneca,Urs Kaiser,Engelburg,Schweiz,Breitschachenstr. 1OA,,,,,,600,,600,hcp
astrazeneca,Veronika Nagy,Winterthur,Schweiz,Kantonsspital Winterthur Medizinische Onkologie Brauerstr. 15,,,,203,,,,203,hcp
astrazeneca,Viola Heinzelmann-Schwarz,Basel,Schweiz,Universitätsspital Basel Frauenklinik Spitalstr. 21,,,,,,500,,500,hcp
astrazeneca,Walter Kistler,St. Gallen,Schweiz,Wassergasse 7,,,,,,1500,,1500,hcp
astrazeneca,Werner Knisel,Zürich,Schweiz,Stadtspital Triemli Endokrinologie und Diabetologie Birmensdorferstr. 497,,,,,,500,,500,hcp
astrazeneca,Wiebke Gruber,Thun,Schweiz,SanoMed Haus Kyburgstr. 5a,,,,,,600,,600,hcp
astrazeneca,Wilhelm Vetter,Zürich,Schweiz,GSMN Zürich AG Toblerstr. 51,,,,,,3500,,3500,hcp
astrazeneca,Wolf-Dieter Janthur,Aarau,Schweiz,Kantonsspital Aarau AG Onkologie/Hämatologie Tellstr.,,,,,,600,,600,hcp
astrazeneca,Wolfram Jochum,St. Gallen,Schweiz,Kantonsspital St. Gallen Institut für Pathologie Rorschacher Str. 95,,,,225,,,,225,hcp
