company,name,location,country,address,uci,donations_grants,sponsorship,registration_fees,travel_accommodation,fees,related_expenses,total,type
baxalta,Blutspende SRK Schweiz AG,Bern,Schweiz,Laupenstr. 37,,,1000,,,,,1000,hco
baxalta,Centre Hospitalier Unversitaire Vaudois Lausanne,Lausanne,Schweiz,Rue du Bugnon 46,,,,,,1050,64.6,1114.6,hco
baxalta,CHUV Service de laboratoire central d'hematologie,Lausanne,Schweiz,Rue du Bugnon 21,,29692,10303.7,,,4451.9,167.9,44615.5,hco
baxalta,Clinique de Psychiatrie,Chêne-Bourg,Schweiz,"Chemin du Petit-Bel-Air 2, Belle-Idée Les Champs",,,2500,,,,,2500,hco
baxalta,Coalat,Lausanne,Schweiz,Rue du Bugnon 46,,,5000,,,,,5000,hco
baxalta,Ente Ospedaliero Cantonale,Bellinzona,Schweiz,Viale Officina 3,,,2500,,,,,2500,hco
baxalta,ESMO European Society for Medical Oncology,Viganello,Schweiz,Via Luigi Taddei 4,,5536.45,,,,,,5536.45,hco
baxalta,FMH neurologie,Monthey,Schweiz,Avenue du Crochetan 2,,,2500,,,,,2500,hco
baxalta,Frauenklinik des Inselspital,Bern,Schweiz,Effingerstr. 102,,,,,,1000,13,1013,hco
baxalta,Genève Hôpitaux universit. de Gèneve,Genève,Schweiz,Rue Gabrielle-Perret-Gentil 4,,,,,1356.75,,,1356.75,hco
baxalta,Haematology Nurses & Healthcare Professionals Group,Winterthur,Schweiz,Postfach 98,,5831.37,,,,,,5831.37,hco
baxalta,Hôpital Fribourgeois,Fribourg,Schweiz,Chemin des Pensionnats 2,,2000,,,,,,2000,hco
baxalta,HUG Hôpitaux Universitaires de Genève,Genève,Schweiz,Rue Michel-Servet 1,,,,,,1500,108,1608,hco
baxalta,Hôpitaux Universitaires Genève,Genève,Schweiz,Rue Gabrielle Perret-Gentil 4,,71988.25,4500,,,2888,,79376.25,hco
baxalta,Inselspital,Bern,Schweiz,Freiburgstr. 18,,32500,12100,,,1500,,46100,hco
baxalta,Inselspital,Bern,Schweiz,Freiburgstr. 18,,,224,,1669.85,1900,,3793.85,hco
baxalta,Inselspital Stiftungen und Fords,Bern,Schweiz,Freiburgstr. 8,,,5975,,,1000,,6975,hco
baxalta,Kantonespftal Frauenfeld,Frauenfeld,Schweiz,Pfaffenholzstr. 4,,,,,,1500,,1500,hco
baxalta,Kantonsspital Münsterlingen,Münsterlingen,Schweiz,Spitalcampus 1,,,,,,,41,41,hco
baxalta,Kantonsspital Aarau,Aarau,Schweiz,Tellstr. 25,,,81,,448.1,1432,465.5,2426.6,hco
baxalta,Kinderspital Zürich,Zürich,Schweiz,Steinwiesstrase 75,,39131.99,1000,,,,,40131.99,hco
baxalta,Klinik Bethesda,Tschugg,Schweiz,Oberdorf,,,1000,,,,,1000,hco
baxalta,Luzerner Kantonsspital Kinderspital,Luzern,Schweiz,Spitalstr.,,,445.5,,487.7,1375,,2308.2,hco
baxalta,Ospedale Regionale di Lugano,Lugano,Schweiz,Via Tesserete 46,,,1980,,,,145.8,2125.8,hco
baxalta,Ostschweizer Kinderspital,St. Gallen,Schweiz,Hämatologie Claudiusstr. 6,,,169.8,,1269.92,,,1439.72,hco
baxalta,Sakk-Spog-Gops,Bern,Schweiz,Effingerstr. 33,,,43000,,,,,43000,hco
baxalta,Schweizerische Gesellschaft für Vertrauensärzte,Winterthur,Schweiz,"Industriestr. 24, c/o MBC Markus Bonelli Consult.",,,10000,,,,,10000,hco
baxalta,Schweizerische Gesellschaft für Hämatologie,Münsingen,Schweiz,Innerer Giessenweg 37,,,4500,,,,,4500,hco
baxalta,Schweizerisches Haemophilie Netzwerk,Zürich,Schweiz,Steinwiesstrase 75,,30000,,,,,,30000,hco
baxalta,Kantonsspital St. Gallen,St. Gallen,Schweiz,Rorschacher Str. 95,,,10300,,,1000,124,11424,hco
baxalta,Stadtspital Triemli,Zürich,Schweiz,"Medizinische Onkologie und Hämatologie, Birmensdorferstr. 43",,,634.95,,1841,,,2475.95,hco
baxalta,Stadtspital Triemli,Zürich,Schweiz,Birmensdorferstr. 497,,,4500,,,,,4500,hco
baxalta,Stiftung Zürcher Blutspendedienst Srk,Zürich,Schweiz,Hirschengraben 58,,,2000,,,,,2000,hco
baxalta,Swiss Federation of Clinical Neuro-Societies,Basel,Schweiz,Münsterberg 1,,,5000,,,,,5000,hco
baxalta,Swiss Tumor Institute,Zürich,Schweiz,Seefeldstr. 214,,,8300,,,,,8300,hco
baxalta,Universitäts-Kinderspital,Zürich,Schweiz,Kinder Med. Klinik Physiotherapie Steinwiessstr. 75,,,207.9,,1365.02,,,1572.92,hco
baxalta,Universitäts-Kinderspital,Basel,Schweiz,Spitalstr. 33,,,257.95,,1040.9,,,1298.85,hco
baxalta,Universitäts-Kinderspital beider Basel,Basel,Schweiz,Päd. Hämatologie / Onkologie Spitalstr. 33,,,92.4,,505.9,,,598.3,hco
baxalta,Universitätsspital Basel,Basel,Schweiz,Petersgraben 2,,25000,2115.5,,721.2,2900,70,30806.7,hco
baxalta,UniversitätsSpital Zürich,Zürich,Schweiz,Rämistr. 100,,,1577.4,,429,4148,,6154.4,hco
baxalta,Zentrum für Perioperative Thrombose Und Haemostase,Zürich,Schweiz,Hufgasse 17,,,,,,1000,,1000,hco
baxalta,Andreas Baumann,Langenthal,Schweiz,St. Urbanstr. 67,,,,,,1500,,1500,hcp
baxalta,Dimitrios Tsakiris,Basel,Schweiz,Petersgraben 4,,,,,,544.07,,544.07,hcp
baxalta,Oliver Hausmann,Luzern,Schweiz,Zürichstr. 12,,,,,,1800,,1800,hcp
baxalta,Rainer Kobelt,Wabern,Schweiz,Seftigenstr. 240,,,,,307.8,,,307.8,hcp
baxalta,Richard Herrmann,Basel,Schweiz,Petersgraben 4,,,,,,1100,,1100,hcp
baxalta,Thomas Hauser,Zürich,Schweiz,Walchestr. 11,,,,,,710.61,,710.61,hcp
baxalta,Urs Steiner,Zürich,Schweiz,Häldeliweg 4,,,,,,720.59,,720.59,hcp
