company,name,location,country,address,uci,donations_grants,sponsorship,registration_fees,travel_accommodation,fees,related_expenses,total,type
baxter,AMACTI,Lugano,Schweiz,Via Tesserete 48,,2500,0,0,0,0,0,2500,hco
baxter,CHUV,Lausanne,Schweiz,Rue du Bugnon 46,,18169.51,173.75,960.16,746.4,0,0,20049.82,hco
baxter,CHVR - Hôpital du Valais,Sion,Schweiz,Rue des Cèdres 8,,500,0,0,0,0,0,500,hco
baxter,Forum Junger Chirurgen,Basel,Schweiz,St. Claraspital AG,,500,0,0,0,0,0,500,hco
baxter,GESKES Vereinigung Diät,Muri,Schweiz,Worbstr. 52,,23400,4552.2,0,0,0,0,27952.2,hco
baxter,Gsasa / Jfsph,Lausanne,Schweiz,Rue du Bugnon 46,,10000,0,0,0,0,0,10000,hco
baxter,HEdS Haute école de santé,Genève,Schweiz,Avenue de Champel 47,,300,0,0,0,0,0,300,hco
baxter,Hôpital du Valais,Sion,Schweiz,Avenue du Grand-Champsec 80,,2000,0,0,0,0,0,2000,hco
baxter,HUG Hôpitaux Universitaires de Genève,Genève,Schweiz,Rue Gabrielle-Perret-Gentil 4,,18879.24,5579.26,17414.67,7095.15,0,0,48968.32,hco
baxter,Hypertension Research Foundation,St-Légier,Schweiz,Derrey le Motty 8,,7000,0,0,0,0,0,7000,hco
baxter,Inselspital,Bern,Schweiz,Freiburgstr. 18,,7000,0,0,0,0,0,7000,hco
baxter,Kantonsspital Münsterlingen,Münsterlingen,Schweiz,Spitalcampus 1,,600,0,0,0,0,0,600,hco
baxter,Kantonsspital Olten,Olten,Schweiz,Baslerstr. 150,,500,0,0,0,0,0,500,hco
baxter,Kantonsspital St. Gallen,St. Gallen,Schweiz,Rorschacher Str. 95,,6907.25,275.54,3544.64,1849.8,0,15,12592.23,hco
baxter,Kantonsspital Winterthur,Winterthur,Schweiz,Brauerstr. 15,,7000,0,0,0,0,0,7000,hco
baxter,Klinik Hirslanden,Zürich,Schweiz,Witellikerstr. 40,,3200,0,0,0,0,0,3200,hco
baxter,KSGR - Kantonsspital Graubünden,Chur,Schweiz,Loestr. 170,,2000,0,0,0,0,0,2000,hco
baxter,LH Medical Management GmbH,Liestal,Schweiz,Postfach 278,,1900,0,0,0,0,0,1900,hco
baxter,Medinorma GmbH,Rolle,Schweiz,Grand-Rue 34,,1500,0,0,0,0,0,1500,hco
baxter,SBV TOA,Zürich,Schweiz,Stadelhoferstr. 42,,2400,0,0,0,0,0,2400,hco
baxter,Schweizer Paraplegiker Zentrum,Nottwil,Schweiz,Guido A. Zäch Str. 1,,2500,0,0,0,0,0,2500,hco
baxter,Schweizerische Nierenstiftung,Worb,Schweiz,Postfach 754,,3000,0,0,0,0,0,3000,hco
baxter,SGAR Schweiz. Ges. für Anästhesiologie und Reanimation,Bern,Schweiz,Rabbentalstr. 83,,6100,0,0,0,0,0,6100,hco
baxter,SIGA - Schweiz. IG für Anästhesiologie,Sursee,Schweiz,Bahnhofstr. 7b,,2230,0,0,0,0,0,2230,hco
baxter,SIGOP Schweiz. IG für Operationspflege,Genève,Schweiz,Rue de la Potiere 4,,1000,0,0,0,0,0,1000,hco
baxter,Spitalregion Rheintal Werdenberg Sarganserland,Grabs,Schweiz,Spitalstr. 44,,1000,0,0,0,0,0,1000,hco
baxter,Spyra & Partners GMBH,Boll,Schweiz,Obermoos 12,,500,0,0,0,0,0,500,hco
baxter,Stadtspital Triemli,Zürich,Schweiz,Birmensdorferstr. 497,,2000,0,0,0,0,0,2000,hco
baxter,Universitäts-Kinderspital Zürich,Zürich,Schweiz,Steinweisstr. 75,,2000,0,0,0,0,0,2000,hco
baxter,Universitätsspital Basel,Basel,Schweiz,Spitalstr. 21,,11920,11420,0,0,0,0,23340,hco
baxter,UniversitätsSpital Zürich,Zürich,Schweiz,Rämistr. 100,,17000,0,0,0,0,0,17000,hco
baxter,Vascular International School AG,Fürigen,Schweiz,Schiltweid 4,,3000,0,0,0,0,0,3000,hco
baxter,Adrian Egli,Zürich,Schweiz,Birmensdorferstr. 497,,0,0,0,354.98,0,0,354.98,hcp
baxter,Alexander Berger,Zürich,Schweiz,Rämistr. 100,,0,0,0,259.34,0,0,259.34,hcp
baxter,Andrea Epp,Frauenfeld,Schweiz,Postfach,,0,0,393.75,877.5,0,0,1271.25,hcp
baxter,Andreas Kirtzel,Zürich,Schweiz,Birmensdorferstr. 497,,0,0,0,305.61,0,0,305.61,hcp
baxter,Anette Neher,Zürich,Schweiz,Rämistr. 100,,0,0,160,224,0,0,384,hcp
baxter,Angelika Bublitz,Lachen,Schweiz,Oberdorfstr. 41,,0,0,0,81.3,0,15,96.3,hcp
baxter,Ann-Kathrin Schwarzkopf,Bern,Schweiz,Postfach,,0,0,666,1155.4,0,0,1821.4,hcp
baxter,Anne Tornare,Fribourg,Schweiz,Route des Pensionnats 2-4,,0,0,0,1145,0,0,1145,hcp
baxter,Anton Lukes,Bern,Schweiz,Bremgartenstr. 119,,0,0,0,766,0,0,766,hcp
baxter,Ashu James Tataw,Sion,Schweiz,Avenue du Grand-Champsec 80,,0,0,0,2145,0,1000,3145,hcp
baxter,Ayse Turan,Luzern,Schweiz,Spitalstr.,,0,0,0,259.34,0,0,259.34,hcp
baxter,Canisia Fumeaux,Sion,Schweiz,Avenue du Grand-Champsec 80,,0,0,250,210,0,0,460,hcp
baxter,Carla Delgado,Sion,Schweiz,Avenue du Grand-Champsec 80,,0,0,0,70,0,0,70,hcp
baxter,Carla Hertel,Basel,Schweiz,Petersgraben 4,,0,0,160,10335,0,0,10495,hcp
baxter,Cédric Jäger,Basel,Schweiz,Petersgraben 4,,0,0,184.8,2477.1,0,0,2661.9,hcp
baxter,Christian Hübner,Basel,Schweiz,Spitalstr. 21,,0,0,184.8,2477.1,0,0,2661.9,hcp
baxter,Christine Hummel,Basel,Schweiz,Petersgraben 4,,0,0,160,224,0,0,384,hcp
baxter,Corinne Gurtner,Sion,Schweiz,Case postale,,0,0,0,1920,0,0,1920,hcp
baxter,Daniel Cernicov,Zürich,Schweiz,Rämistr. 100,,0,0,0,259.34,0,0,259.34,hcp
baxter,Daniel S. Borer,Winterthur,Schweiz,Brauerstr. 15,,0,0,550,2077,0,0,2627,hcp
baxter,Daniela Hui,Zürich,Schweiz,Rämistr. 100,,0,0,0,81.3,0,15,96.3,hcp
baxter,Dave Croft,Zürich,Schweiz,Witellikerstr. 40,,0,0,0,305.61,0,0,305.61,hcp
baxter,Doris Rehli,Bern,Schweiz,Schänzlihalde 11,,0,0,0,259.34,0,0,259.34,hcp
baxter,Doris Sautter,Baden,Schweiz,Im Ergel 1,,0,0,0,81.3,0,15,96.3,hcp
baxter,Edith Stöckmann,Baden,Schweiz,Im Ergel 1,,0,0,160,224,0,0,384,hcp
baxter,Eleonora Borovszky,Horgen,Schweiz,Asylstr. 19,,0,0,0,259.34,0,0,259.34,hcp
baxter,Elisabeth Remexido Da Costa,Riaz,Schweiz,Rue de l'Hôpital 9,,0,0,936.36,1085.7,0,0,2022.06,hcp
baxter,Emilie Solimando,Neuchâtel,Schweiz,,,0,0,0,940.31,0,0,940.31,hcp
baxter,Eva Förtschbeck,Luzern,Schweiz,Spitalstr.,,0,0,0,305.61,0,0,305.61,hcp
baxter,Evelyn Weidner,Bern,Schweiz,Freiburgstr. 8,,0,0,0,305.61,0,0,305.61,hcp
baxter,Felicitas Barnert,Lachen,Schweiz,Oberdorfstr. 41,,0,0,0,81.3,0,15,96.3,hcp
baxter,Felix Burkhalter,Basel,Schweiz,Petersgraben 4,,0,0,184.8,2477.1,0,0,2661.9,hcp
baxter,Florian Holzheier,Herisau,Schweiz,Spitalstr. 6,,0,0,0,81.3,0,15,96.3,hcp
baxter,Frédéric Lelais,Gravesano,Schweiz,Via Cantonale,,0,0,0,1920,0,0,1920,hcp
baxter,Gabriel Plitzko,Bern,Schweiz,Freiburgstr. 18,,0,0,0,746,0,0,746,hcp
baxter,Gabriele Gysau,Herisau,Schweiz,Spitalstr. 6,,0,0,160,224,0,0,384,hcp
baxter,Giorgio Pietramaggiori,Nyon,Schweiz,Rue de la Morâche 9,,0,0,0,1500,0,0,1500,hcp
baxter,Giuseppe Bonforte,Mendrisio,Schweiz,Casella postale,,0,0,0,372.5,0,0,372.5,hcp
baxter,Hanna Oberhänsli,Schaffhausen,Schweiz,Geissbergstr. 80,,0,0,0,305.61,0,0,305.61,hcp
baxter,Harald Seeger,Zürich,Schweiz,Rämistr. 100,,0,0,666,1155.4,0,1500,3321.4,hcp
baxter,Hatem Ksouri,Fribourg,Schweiz,Chemin des Pensionnats 2-6,,0,0,797.04,313.47,0,0,1110.51,hcp
baxter,Hermann Saxehofer,Bern,Schweiz,Bremgartenstr. 119,,0,0,666,1155.4,0,0,1821.4,hcp
baxter,Holger Giray,Zürich,Schweiz,Rämistr. 100,,0,0,0,259.34,0,0,259.34,hcp
baxter,Isabelle Teuscher,Fribourg,Schweiz,Chemin des Pensionnats 2-6,,0,0,0,2022.06,0,0,2022.06,hcp
baxter,Jeannine Herren,Bern,Schweiz,Freiburgstr. 18,,0,0,184.8,2477.1,0,0,2661.9,hcp
baxter,Joos Peer-Henning,Frauenfeld,Schweiz,Pfaffenholzstr. 4,,0,0,0,1251.49,0,0,1251.49,hcp
baxter,Karin Honegger,Zürich,Schweiz,Birmensdorferstr. 497,,0,0,0,500,0,500,1000,hcp
baxter,Katarina Benackova,Bern,Schweiz,Freiburgstr. 18,,0,0,115.54,648.83,0,0,764.37,hcp
baxter,Laure Jagger,Neuchâtel,Schweiz,Faubourg de l'hôpital 81,,0,0,0,70,0,0,70,hcp
baxter,Laurence Perrin Barelli,Pompaples,Schweiz,,,0,0,0,1920,0,0,1920,hcp
baxter,Lenuta Lucaci,Lachen,Schweiz,Oberdorft,,0,0,0,81.3,0,15,96.3,hcp
baxter,Lorenzo Berwert,Bellinzona,Schweiz,Via Ospedale,,0,0,275,838.3,0,0,1113.3,hcp
baxter,Louise White,Sion,Schweiz,Avenue du Grand-Champsec 80,,0,0,0,40,0,0,40,hcp
baxter,Luidmila Lüthi,Frauenfeld,Schweiz,Postfach,,0,0,666,1155.4,0,0,1821.4,hcp
baxter,Lukas Löffel,Luzern,Schweiz,Theaterstr. 13,,0,0,184.8,2477.1,0,0,2661.9,hcp
baxter,Luuk-Jon Rijzewijk,Baden,Schweiz,Im Ergel 1,,0,0,781.54,1804.23,0,0,2585.77,hcp
baxter,Maja Kanutzer,Baden,Schweiz,Im Ergel 1,,0,0,0,81.3,0,15,96.3,hcp
baxter,Mandy Siegenthaler,Zürich,Schweiz,Witellikerstr. 40,,0,0,0,259.34,0,0,259.34,hcp
baxter,Marc Huguenot,Bern,Schweiz,Freiburgstr. 18,,0,0,115.54,561.83,0,0,677.37,hcp
baxter,Margrit Heller,Baden,Schweiz,Im Ergel 1,,0,0,0,81.3,0,15,96.3,hcp
baxter,Marianne Sägesser,Lachen,Schweiz,Oberdorfstr. 41,,0,0,0,81.3,0,15,96.3,hcp
baxter,Mariette Kamber,Altstätten SG,Schweiz,Rorschacherstr. 14a,,0,0,0,1132.71,0,15,1147.71,hcp
baxter,Marija Stjepanovic,Frauenfeld,Schweiz,Postfach,,0,0,160,224,0,0,384,hcp
baxter,Mario Carol,Zürich,Schweiz,Witellikerstr. 40,,0,0,0,305.61,0,0,305.61,hcp
baxter,Markus Kurzemann,Frauenfeld,Schweiz,Pfaffenholzstr. 4,,0,0,0,1000,0,0,1000,hcp
baxter,Marta Gabaglio,Bellinzona,Schweiz,Viale Officina 3,,0,0,0,1266.33,0,0,1266.33,hcp
baxter,Marta Kiss,Biel,Schweiz,Vogelsang 84,,0,0,0,81.3,0,15,96.3,hcp
baxter,Martin Grimm,Schaffhausen,Schweiz,Geissbergstr. 81,,0,0,0,259.34,0,0,259.34,hcp
baxter,Matthias Hilty,Zürich,Schweiz,Rämistr. 100,,0,0,2484,0,0,0,2484,hcp
baxter,Matthias Läng,Unterseen,Schweiz,Weissenaustr. 27,,0,0,0,81.3,0,15,96.3,hcp
baxter,Melanie Weingartner,Luzern,Schweiz,Spitalstr.,,0,0,0,305.61,0,0,305.61,hcp
baxter,Michael Mayr,Basel,Schweiz,Petersgraben 4,,0,0,0,0,0,1500,1500,hcp
baxter,Monika Stamm,Bern,Schweiz,Freiburgstr. 8,,0,0,0,305.61,0,0,305.61,hcp
baxter,Nadège Braichet,Porrentruy,Schweiz,Chemin de l'hÃ´pital,,0,0,0,70,0,0,70,hcp
baxter,Nadia Querido,Sion,Schweiz,Avenue du Grand-Champsec 80,,0,0,0,70,0,0,70,hcp
baxter,Nicole Crettol,Sion,Schweiz,Avenue du Grand-Champsec 80,,0,0,0,70,0,0,70,hcp
baxter,Ould Maouloud Hemett,Fribourg,Schweiz,Chemin des Pensionnats 2-6,,0,0,605,484.1,0,0,1089.1,hcp
baxter,Patrick Witschi,Zürich,Schweiz,Rämistr. 100,,0,0,160,224,0,0,384,hcp
baxter,Patrick Wüthrich,Bern,Schweiz,Freiburgstr. 18,,0,0,184.8,2477.1,0,0,2661.9,hcp
baxter,Petra Jucker,Lachen,Schweiz,Oberdorfstr. 41,,0,0,0,81.3,0,15,96.3,hcp
baxter,Petra Schmucker,Bern,Schweiz,Schänzlihalde 11,,0,0,0,305.61,0,0,305.61,hcp
baxter,Raffi Maghdessian,Meyrin,Schweiz,Avenue J.-D.-Maillard 3,,0,0,409,1671.95,0,0,2080.95,hcp
baxter,Regina Zimmermann,Luzern,Schweiz,St. Annastr. 32,,0,0,0,259.34,0,0,259.34,hcp
baxter,Renata Simatovic,Zürich,Schweiz,Rämistr. 100,,0,0,160,224,0,0,384,hcp
baxter,Reto Stocker,Zürich,Schweiz,Witellikerstr. 40,,0,0,0,0,0,1000,1000,hcp
baxter,Roberto Poggi,Lugano,Schweiz,Via Tesserete 46,,0,0,0,975.71,0,0,975.71,hcp
baxter,Romana Bebi,Zürich,Schweiz,Witellikerstr. 40,,0,0,0,354.98,0,0,354.98,hcp
baxter,Ruth Aeschbacher,Frauenfeld,Schweiz,Pfaffenholzstr. 4,,0,0,0,81.3,0,15,96.3,hcp
baxter,Ruza Rados,Zürich,Schweiz,Birmensdorferstr. 497,,0,0,0,259.34,0,0,259.34,hcp
baxter,Sabine Czerner,Winterthur,Schweiz,Schickstr. 11,,0,0,184.8,2477.1,0,0,2661.9,hcp
baxter,Sabine Engelbert,Schaffhausen,Schweiz,Geissbergstr. 81,,0,0,0,305.61,0,0,305.61,hcp
baxter,Saskia Rittirsch,Baden,Schweiz,Im Ergel 1,,0,0,0,0,0,1500,1500,hcp
baxter,Silke Thiel,Bern,Schweiz,Schänzlihalde 11,,0,0,0,259.34,0,0,259.34,hcp
baxter,Silvio Pianca,Lugano,Schweiz,Via Tesserete 46,,0,0,605,451.95,0,0,1056.95,hcp
baxter,Simone Keller,Herisau,Schweiz,Spitalstr. 6,,0,0,0,81.3,0,15,96.3,hcp
baxter,Sofia Laranjo,Sion,Schweiz,Avenue du Grand-Champsec 80,,0,0,0,70,0,0,70,hcp
baxter,Sonja Zbinden,Bern,Schweiz,Schänzlihalde 11,,0,0,0,305.61,0,0,305.61,hcp
baxter,Stefanie Diestel,Zürich,Schweiz,Rämistr. 100,,0,0,0,81.3,0,15,96.3,hcp
baxter,Stefanie Waldvogel,Zürich,Schweiz,Birmensdorferstr. 497,,0,0,0,259.34,0,0,259.34,hcp
baxter,Tatjana Müller,Zürich,Schweiz,Birmensdorferstr. 497,,0,0,0,305.61,0,0,305.61,hcp
baxter,Uwe Kastl,Zürich,Schweiz,Witellikerstr. 40,,0,0,0,305.61,0,0,305.61,hcp
baxter,Veronika Thürschweller,Zürich,Schweiz,Witellikerstr. 40,,0,0,0,259.34,0,0,259.34,hcp
