company,name,location,country,address,uci,donations_grants,sponsorship,registration_fees,travel_accommodation,fees,related_expenses,total,type
bayer,360° Kinderwunsch Zentrum Zürich,Zollikon,Schweiz,Alte Landstr. 112,40667597,0,600,0,0,0,0,600,hco
bayer,AarReha Schinznach,Schinznach Bad,Schweiz,Badstr. 55,40529319,0,500,0,0,0,0,500,hco
bayer,Advisis AG,Bern,Schweiz,Effingerstr. 55,1051547182,0,41000,0,0,0,0,41000,hco
bayer,Ärztegesellschaft Luzern,Luzern,Schweiz,Schwanenplatz 7,40665419,0,1000,0,0,0,0,1000,hco
bayer,AG Kardiovaskuläre Pflege,Pfeffingen,Schweiz,Keltenweg 22,40532540,0,500,0,0,0,0,500,hco
bayer,Agfam,Hettlingen,Schweiz,Herenbäumenweg 9b,1055451634,0,3000,0,0,0,0,3000,hco
bayer,Agla - Gsla,Steinhausen,Schweiz,Sennweidstr. 46,1051562846,0,17000,0,0,0,0,17000,hco
bayer,Amiti,Paradiso,Schweiz,Via Guisan 10,40529894,0,1000,0,0,0,0,1000,hco
bayer,Ärztekongress Arosa,Arosa,Schweiz,,40529612,0,3510,0,0,0,0,3510,hco
bayer,Ärztenetz Bantiger,Ittigen,Schweiz,Talgut-Zentrum 34,40699987,0,2000,0,0,0,0,2000,hco
bayer,Ärztenetzwerk beodocs,Interlaken,Schweiz,Kammistr. 5,40700162,0,6000,0,0,0,0,6000,hco
bayer,Aerztenetzwerk Bern,Zürich,Schweiz,Bahnhofplatz 4,40701493,0,3500,0,0,0,0,3500,hco
bayer,Ärztenetzwerk Grauholz,Ittigen,Schweiz,Worblentalstr. 99,40699977,0,2000,0,0,0,0,2000,hco
bayer,Ärztev. Werdenberg/Sarganserland,Bad Ragaz,Schweiz,Hans Albrecht-Str. 1,40534610,0,4250,0,0,0,0,4250,hco
bayer,Ärzteverein Davos,Davos Platz,Schweiz,Promenade 33a,1053070710,0,1500,0,0,0,0,1500,hco
bayer,Assoc. Rencontres cardiologiques,Genève,Schweiz,Rue Marignac 13,1052313543,0,3000,0,0,0,0,3000,hco
bayer,Association Medecins de la Côte,Nyon,Schweiz,Rue Neuve 6,1052796300,0,1500,0,0,0,0,1500,hco
bayer,Associazione MMM,Minusio,Schweiz,Via Cadogno 1,1051680388,0,3000,0,0,0,0,3000,hco
bayer,Augenzentrum Bahnhof Basel AG,Basel,Schweiz,Centralbahnstr. 20,40537051,0,8000,0,0,0,0,8000,hco
bayer,Augenzentrum Will,Wil SG,Schweiz,Obere Bahnhofstr. 37,40528156,0,0,0,0,600,0,600,hco
bayer,Berner Augenklinik am Lindenhofspital,Bern,Schweiz,Bremgartenstr. 119,1052323792,0,2000,0,0,0,0,2000,hco
bayer,Blueye Vision Tech GmbH,Meggen,Schweiz,HuobmattStr. 9,1052627719,0,2500,0,0,0,0,2500,hco
bayer,Bündner Oberländer Ärzteverein,Vella,Schweiz,Sumsiaras 117b,40529647,0,1000,0,0,0,0,1000,hco
bayer,CARDIOMAXX Consulting GmbH,Küsnacht ZH,Schweiz,Güstr. 38a,1053229400,0,0,0,0,1127.69,22.11,1149.8,hco
bayer,Centre de Chimiothérapie Anti-Cancéreuse,Lausanne,Schweiz,Avenue d'Ouchy 35,CCAC40524073,0,4000,0,0,0,0,4000,hco
bayer,Centre médical de la Côte,Corcelles NE,Schweiz,Rue du Petit-Berne 14,SA40519611,0,1000,0,0,0,0,1000,hco
bayer,CHUV,Lausanne,Schweiz,Rue du Bugnon 21,40523932,0,76009.4,290.1,746.7,11762.5,0,88808.7,hco
bayer,Circolo medico di Locarno,Ascona,Schweiz,Via al Lido 27,40529109,0,1500,0,0,0,0,1500,hco
bayer,Clinica Luganese Moncucco SA,Lugano,Schweiz,Via Moncucco 10,40535174,0,1000,0,0,0,0,1000,hco
bayer,Clinique de Carouge SA,Carouge GE,Schweiz,Av' Cardinal-Mermillod 3,40699347,0,1000,0,0,0,0,1000,hco
bayer,Clinique de l'Oeil OnO SA,Onex,Schweiz,Av' du Bois-de-la-Chapelle 15,40524318,0,600,0,0,0,0,600,hco
bayer,Coalat,Lausanne,Schweiz,Rue du Bugnon 46,40535421,0,3000,0,0,0,0,3000,hco
bayer,Cor2Ed,Bottmingen,Schweiz,Bodenackerstr. 17,40537070,0,91889.03,0,0,0,0,91889.03,hco
bayer,CRR SuvaCare,Sion,Schweiz,Avenue Grand-Champsec 90,40526181,0,1500,0,0,0,0,1500,hco
bayer,DOXnet,Hinterkappelen,Schweiz,Kappelenring 6,40519916,0,1000,0,0,0,0,1000,hco
bayer,Ectrims,Basel,Schweiz,Peter Merian-Str. 80,40521747,0,92736.76,0,0,0,0,92736.76,hco
bayer,Ente Ospedaliero Cantonale(EOC),Bellinzona,Schweiz,Viale Officina 3,40702764,0,27118.53,0,0,0,0,27118.53,hco
bayer,EPOS European Paediatric,St. Gallen,Schweiz,Rohrschacherstr. 161,1055093799,0,3705,0,0,0,0,3705,hco
bayer,ERS European Respiratory Society,Lausanne,Schweiz,Avenue Sainte-Luce 4,40523949,0,219866.33,0,0,0,0,219866.33,hco
bayer,ESMO European Society for Medical Oncology,Viganello,Schweiz,Via Luigi Taddei 4,40523577,0,433030.43,0,0,0,0,433030.43,hco
bayer,ESO,Basel,Schweiz,Peter Merian-Str. 80,40521749,0,97511.87,0,0,0,0,97511.87,hco
bayer,Eswiss Medical,St. Gallen,Schweiz,Brauerstr. 97,1055040521,0,2500,0,0,3385,0,5885,hco
bayer,EULAR - Europäische Rheumaliga,Kilchberg ZH,Schweiz,Seestr. 240,40667782,0,67808.11,0,0,0,0,67808.11,hco
bayer,Felix Platter-Spital,Basel,Schweiz,Burgfelderstr. 101/Postfach,40526764,0,3000,0,0,0,0,3000,hco
bayer,Fondation Contre Cancer du Foie,Delémont,Schweiz,Rue De L'église 13,1056522213,0,5000,0,0,0,0,5000,hco
bayer,Fondation du CCAC,Lausanne,Schweiz,Avenue Alexandre-Vinet 19b,1052956696,0,1000,0,0,0,0,1000,hco
bayer,Fondation GECOR,Genève,Schweiz,Rue Micheli-du-Crest 24,40524306,0,7600,0,0,3000,0,10600,hco
bayer,Fondazione Cardiocentro Ticino,Lugano,Schweiz,Via Tesserete 48,40535235,0,2500,0,0,0,0,2500,hco
bayer,Fondazione Epatocentro Ticino,Lugano,Schweiz,Via Soldino 5,40535213,0,4500,0,0,0,0,4500,hco
bayer,Fortbildungsverein,Wetzikon ZH,Schweiz,Kirchgasse 4,1055566392,0,1500,0,0,0,0,1500,hco
bayer,Frauenpraxis Buchenhof AG,Sursee,Schweiz,Buchenstr. 8,1051547142,0,0,0,0,1000,0,1000,hco
bayer,GHOL SA Hopital Nyon,Nyon,Schweiz,Chemin Monastier 10,40518918,0,800,0,0,0,0,800,hco
bayer,Grimm,Grimisuat,Schweiz,Chemin Des Chênes 12,1053044550,0,2000,0,0,0,0,2000,hco
bayer,GRSSGO,Cheseaux-sur-Lausanne,Schweiz,Rue des Pâquis 1,1052346094,0,11021,0,0,0,0,11021,hco
bayer,Gruppo Medico Formazione,Roveredo GR,Schweiz,San Fedele,40529498,0,3300,0,0,0,0,3300,hco
bayer,Gsasa,Bern,Schweiz,,40523153,0,800,0,0,0,0,800,hco
bayer,GZO Spital Wetzikon,Wetzikon ZH,Schweiz,Spitalstr. 66,40533324,0,925.93,0,0,0,0,925.93,hco
bayer,Hareso AG,Solothurn,Schweiz,Niklaus-Konrad-Str. 11,40528509,0,10000,0,0,600,0,10600,hco
bayer,HerzGefässStiftung,Zürich,Schweiz,Seestr. 220,40536128,0,22500,0,0,0,0,22500,hco
bayer,Hôpital du Jura,Porrentruy,Schweiz,Ch' de l'Hôpital 9,40538227,0,2300,0,0,0,0,2300,hco
bayer,Hôpital du Valais,Sion,Schweiz,Avenue Grand-Champsec 80,40520335,0,12080,2313.1,13335.25,0,0,27728.35,hco
bayer,Hôpital Intercantonal de la Broye,Estavayer-le-Lac,Schweiz,Rue de la Rochette,40699479,0,2000,0,0,0,0,2000,hco
bayer,Hôpital neuchâtelois La Chaux-de-Fonds,La Chaux-de-Fonds,Schweiz,Rue Chasseral 20,40519124,0,9750,0,0,1500,0,11250,hco
bayer,Hôpitaux Universitaires Genève,Genève,Schweiz,Rue Gabrielle Perret-Gentil 4,40518666,0,55577.78,0,0,5975,1113.45,62666.23,hco
bayer,iffm,Burgdorf,Schweiz,Kirchbergstr. 23,1051772183,0,1800,0,0,0,0,1800,hco
bayer,Igomed,Thun,Schweiz,Höheweg 26a,40700119,0,4200,0,0,0,0,4200,hco
bayer,IHAM&CC Luzern,Luzern,Schweiz,Schwanenplatz 7,1053309391,0,5000,0,0,0,0,5000,hco
bayer,Insel Gruppe AG,Bern,Schweiz,Freiburgstr. 4,40531401,0,241930.3,110.4,1732.35,23994.46,1567.55,269335.06,hco
bayer,Isfri,Zürich,Schweiz,Winterthurerstr. 190,1055023338,0,1520.17,0,0,0,0,1520.17,hco
bayer,Journée Jurasienne de Médecine,Delémont,Schweiz,Rue de la Préfecture 1,1053109088,0,2000,0,0,0,0,2000,hco
bayer,Kantonsspital Aarau AG,Aarau,Schweiz,Tellstr. 25,40522809,0,50275,358,677,2075.83,117.27,53503.1,hco
bayer,Kantonsspital Baselland,Liestal,Schweiz,Mühlemattstr. 26,40522657,0,24000,0,932.91,600,0,25532.91,hco
bayer,Kantonsspital Glarus,Glarus,Schweiz,Burgstr. 99,40533421,0,2000,0,0,0,0,2000,hco
bayer,Kantonsspital Graubünden,Chur,Schweiz,Loestr. 170,40535054,0,8646.67,252,459.6,9004.23,0,18362.5,hco
bayer,Kantonsspital St. Gallen,St. Gallen,Schweiz,Rorschacherstr. 95 / Postfach 1,40538716,0,150078.66,2363,5188.43,4658.15,0,162288.24,hco
bayer,Kantonsspital Winterthur,Winterthur,Schweiz,Brauerstr. 15,40516032,0,24814.81,0,0,0,0,24814.81,hco
bayer,KGP,Bern,Schweiz,Schänzlistr. 33,40526445,0,7000,0,0,0,0,7000,hco
bayer,Kinderspital Zürich,Zürich,Schweiz,Steinwiesstr. 75,40532536,0,50925.93,0,0,1500,0,52425.93,hco
bayer,Klinik Arlesheim AG,Arlesheim,Schweiz,Pfeffingerweg 1,40531954,0,1388.9,0,0,0,0,1388.9,hco
bayer,Klinik Balgrist,Zürich,Schweiz,Forchstr. 340,40535508,0,29500,0,0,0,0,29500,hco
bayer,Klinik Barmelweid AG,Barmelweid,Schweiz,,40522840,0,2000,0,0,0,0,2000,hco
bayer,Klinik Bethesda,Tschugg,Schweiz,Oberdorf,40703101,0,2416.67,0,0,0,0,2416.67,hco
bayer,Klinik Impuls,Wetzikon ZH,Schweiz,Bahnhofstr. 137,40703526,0,2000,0,0,0,0,2000,hco
bayer,Löwenpraxis,Luzern,Schweiz,Zürichstr. 12,40523484,0,2500,0,0,0,0,2500,hco
bayer,Luzerner Kantonsspital,Luzern,Schweiz,Spitalstr' 16,1051697737,0,67500,0,0,14041.39,0,81541.39,hco
bayer,Médecins des Franches Montagnes,Saignelégier,Schweiz,Place du 23 Juin 2,40530980,0,1000,0,0,0,0,1000,hco
bayer,Medizinischer Verein vom Linthgebiet,Schmerikon,Schweiz,Bahnhofstr. 5,1052366744,0,1500,0,0,0,0,1500,hco
bayer,MISF - Stiftung,Heerbrugg,Schweiz,Berneckerstr. 26,40522568,0,10000,0,0,0,0,10000,hco
bayer,Network4vision AG,Küssnacht am Rigi,Schweiz,Sagirain 2,1057320027,0,0,0,0,1613.74,97.8,1711.54,hco
bayer,OMCT,Mezzovico,Schweiz,Via Cantonale,40690789,0,1600,0,0,0,0,1600,hco
bayer,Onkologiepflege Schweiz,Kleinandelfingen,Schweiz,Hirstigstr. 13,40526526,0,3250,0,0,0,0,3250,hco
bayer,Ospedale Regionale di Lugano,Lugano,Schweiz,Via Tesserete 46,40701231,0,13500,0,0,2450,0,15950,hco
bayer,Pallas Kliniken AG,Olten,Schweiz,Louis Giroudstr. 20,40672283,0,18000,0,0,0,0,18000,hco
bayer,PizolCare AG,Mels,Schweiz,Flurstr. 12,40702067,0,13500,0,0,0,0,13500,hco
bayer,Praxisklinik Binningen,Binningen,Schweiz,Hauptstr. 11,40674998,0,3500,0,0,0,0,3500,hco
bayer,Privatklinik Obach AG,Solothurn,Schweiz,Leopoldstr. 5,40534475,0,2000,0,0,0,0,2000,hco
bayer,Procrea,Bellinzona,Schweiz,Via Giovanni Nizzola 1,40529744,0,2000,0,0,0,0,2000,hco
bayer,Quadrimed,Crans-Montana,Schweiz,,40688596,0,17476.85,0,0,0,0,17476.85,hco
bayer,Regionalspital Emmental AG,Burgdorf,Schweiz,Oberburgstr. 54,40526142,0,1000,0,0,0,0,1000,hco
bayer,Regionalspital Surselva AG,Ilanz,Schweiz,Spitalstr. 6,40701314,0,1000,0,0,0,0,1000,hco
bayer,RSBJ,Ste-Croix,Schweiz,Rue des Rosiers 29,40519475,0,1800,0,0,0,0,1800,hco
bayer,S. Grasso Consulting,Lindau,Schweiz,Fischeracherstr. 17,40521622,0,21401,0,0,0,0,21401,hco
bayer,SAKK,Bern,Schweiz,Effingerstr. 33,1051509072,0,14000,3000,0,0,0,17000,hco
bayer,SAMM,St. Gallen,Schweiz,Kolumbanstr. 2,1051545282,0,11350,0,0,0,0,11350,hco
bayer,SAMO Swiss Academy of Multidisciplinary Oncology,Bern,Schweiz,Effingerstr. 40,40524995,0,3000,0,0,0,0,3000,hco
bayer,Schweiz. Ophthalmologisch e Gesellschaft c/o Fürsprecher Christoph Egli,St' Margrethen SG,Schweiz,Bahnhofplatz 12,1051958839,0,99200,0,0,21000,0,120200,hco
bayer,Schweizerische Herzrhythmus,Bern,Schweiz,Schänzlistr. 33,1052642232,0,4000,0,0,0,0,4000,hco
bayer,SeelandNet,Lyss,Schweiz,Bahnhofstr. 15a,40700054,0,5000,0,0,600,0,5600,hco
bayer,Sfcns,Basel,Schweiz,Münsterberg 1,1055005173,0,54550,0,0,0,0,54550,hco
bayer,SFPA,Carouge GE,Schweiz,Quai Du Cheval-blanc 2,1053070713,0,1000,0,0,0,0,1000,hco
bayer,SG für Verhaltensneurologie,Rheinfelden,Schweiz,Salinerstr. 98,1052933245,0,1500,0,0,0,0,1500,hco
bayer,Sgaim,Bern,Schweiz,Monbijoustr. 43,1057207285,0,77170,0,0,0,0,77170,hco
bayer,Sgar-Ssar,Bern,Schweiz,Rabbentalstr. 83,40519842,0,27280,0,0,0,0,27280,hco
bayer,Sged-Ssed,Baden,Schweiz,Rütistr. 3a,40528710,0,7500,0,0,0,0,7500,hco
bayer,Sgh-Ssh,Münsingen,Schweiz,Innerer Giessenweg 37,40531250,0,3000,0,0,0,0,3000,hco
bayer,Sgk - Ssc,Bern,Schweiz,Schwarztorstr. 18,40674468,0,6000,0,0,0,0,6000,hco
bayer,Sgu-Ssu,Montreux,Schweiz,Avenue des Planches 15,1051535312,0,13840,0,0,0,0,13840,hco
bayer,Sgvc - Sscv,Aarau,Schweiz,Bahnhofstr. 55,1052316170,0,1666.66,0,0,0,0,1666.66,hco
bayer,SIOG,Genève,Schweiz,Route des Morillons 1-5,40519289,0,30974.44,0,0,0,0,30974.44,hco
bayer,Société Neuchâteloise SNM,Couvet,Schweiz,Grand'Rue 36BIS,40524659,0,5000,0,0,0,0,5000,hco
bayer,Solothurner Spitäler AG soH,Solothurn,Schweiz,Schöngrünstr. 42,40534500,0,2600,0,0,600,0,3200,hco
bayer,SOTI Società Ortopedica Ticinese,Lumino,Schweiz,Via Castione 13,1053067077,0,1000,0,0,0,0,1000,hco
bayer,Spital Davos,Davos Platz,Schweiz,Promenade 4,40535882,0,2000,0,0,0,0,2000,hco
bayer,Spital Schwyz,Schwyz,Schweiz,Waldeggstr. 10,40535089,0,3000,0,0,0,0,3000,hco
bayer,Spital Thurgau AG,Frauenfeld,Schweiz,Waldeggstr. 8a,40516137,0,10200,0,0,850,0,11050,hco
bayer,Spital Walenstadt,Walenstadt,Schweiz,Spitalstr. 5,40669076,0,2777.78,0,0,0,0,2777.78,hco
bayer,Spitalregion Fürstenland Toggenburg SRFT,Will,Schweiz,Fürstenlandstr. 32,40528361,0,7000,0,0,0,0,7000,hco
bayer,Spitalverbund Appenzell Ausserrhoden,Herisau,Schweiz,Krombach 3,40516441,0,1000,0,0,0,0,1000,hco
bayer,Spitalzentrum Biel AG,Biel,Schweiz,Vogelsang 84,40524892,0,4500,0,0,0,0,4500,hco
bayer,Spog-Gops,Bern,Schweiz,Effingerstr. 33,1051512649,0,3000,0,0,0,0,3000,hco
bayer,Stiftung Förder. Ausb. med. Rad.,Wallisellen,Schweiz,Hertistr. 26,1051391654,0,5500,0,0,0,0,5500,hco
bayer,Stiftung SONK St. Gallen Oncology Conferences,St. Gallen,Schweiz,Rorschacher Str. 150,40533679,0,0,8529.6,0,0,0,8529.6,hco
bayer,Stiftung ToGo opening eyes,Baden,Schweiz,Weite Gasse 37,40517201,0,5000,0,0,0,0,5000,hco
bayer,Stiftung Tox Info Suisse,Zürich,Schweiz,Freiestr. 16,1052611519,0,0,0,0,6000,0,6000,hco
bayer,Stiftungen für wissenschaftliche Forschung am Stadtspital Triemli,Zürich,Schweiz,Birmensdorferstr. 497,40532684,0,17250,0,0,4687.71,0,21937.71,hco
bayer,STiMeGer,Chiasso,Schweiz,Corso San Gottardo 89,1052939242,0,1000,0,0,0,0,1000,hco
bayer,Sumsi,Mezzovico,Schweiz,Via Piraree 6,1052362378,0,500,0,0,0,0,500,hco
bayer,SVA Sektion Aargau,Aarau,Schweiz,Erlinsbacherstr. 21,1052420839,0,1000,0,0,0,0,1000,hco
bayer,SVA Sektion Basel,Basel,Schweiz,Jacob Burckhardt-str. 12,1051720016,0,2000,0,0,0,0,2000,hco
bayer,SVA Sektion Solothurn,Küttigkofen,Schweiz,Dorfstr. 48,1051848220,0,1000,0,0,0,0,1000,hco
bayer,SVA Sektion St. Gallen,Goldach,Schweiz,Appenzellerstr. 6,40527947,0,1400,0,0,0,0,1400,hco
bayer,Svmtra,Sursee,Schweiz,Bahnhofstr. 7b,40517675,0,10185.2,0,0,0,0,10185.2,hco
bayer,Swiss Eye Institute AG,Rotkreuz,Schweiz,Luzernerstr. 1,40518147,0,0,0,452.66,33074.31,527.53,34054.5,hco
bayer,swiss orthopaedics,Grandvaux,Schweiz,Chemin de la Bovarde 19,40525295,0,43800,0,0,0,0,43800,hco
bayer,SwissPedNet,Basel,Schweiz,Petersplatz 13,40521733,0,1500,0,0,0,0,1500,hco
bayer,Tapia & Tapia,Zug,Schweiz,Baarerstr. 75,40534171,0,2500,0,0,0,0,2500,hco
bayer,TopPharm AG,Münchenstein,Schweiz,Grabenackerstr. 11,40531910,0,32000,0,0,0,0,32000,hco
bayer,Universität Basel,Basel,Schweiz,Petersplatz 1,40521752,0,21000,0,0,20365.3,0,41365.3,hco
bayer,Universitäts-Kinderspital beider Basel,Basel,Schweiz,Spitalstr. 33,40531686,0,10000,0,0,0,0,10000,hco
bayer,UniversitätsSpital Zürich,Zürich,Schweiz,Rämistr. 100,40532605,0,55260,0,0,0,0,55260,hco
bayer,Urologie Praxis im Zentrum AG,St. Gallen,Schweiz,Poststr. 25,40698536,0,0,0,0,700,0,700,hco
bayer,Vascular International School AG,Füringen,Schweiz,Schiltweid 4,40517595,0,2500,0,0,0,0,2500,hco
bayer,VBHK,Bern,Schweiz,Effingerstr. 2,1052973001,0,3250,0,0,0,0,3250,hco
bayer,Verein FIRSTLOVE,Luzern,Schweiz,Spitalstr. 31,1055027315,0,10000,0,0,0,0,10000,hco
bayer,Verein z. Förderung Augenheilk.,Basel,Schweiz,Mittlere Str. 91,40537595,0,7000,0,0,0,0,7000,hco
bayer,Verein zur Förderung der Sportorthopädie,Bottmingen,Schweiz,Birsigstr. 3,1051950312,0,1500,0,0,0,0,1500,hco
bayer,Zürcher Gesundheitsnetz ZGN,Winterthur,Schweiz,Garnmarkt 1,40701636,0,5000,0,0,0,0,5000,hco
bayer,Abdelbaky Naiem,Wollerau,Schweiz,Hauptstr. 12,40540061,0,0,290.71,654.1,0,0,944.81,hcp
bayer,Ajit Andreas Singh,Zürich,Schweiz,Stadelhoferstr. 8,40764086,0,0,0,0,600,0,600,hcp
bayer,Alain Bitton,Genève,Schweiz,Route de Florissant 95,40519351,0,0,0,0,2075,0,2075,hcp
bayer,Alain Delabays,Morges,Schweiz,Chemin du Crêt 2,40747652,0,0,402,632.45,700,0,1734.45,hcp
bayer,Alan Dal Pra,Bern,Schweiz,Murtenstr. 35,40540792,0,0,0,0,700,0,700,hcp
bayer,Albéric Jean Marie Bressoud,Lausanne,Schweiz,Avenue d'Ouchy 31,40539742,0,0,430.15,4209.15,0,0,4639.3,hcp
bayer,Alessandra Franzetti,Lugano,Schweiz,Via Moncucco 10,1052453398,0,0,0,145.05,0,0,145.05,hcp
bayer,Alessandro Casini,Genève,Schweiz,Rue Gabrielle-Perret-Gentil 4,40739609,0,0,274.65,711.15,0,0,985.8,hcp
bayer,Alexander Kerber,Scuol,Schweiz,Via Ospidal 280,40757584,0,0,0,0,600,0,600,hcp
bayer,Alexander Krafft,Zollikon,Schweiz,Dufourstr. 50,40752055,0,0,454.65,707.3,0,0,1161.95,hcp
bayer,Alexander Meisel,Zürich,Schweiz,Tièchestr. 99,40707105,0,0,0,0,650,0,650,hcp
bayer,Alexander Pincherlé,Lausanne,Schweiz,Rue du Bugnon 46,40711342,0,0,0,662.55,0,0,662.55,hcp
bayer,Alexandre Meiltz,Estavayer-le-Lac,Schweiz,Avenue de la Gare 111,40540693,0,0,0,0,700,0,700,hcp
bayer,Alfons Studer,Riedholz,Schweiz,Sonnenrainstr. 1,40534469,0,0,0,365.55,0,0,365.55,hcp
bayer,Alfred Furrer,Zürich,Schweiz,Seestr. 129,40759808,0,0,610.35,618.4,650,0,1878.75,hcp
bayer,Almut Meier,Zürich,Schweiz,Seefeldstr. 66,40726455,0,0,0,367.4,0,0,367.4,hcp
bayer,Ana Godinho Lourenço,Genève,Schweiz,Rue Plantamour 19,40540197,0,0,454.65,796,0,0,1250.65,hcp
bayer,Andrea Galli,Viganello,Schweiz,Viale Pietro Capelli 1,1051937629,0,0,0,0,600,0,600,hcp
bayer,Andreas Christe,Bern,Schweiz,Freiburgstr. 10,1051647204,0,0,202.15,2621.35,0,0,2823.5,hcp
bayer,Andreas Lutterotti,Zürich,Schweiz,Frauenklinikstr. 26,40715617,0,0,0,0,1065,0,1065,hcp
bayer,Andreas Michael Furrer,Winterthur,Schweiz,Nelkenstr. 5,40521019,0,0,0,0,100,0,100,hcp
bayer,Andreas Steiner,Küsnacht ZH,Schweiz,Alte Landstr. 158,40522175,0,0,0,365.55,0,0,365.55,hcp
bayer,Andreas Z'Brun,Bern,Schweiz,Bubenbergplatz 11,40540797,0,0,0,0,600,0,600,hcp
bayer,Anette Schumacher,Schaffhausen,Schweiz,Geissbergstr. 81,40763193,0,0,0,0,600,0,600,hcp
bayer,Anja Kröner,Zürich,Schweiz,Rämistr. 100,40716033,0,0,-17.15,406.35,663.35,0,1052.55,hcp
bayer,Anna Mikulich,Vevey,Schweiz,Rue de la Clergère 1,40765923,0,0,188.95,513.85,0,0,702.8,hcp
bayer,Anna-Maria Stalberg,Genève,Schweiz,Chemin des-Crêts-de-Champel 12,40519331,0,0,265.01,678.05,0,0,943.06,hcp
bayer,Annabelle Faure van Rossum,Gland,Schweiz,Allée du Communet 20,40541387,0,0,290.71,668.75,0,0,959.46,hcp
bayer,Anne Angelillo-Scherrer,Bern,Schweiz,Freiburgstr. 18,40539811,0,0,405.35,7871.65,0,0,8277,hcp
bayer,Anne-Thérèse Vlastos,Genève,Schweiz,Place des Philosophes 18,40539395,0,0,0,82.35,0,0,82.35,hcp
bayer,Annette Schneider,Basel,Schweiz,Spitalstr. 33,40764229,0,0,192,1283.08,0,0,1475.08,hcp
bayer,Annina Steinemann,Basel,Schweiz,Spitalstr. 33,1051934887,0,0,192,804.3,0,0,996.3,hcp
bayer,Antonia Thieme,St. Gallen,Schweiz,Rorschacherstr. 95,1053044482,0,0,188.65,674.95,0,0,863.6,hcp
bayer,Ariane Testuz,Genève,Schweiz,Rue Gabrielle-Perret-Gentil 4,40710162,0,0,490.65,774.35,0,0,1265,hcp
bayer,Ashraf Wali,Oftringen,Schweiz,Döbeligut 5,40757124,0,0,454.65,707.3,0,0,1161.95,hcp
bayer,Augusto Franco Gallino,Bellinzona,Schweiz,Via Ospedale,40751362,0,0,0,0,1200,0,1200,hcp
bayer,Barbara Muoio,Bellinzona,Schweiz,Via Ospedale,1055457596,0,0,824.8,865.35,0,0,1690.15,hcp
bayer,Barbara Rossi-Meier,Zürich,Schweiz,Schifflände 22,40541232,0,0,290.71,654.1,0,0,944.81,hcp
bayer,Barbara Wey,Buchrain,Schweiz,Hauptstr. 12,40523552,0,0,0,0,800,0,800,hcp
bayer,Beat Müllhaupt,Zürich,Schweiz,Rämistr. 100,40539828,0,0,0,0,687.5,0,687.5,hcp
bayer,Beata Falkenberg,Bern,Schweiz,Freiburgstr. 18,1051661039,0,0,158.3,5027,0,0,5185.3,hcp
bayer,Beatrice Amann-Vesti,Zürich,Schweiz,Rämistr. 100,40706629,0,0,0,0,5215,0,5215,hcp
bayer,Béatrice Maerki,Bern,Schweiz,Schänzlistr. 33,40526450,0,0,188.95,576,0,0,764.95,hcp
bayer,Bernhard Blum,Olten,Schweiz,Baslerstr. 150,1053035193,0,0,0,0,600,0,600,hcp
bayer,Bernhard Meier,Bern,Schweiz,Freiburgstr. 4,40539800,0,0,0,0,4200,0,4200,hcp
bayer,Bernhard Robert Beck,Zürich,Schweiz,Rämistr. 3,40763434,0,0,0,0,800,0,800,hcp
bayer,Bijan Alamouti,Riehen,Schweiz,Rössligasse 19,40746189,0,0,181,893.9,0,0,1074.9,hcp
bayer,Björn Stinn,St. Gallen,Schweiz,Rorschacherstr. 95,1055495654,0,0,780,2644,0,0,3424,hcp
bayer,Bojan Gajic,Zürich,Schweiz,Gloriastr. 57,40541301,0,0,454.65,707.3,0,0,1161.95,hcp
bayer,Brigitte Brand,Zürich,Schweiz,Rämistr. 100,40524004,0,0,273.35,670.3,1500,0,2443.65,hcp
bayer,Bruno Parreira,Lausanne,Schweiz,Avenue Marc-Dufour 4,40738946,0,0,500,590.65,0,0,1090.65,hcp
bayer,Carla Briker,Bülach,Schweiz,Sonnenhof 1,1051546261,0,0,440,869,0,0,1309,hcp
bayer,Carlo Cereda,Lugano,Schweiz,Via Tesserete 46,40541039,0,0,337.35,434.2,1225,0,1996.55,hcp
bayer,Caroline Charlotte Bastid,Genève,Schweiz,Rue Gabrielle-Perret-Gentil 4,1052982478,0,0,246,309.5,0,0,555.5,hcp
bayer,Carsten Meyer,Aarau,Schweiz,Bahnhofplatz 4,40703898,0,0,0,0,4899.51,1628.84,6528.35,hcp
bayer,Catherine Waeber Stephan,Fribourg,Schweiz,Rue Hans-Geiler 6,40540324,0,0,0,0,1760,0,1760,hcp
bayer,Cécile Tawadros,Genolier,Schweiz,Route du Muids 3,40739179,0,0,607.35,330,0,0,937.35,hcp
bayer,Cédric Lehner,Fribourg,Schweiz,Rue De Locarno 1,40758080,0,0,645.3,1392.55,0,0,2037.85,hcp
bayer,Céline Mayoraz,Aigle,Schweiz,Chemin De La Biole 5,1056674815,0,0,328.65,833.65,0,0,1162.3,hcp
bayer,Charles-Alphonse Reynard,Sion,Schweiz,Avenue de la Gare 25,40539774,0,4000,0,0,0,0,4000,hcp
bayer,Christian De Pree,Genève,Schweiz,Chemin de Beau Soleil 22,40539412,0,0,375.2,4208.45,0,0,4583.65,hcp
bayer,Christian Heimgartner,Muri AG,Schweiz,Spitalstr. 144,40723841,0,0,710,843.52,0,0,1553.52,hcp
bayer,Christian Polli,Lugano,Schweiz,Via Tesserete 46,40705295,0,0,265.01,604.3,0,0,869.31,hcp
bayer,Christian Röthlisberger,Biel/Bienne,Schweiz,Vogelsang 84,40748778,0,0,0,0,800,0,800,hcp
bayer,Christina Elisabeth Schneider-Taverna,Münsterlingen,Schweiz,Spitalcampus 1,40758911,0,0,413.35,114,0,0,527.35,hcp
bayer,Christine Kohl,Basel,Schweiz,Eulerstr. 19,40538859,0,0,290.71,248,0,0,538.71,hcp
bayer,Christine Saraiva,La Chaux-de-Fonds,Schweiz,Rue de Chasseral 20,40722063,0,0,-17.15,866.3,0,0,849.15,hcp
bayer,Christoforos Stoupis,Männedorf,Schweiz,Asylstr. 10,40728235,0,0,0,0,875,0,875,hcp
bayer,Christoph Amstutz,Luzern,Schweiz,Spitalstr. 31,1051732646,0,0,199.35,4189.2,0,0,4388.55,hcp
bayer,Christoph Honegger,Baar,Schweiz,Landhausstr. 11,40724820,0,0,529.01,1036.65,0,0,1565.66,hcp
bayer,Christoph Kraft,Olten,Schweiz,Baslerstr. 66,40522686,0,0,603.65,872.35,0,0,1476,hcp
bayer,Christoph Lanz,Ebnat-Kappel,Schweiz,Ebnaterstr. 18,40541532,0,0,0,0,1200,0,1200,hcp
bayer,Christoph Schmidt,Barmelweid,Schweiz,,40723474,0,0,0,0,700,0,700,hcp
bayer,Christophe Hugonnet,Bulle,Schweiz,Rue Du Pays-d'enhaut 50,40524780,0,0,0,800.65,0,0,800.65,hcp
bayer,Christophe Mattenberger,Morges,Schweiz,Chemin du Crêt 2,40530477,0,0,188.95,513.85,100,0,802.8,hcp
bayer,Christophe Sierro,Sion,Schweiz,Avenue Grand-Champsec 80,40721294,0,0,0,0,1300,0,1300,hcp
bayer,Chryssoula Stelios,Bulle,Schweiz,Chemin Des Préalpes 16,1051546714,0,0,73.05,620.45,0,0,693.5,hcp
bayer,Claude-Alain Nacht,Gland,Schweiz,La Lignière 5,40747688,0,0,482.65,637.35,0,0,1120,hcp
bayer,Claude-André Chételat,Bern,Schweiz,Thunstr. 2,40758708,0,0,0,0,700,0,700,hcp
bayer,Claudia Pouskoulas,Kriens,Schweiz,Luzernerstr. 64,40759270,0,0,0,0,1500,0,1500,hcp
bayer,Claudio Thurneysen Day,St. Gallen,Schweiz,Rorschacherstr. 95,1053139944,0,0,846.4,1016.05,0,0,1862.45,hcp
bayer,Claudius Irlé,Meyrin,Schweiz,Avenue J.-D.-Maillard 11,40759902,0,0,398,1039.85,650,0,2087.85,hcp
bayer,Claudius Möckel,Schaffhausen,Schweiz,Rietstr. 30,40755465,0,0,212.65,621.6,0,0,834.25,hcp
bayer,Conrad Egloff,Zürich,Schweiz,Bahnhofstr. 71,40751864,0,0,0,564.37,0,0,564.37,hcp
bayer,Cyril Pellaton,Neuchâtel,Schweiz,Rue de la Maladière 45,40762837,0,0,399.3,645.85,0,0,1045.15,hcp
bayer,Daniel Georgiev Koychev,Rapperswil SG,Schweiz,Alte Jonastr. 24,1051547428,0,0,0,510.8,0,0,510.8,hcp
bayer,Daniel Gremmelmaier,Basel,Schweiz,St' Jakobs-Str. 40,40531719,0,0,0,0,600,0,600,hcp
bayer,Daniel Reding,Baar,Schweiz,Landhausstr. 11,40760818,0,0,416,602.34,0,0,1018.34,hcp
bayer,Danielle Sylvie Schreiber,Affoltern am Albis,Schweiz,Bahnhofplatz 11,40753459,0,0,290.71,654.1,0,0,944.81,hcp
bayer,David Bärtschi,Luzern,Schweiz,Spitalstr. 31,40734229,0,0,172,1052,0,0,1224,hcp
bayer,Dejan Stojiljkovic,Genève,Schweiz,Rue d'Italie 11,40530711,0,0,188.95,513.85,0,0,702.8,hcp
bayer,Dieter Wallmann,Burgdorf,Schweiz,Oberburgstr. 54,40763114,0,0,474.65,925.81,0,0,1400.46,hcp
bayer,Dominik Marti,Basel,Schweiz,Rütimeyerplatz 9,40539253,0,0,116.65,582,0,0,698.65,hcp
bayer,Dominik Müller,Biel/Bienne,Schweiz,Bahnhofstr. 54,40540310,0,0,0,0,600,0,600,hcp
bayer,Dominik Stambach,St. Gallen,Schweiz,Claudiusstr. 6,40516927,0,0,482,843.52,0,0,1325.52,hcp
bayer,Donat Dürr,Zürich,Schweiz,Birmensdorferstr. 497,40717268,0,0,0,0,762.12,0,762.12,hcp
bayer,Edoardo De Benedetti,Meyrin,Schweiz,Avenue J'-D'-Maillard 1bis,40518758,0,0,0,534.77,0,0,534.77,hcp
bayer,Edouard Battegay,Zürich,Schweiz,Rämistr. 100,40539856,0,0,0,0,4500,0,4500,hcp
bayer,Eliane Schärli,Luzern,Schweiz,Spitalstr. 31,1055128959,0,0,174.4,1021.1,0,0,1195.5,hcp
bayer,Elisabeth Huberle,Schwyz,Schweiz,Maria-Hilf-Str. 9,40540880,0,0,431.35,372,0,0,803.35,hcp
bayer,Elisabeth Hulik,Zürich,Schweiz,Forchstr. 340,1053198519,0,0,0,165.35,0,0,165.35,hcp
bayer,Elodie Bergeron,Aigle,Schweiz,Chemin De La Biole 5,1056675011,0,0,328.65,833.65,0,0,1162.3,hcp
bayer,Emilie Moreels,Morges,Schweiz,Rue de la Gare 6,1053216244,0,0,186,266.95,0,0,452.95,hcp
bayer,Emmanuelle Tullen,Genève,Schweiz,Chemin de Beau Soleil 22,40541423,0,0,406.65,510.79,0,0,917.44,hcp
bayer,Eric Freneaux,Genève,Schweiz,Chemin de Beau-Soleil 20,1051547232,0,0,-260,544.65,0,0,284.65,hcp
bayer,Eric Menzner,Zürich,Schweiz,Rämistr. 100,1052966784,0,0,138.35,218.9,0,0,357.25,hcp
bayer,Erich Küenzi,Hägendorf,Schweiz,Bachstr. 18,40760240,0,500,0,0,0,0,500,hcp
bayer,Eugenio Fernández,Genève,Schweiz,Rue Gabrielle-Perret-Gentil 4,40740045,0,0,0,482.52,0,0,482.52,hcp
bayer,Evelyne Hitz,Basel,Schweiz,Aeschengraben 18,40537008,0,0,0,0,700,0,700,hcp
bayer,Evelyne Huber,Onex,Schweiz,Route de Loëx 3,40540217,0,0,284.75,743,500,0,1527.75,hcp
bayer,Fabrice Mezino,Bouveret,Schweiz,Chemin Du Clous 21,1051545714,0,0,0,0,600,0,600,hcp
bayer,Fabrizio Giovanni Silvio Samue Branca,Basel,Schweiz,Centralbahnstr. 20,40712869,0,0,29.35,966.05,0,0,995.4,hcp
bayer,Felix Kühn,Luzern,Schweiz,Weggisgasse 40,40523478,0,0,0,0,2300,0,2300,hcp
bayer,Felix Riether,Bern,Schweiz,Freiburgstr. 18,1051937631,0,0,220,659.25,0,0,879.25,hcp
bayer,Filippo Donati,Biel/Bienne,Schweiz,Unionsgasse 14,40754750,0,0,0,0,750,0,750,hcp
bayer,Filippo Simona,Muralto,Schweiz,Piazza Stazione 9,40725367,0,0,0,0,750,0,750,hcp
bayer,Fiona Parrish,Zürich,Schweiz,Forchstr. 340,1053216246,0,0,152.65,165.35,0,0,318,hcp
bayer,Fioravante Frischknecht,Arbon,Schweiz,Schlossgasse 4,40753756,0,0,290.71,654.1,0,0,944.81,hcp
bayer,Firat Duru,Zürich,Schweiz,Rämistr. 100,40736557,0,0,710,843.52,0,0,1553.52,hcp
bayer,Flavio Sepulcri,Luzern,Schweiz,Fanghöfli 14,40523169,0,0,65.35,606.65,0,0,672,hcp
bayer,Florent Landi,Morges,Schweiz,Rue de la Gare 6,1053216242,0,0,0,266.95,0,0,266.95,hcp
bayer,Florian Weisskopf,Binningen,Schweiz,Hauptstr. 55,40745647,0,0,360,1635.35,0,0,1995.35,hcp
bayer,Frank Vonmoos,Basel,Schweiz,Centralbahnstr. 20,40525537,0,0,181.3,654.45,0,0,835.75,hcp
bayer,Franziska Weinmann Meier,Zollikerberg,Schweiz,Trichtenhauserstr. 12,40540564,0,0,290.71,654.1,0,0,944.81,hcp
bayer,Friederike Jutta Bender,Zürich,Schweiz,Höschgasse 50,40717319,0,0,454.65,707.3,600,0,1761.95,hcp
bayer,Friedrich Dinkelacker,Ilanz,Schweiz,Via S' Clau Sut 7,40529644,0,0,264,373.35,0,0,637.35,hcp
bayer,Gabor Mark Somfai,Olten,Schweiz,Louis Giroudstr. 20,1053073461,0,0,196.55,4189.2,0,0,4385.75,hcp
bayer,Gaëlle Mayor-Heyraud,Neuchâtel,Schweiz,Rue Saint-Honoré 2,1051546072,0,0,188.95,513.85,0,0,702.8,hcp
bayer,Gaetano Paone,Bellinzona,Schweiz,Via Ospedale,1051688815,0,0,0,0,1400,0,1400,hcp
bayer,Geneviève Bizzini Pezzetta,Montreux,Schweiz,Avenue Des Planches 27,40748309,0,0,0,609.3,500,0,1109.3,hcp
bayer,Geneviève Michel,Lausanne,Schweiz,Avenue de l'Avant-Poste 2,40747395,0,0,278.65,657,0,0,935.65,hcp
bayer,Gérard Huther,Sion,Schweiz,Avenue Grand-Champsec 80,40526197,0,0,786.65,991.35,0,0,1778,hcp
bayer,Giampiero Giovacchini,Zürich,Schweiz,Birmensdorferstr. 497,40726661,0,0,181.35,850.9,0,0,1032.25,hcp
bayer,Gian-Luzi Looser,Schaffhausen,Schweiz,Geissbergstr. 81,1052433875,0,0,242.01,533.2,0,0,775.21,hcp
bayer,Gian-Marco Sarra,Burgdorf,Schweiz,Poststr. 9,40760071,0,0,612,1525.15,850,0,2987.15,hcp
bayer,Giannicola D'Addario,Schaffhausen,Schweiz,Geissbergstr. 81,40752626,0,0,0,569.59,0,0,569.59,hcp
bayer,Gina Tavares-Sobral,Lausanne,Schweiz,Rue du Bugnon 46,1053272342,0,0,0,453.63,141.3,0,594.93,hcp
bayer,Giovanni Battista Pedrazzini,Lugano,Schweiz,Via Tesserete 48,1051415245,0,0,0,0,1200,0,1200,hcp
bayer,Grégoire Girod,Sion,Schweiz,Avenue Grand-Champsec 80,40754386,0,0,0,0,700,0,700,hcp
bayer,Gregor Freystätter,Zürich,Schweiz,Rämistr. 100,1054796330,0,0,0,0,650,0,650,hcp
bayer,Gudrun Mehring,Horgen,Schweiz,Seestr. 147,40704173,0,0,264,495.2,0,0,759.2,hcp
bayer,Guillaume Sérafini,Morges,Schweiz,Rue de la Gare 6,1053216243,0,0,182,266.95,0,0,448.95,hcp
bayer,Hans Jürg Huber,Würenlos,Schweiz,Juchstr. 15,40528765,0,0,0,365.55,0,0,365.55,hcp
bayer,Hansjörg Meier,Zofingen,Schweiz,Untere Grabenstr. 24,40759801,0,0,483.35,843.52,0,0,1326.87,hcp
bayer,Harald Brunner,Binningen,Schweiz,Kernmattstr. 8b,40537150,0,0,0,0,700,0,700,hcp
bayer,Heather Marie Bartlett Casparis,Locarno,Schweiz,Via Antonio Ciseri 13,40705008,0,0,628.15,1800.3,0,0,2428.45,hcp
bayer,Heinrich Mattle,Bern,Schweiz,Freiburgstr. 18,40539815,0,0,0,0,1690,0,1690,hcp
bayer,Heinz Hengartner,St. Gallen,Schweiz,Claudiusstr. 6,40728596,0,0,355.35,3727.25,937.5,0,5020.1,hcp
bayer,Helge Hoffmann,Hergiswil NW,Schweiz,Sonnenbergstr. 9,40541492,0,0,97.35,725.35,850,0,1672.7,hcp
bayer,Hugo Ubieto,St. Gallen,Schweiz,Claudiusstr. 6,40728528,0,0,516.65,3124.25,0,0,3640.9,hcp
bayer,Hüseyin Duyar,Liestal,Schweiz,Kasernenstr. 22a,40540446,0,0,0,0,500,0,500,hcp
bayer,Iclal Keskinaslan,Binningen,Schweiz,Hauptstr. 55,40750035,0,0,311.35,1615.5,0,0,1926.85,hcp
bayer,Ilka Rüsges-Wolter,Bern,Schweiz,Bremgartenstr. 117,40540789,0,0,121.35,261.3,0,0,382.65,hcp
bayer,Ina Lück,Uster,Schweiz,Bankstr. 8,40737503,0,0,264,495.2,0,0,759.2,hcp
bayer,Ines Küpfer,Frick,Schweiz,Mühlegasse 18,40750602,0,0,0,0,600,0,600,hcp
bayer,Ines Schlegel,Aarau,Schweiz,Tellstr.,40765228,0,0,290.71,443.5,0,0,734.21,hcp
bayer,Inga Hegemann,Zürich,Schweiz,Rämistr. 100,40716630,0,0,273.35,670.3,0,0,943.65,hcp
bayer,Ingrid Bürgi,Uster,Schweiz,Bankstr. 8,40737502,0,0,264,495.2,0,0,759.2,hcp
bayer,Ioannis Petropoulos,Genève,Schweiz,Rue Pierre-Fatio 15,40540196,0,0,477.3,5293.4,950,0,6720.7,hcp
bayer,Irena Zivanovic,Baar,Schweiz,Landhausstr. 11,40763887,0,0,0,0,600,0,600,hcp
bayer,Irene Dingeldein,Murten,Schweiz,Längmatt 32,40541158,0,0,266.36,544.15,3562.5,0,4373.01,hcp
bayer,Irina Bonvin,Sion,Schweiz,Place Du Midi 29,40539760,0,0,188.95,344.4,0,0,533.35,hcp
bayer,Iris Baumgartner,Bern,Schweiz,Freiburgstr. 4,40713240,0,0,0,0,1500,0,1500,hcp
bayer,Irmela Mantel Widmer,Lausanne,Schweiz,Avenue de France 15,40540144,0,0,0,0,750,0,750,hcp
bayer,Isabelle Arnet,Basel,Schweiz,Klingelbergstr. 50,40733358,0,0,0,312.45,0,0,312.45,hcp
bayer,Isabelle Zenklusen,Basel,Schweiz,Petersgraben 4,40743586,0,0,0,498.78,0,0,498.78,hcp
bayer,Ismail Bennani,Meyrin,Schweiz,Promenade des Artisans 24,40540222,0,0,402,810,700,0,1912,hcp
bayer,Jacques Moerlen,Basel,Schweiz,Föhrenstr. 2,40754227,0,0,0,0,600,0,600,hcp
bayer,Jacques Seydoux,Delémont,Schweiz,Rue de L'Avenir 2,40537236,0,0,0,0,200,0,200,hcp
bayer,Jan Steffel,Zürich,Schweiz,Rämistr. 100,40539850,0,0,0,0,9035.11,1191.82,10226.93,hcp
bayer,Jan Voss,Luzern,Schweiz,Haldenstr. 11,40759300,0,0,0,0,650,0,650,hcp
bayer,Janine Dörffler-Melly,Zürich,Schweiz,Bellariastr. 40,40515410,0,0,0,548.35,600,0,1148.35,hcp
bayer,Jean Bérubé,Lugano,Schweiz,Via Maggio 13,40535177,0,0,483.35,727.7,600,0,1811.05,hcp
bayer,Jean-Louis Frossard,Genève,Schweiz,Rue Gabrielle-Perret-Gentil 4,40740284,0,0,397.35,822.65,0,0,1220,hcp
bayer,Jean-Michel Gaspoz,Genève,Schweiz,Rue Gabrielle-Perret-Gentil 4,40760111,0,0,0,0,700,0,700,hcp
bayer,Jean-Philippe Zürcher,Lausanne,Schweiz,Rue du Bugnon 46,40719543,0,0,0,657,0,0,657,hcp
bayer,Jens Eckstein,Basel,Schweiz,Petersgraben 4,40733722,0,0,480.65,751.17,0,0,1231.82,hcp
bayer,Jérôme Pugin,Genève,Schweiz,Rue Gabrielle Perret-Gentil 4,40720391,0,0,0,0,3697.42,60.66,3758.08,hcp
bayer,Jiri Moucka,Basel,Schweiz,Steinenvorstadt 26,40540345,0,0,0,0,600,0,600,hcp
bayer,Joachim Gerbitz,Brugg AG,Schweiz,Bahnhofstr. 25,40529340,0,0,0,365.55,0,0,365.55,hcp
bayer,Joachim Klar,Olten,Schweiz,Hauptgasse 18,40539184,0,0,0,244.95,600,0,844.95,hcp
bayer,Joachim Müller,St. Gallen,Schweiz,Rorschacherstr. 95,1051392537,0,0,0,0,1100,0,1100,hcp
bayer,Johannes Bitzer,Basel,Schweiz,Schützenmattstr. 54,40540358,0,0,0,0,33319.86,27456.65,60776.51,hcp
bayer,Johannes Lukaschek,Baden,Schweiz,Bruggerstr. 21,40534047,0,0,692.65,360.59,0,0,1053.24,hcp
bayer,Johny Vogel,Sierre,Schweiz,Avenue de la Gare 3,40539650,0,0,0,556,600,0,1156,hcp
bayer,Jonathan Aebersold,Luzern,Schweiz,Spitalstr. 31,1051656278,0,0,95.35,778.3,0,0,873.65,hcp
bayer,Jörg Muntwyler,Kloten,Schweiz,Bahnhofstr. 11,40752711,0,0,710,843.52,0,0,1553.52,hcp
bayer,Josianne Mascarini,Genève,Schweiz,Rue Gabrielle-Perret-Gentil 4,1051546273,0,0,121.6,855.4,0,0,977,hcp
bayer,Judith Maria Schwaiger,Zürich,Schweiz,Rämistr. 100,1051546820,0,0,0,245.9,0,0,245.9,hcp
bayer,Juliane Döpfner,Wil SG,Schweiz,Obere Bahnhofstr. 37,40709080,0,0,357.65,882.75,0,0,1240.4,hcp
bayer,Julius Unrau,Rorschach,Schweiz,Marktplatz 9,40708849,0,0,264,887.75,0,0,1151.75,hcp
bayer,Jürgen Fornaro,St. Gallen,Schweiz,Rorschacherstr. 95,1052980808,0,0,1447.3,1395.01,0,0,2842.31,hcp
bayer,Karin Hohloch,Chur,Schweiz,Loestr. 170,40725515,0,0,458.05,453.6,0,0,911.65,hcp
bayer,Karl Scheidegger,St. Gallen,Schweiz,Brauerstr. 97,40758675,0,0,0,0,800,0,800,hcp
bayer,Karl-Olof Lövblad,Genève,Schweiz,Rue Gabrielle Perret-Gentil 4,40740121,0,0,0,967.53,0,0,967.53,hcp
bayer,Katarina Hurtikova,Olten,Schweiz,Louis Giroudstr. 20,1051661157,0,0,200.05,2169.95,0,0,2370,hcp
bayer,Katja Hatz,Binningen,Schweiz,Hauptstr. 55,40745649,0,0,399.6,4794.5,3433.09,0,8627.19,hcp
bayer,Katrin Bachmann,Zürich,Schweiz,Rämistr. 100,1055578221,0,0,-17.15,406.35,0,0,389.2,hcp
bayer,Katrin Furrer,Münsterlingen,Schweiz,Spitalcampus 1,40753113,0,0,0,913.75,0,0,913.75,hcp
bayer,Krystyna Brochocka,Niederbipp,Schweiz,Wydenstr. 11,40540491,0,0,264,521.2,0,0,785.2,hcp
bayer,Kuno Damian Peter Bigger,Zürich,Schweiz,Goethestr. 22,1052433531,0,0,213.75,824.75,0,0,1038.5,hcp
bayer,Laetitia Arja Mauti,Winterthur,Schweiz,Brauerstr. 15,1051548605,0,0,324,503.5,0,0,827.5,hcp
bayer,Lara Francesca Erba,Aarau,Schweiz,Tellstr.,1051958480,0,0,208.7,1513.5,0,0,1722.2,hcp
bayer,Lars Asmis,Zürich,Schweiz,Hufgasse 17,40736091,0,0,0,459.6,13900,0,14359.6,hcp
bayer,Laure Elkrief,Genève,Schweiz,Rue Gabrielle-Perret-Gentil 4,1051639698,0,0,214.65,230,0,0,444.65,hcp
bayer,Laurent Bochatay,Nyon,Schweiz,Chemin Monastier 10,40747734,0,0,240,224.5,0,0,464.5,hcp
bayer,Laurent Rosset,Fribourg,Schweiz,Route de Villars 37,40540241,0,0,0,662.45,0,0,662.45,hcp
bayer,Laurent Spahr,Genève,Schweiz,Rue Gabrielle-Perret-Gentil 4,40739603,0,0,384.6,827.55,1050,0,2262.15,hcp
bayer,Laurie Bloudeau,Chêne-Bourg,Schweiz,Route De Jussy 2,1054746242,0,0,0,0,1600,0,1600,hcp
bayer,Lian Krivoshei-Gehrig,Bern,Schweiz,Freiburgstr. 4,1051801718,0,0,268.65,488.52,0,0,757.17,hcp
bayer,Lorenzo Magenta,Lugano,Schweiz,Via Soldino 5,40735403,0,0,0,0,750,0,750,hcp
bayer,Lucien Csizy-Botond,Liestal,Schweiz,Widmannstr. 12,40540451,0,0,0,0,800,0,800,hcp
bayer,Ludivine Mercier-Vogel,Delémont,Schweiz,Faubourg des Capucins 30,40757540,0,0,0,360.59,0,0,360.59,hcp
bayer,Lukas Hinterhuber,Vaduz,Schweiz,Heiligkreuz 25,40738696,0,0,0,0,600,0,600,hcp
bayer,Luuk Van Smoorenburg,Winterthur,Schweiz,Brauerstr. 15,1052966778,0,0,168.05,0,0,0,168.05,hcp
bayer,Manuela Kaspar,Zürich,Schweiz,Witellikerstr. 40,40764970,0,0,438.2,404,0,0,842.2,hcp
bayer,Marc Blondon,Genève,Schweiz,Rue Gabrielle-Perret-Gentil 4,1052310111,0,0,0,595.07,0,0,595.07,hcp
bayer,Marc Cunier,Winterthur,Schweiz,Brauerstr. 15,1053082686,0,0,0,442,0,0,442,hcp
bayer,Marc Heizmann,Aarau,Schweiz,Tellstr.,40541428,0,0,0,0,2337.5,0,2337.5,hcp
bayer,Marcin Sumila,Zürich,Schweiz,Witellikerstr. 40,40762770,0,0,0,0,1550,0,1550,hcp
bayer,Marco Kummer,Rheinfelden,Schweiz,Habich-Dietschy-Str. 18,40761423,0,0,0,0,700,0,700,hcp
bayer,Marco Steiner,Luzern,Schweiz,Mühlenplatz 6,40517502,0,0,264,373.35,600,0,1237.35,hcp
bayer,Marco Waser,Luzern,Schweiz,Obergrundstr. 88,40517509,0,0,700,1450.17,0,0,2150.17,hcp
bayer,Maria Aepli-Bucher,St. Gallen,Schweiz,Vadianstr. 31,40708892,0,0,360,0,0,0,360,hcp
bayer,Maria Michela Pagnozza Mubiayi Bamona,Aigle,Schweiz,Chemin Du Grand-chêne,40731320,0,0,188.95,332.2,0,0,521.15,hcp
bayer,Maria Petrus,Zürich,Schweiz,Höschgasse 50,40706312,0,0,0,365.55,0,0,365.55,hcp
bayer,Maria Rosza Dervaderics,Neuenhof,Schweiz,Albertstr. 4,1051601514,0,0,0,712.65,0,0,712.65,hcp
bayer,Marianne Beckmann,St. Gallen,Schweiz,Rorschacherstr. 95,1051632563,0,0,0,254.2,600,0,854.2,hcp
bayer,Marianne Hochrieser,Baden,Schweiz,Bruggerstr. 21,40540842,0,0,-17.15,406.35,0,0,389.2,hcp
bayer,Marianne Terrettaz,Martigny,Schweiz,Avenue de la Gare 17,40710763,0,0,0,0,600,0,600,hcp
bayer,Marie-Claire Gaillard,Sion,Schweiz,Avenue de la Gare 17a,40539778,0,0,283.4,754.3,0,0,1037.7,hcp
bayer,Marie-Laure Amram-Benamram,Genève,Schweiz,Rue Gabrielle-Perret-Gentil 4,40540168,0,0,0,0,1300,0,1300,hcp
bayer,Marina Etienne,Luzern,Schweiz,Alpenstr. 1,40541465,0,0,290.71,642.75,0,0,933.46,hcp
bayer,Markus Eberhard,Schaffhausen,Schweiz,Geissbergstr. 81,40540582,0,0,0,282.25,0,0,282.25,hcp
bayer,Markus Gut,Zürich,Schweiz,Goethestr. 16,40535323,0,0,454.65,707.3,0,0,1161.95,hcp
bayer,Markus Halberstadt,Bern,Schweiz,Bremgartenstr. 119,40538232,0,0,145.05,967.95,0,0,1113,hcp
bayer,Markus Schlager,Bern,Schweiz,Freiburgstr. 18,40713213,0,0,292.25,515.3,0,0,807.55,hcp
bayer,Markus Schwendinger,Baden,Schweiz,Im Ergel 1,40703983,0,0,478.65,843.52,0,0,1322.17,hcp
bayer,Georg Martin Daepp,Biel/Bienne,Schweiz,Vogelsang 84,40756347,0,0,607,800.65,0,0,1407.65,hcp
bayer,Martin Liesch,Vaduz,Schweiz,Heiligkreuz 25,40751693,0,0,0,0,700,0,700,hcp
bayer,Martin Umbehr,Zürich,Schweiz,Birmensdorferstr. 497,40758070,0,0,607,728.95,0,0,1335.95,hcp
bayer,Martina Knabenhans,Aarau,Schweiz,Tellstr. 25,1051855304,0,0,290.71,443.5,0,0,734.21,hcp
bayer,Massimo Vignanelli,Lugano,Schweiz,Via Trevano 38,40541034,0,0,0,0,2300,0,2300,hcp
bayer,Mathias Schmid,Zürich,Schweiz,Birmensdorferstr. 497,40540527,0,0,0,474.35,0,0,474.35,hcp
bayer,Mathis Rutsch,Pfäffikon ZH,Schweiz,Frohwiesstr. 24,40752773,0,0,290.71,654.1,0,0,944.81,hcp
bayer,Matteo Bistoletti,Zürich,Schweiz,Birmensdorferstr. 318,40721797,0,0,362.55,874.05,0,0,1236.6,hcp
bayer,Matthias Anderegg,Ittigen,Schweiz,Talgut-Zentrum 5,40762511,0,0,0,0,700,0,700,hcp
bayer,Matthias Brühlmeier,Aarau,Schweiz,Tellstr. 25,40734238,0,0,364,867.6,0,0,1231.6,hcp
bayer,Matti Kuronen,Aarau,Schweiz,Schanzweg 7,40540523,0,0,290.71,654.1,0,0,944.81,hcp
bayer,Maurus Glinz,Sursee,Schweiz,Spitalstr. 16c,40751115,0,0,0,868,0,0,868,hcp
bayer,Max Hilfiker,Burgdorf,Schweiz,Oberburgstr. 54,40759045,0,0,489.35,843.52,0,0,1332.87,hcp
bayer,Maximilian Graw,Wil SG,Schweiz,Fürstenlandstr. 32,1051698074,0,0,0,0,700,0,700,hcp
bayer,May Abou Hadeed,Binningen,Schweiz,Hauptstr. 55,1051661145,0,0,412.05,880.05,0,0,1292.1,hcp
bayer,Mehdi Namdar,Genève,Schweiz,Rue Gabrielle-Perret-Gentil 4,40719870,0,0,0,0,700,0,700,hcp
bayer,Michael Mutter,Glarus,Schweiz,Burgstr. 99,40708381,0,0,0,0,700,0,700,hcp
bayer,Michael Nagler,Bern,Schweiz,Freiburgstr. 18,40743559,0,0,0,461.9,0,0,461.9,hcp
bayer,Michael Oswald,Hergiswil NW,Schweiz,Sonnenbergstr. 9,40541493,0,0,686,544,0,0,1230,hcp
bayer,Michael Richter,Pfäffikon SZ,Schweiz,Bahnhofstr. 13,40540041,0,0,87.35,606.65,700,0,1394,hcp
bayer,Michaela Schmid,Zürich,Schweiz,Forchstr. 289,40752012,0,0,290.71,654.1,600,0,1544.81,hcp
bayer,Michel Gay,Sion,Schweiz,Rue du Rhône 25,40539776,0,0,189.9,505.35,0,0,695.25,hcp
bayer,Michel Matter,Genève,Schweiz,Rue Pierre-Fatio 15,40540194,0,0,270,841.65,950,0,2061.65,hcp
bayer,Micol Blumberg,Neuchâtel,Schweiz,Rue Des Bercles 5,40539416,0,0,189.9,505.35,0,0,695.25,hcp
bayer,Mihael Abramovic,Nottwil,Schweiz,Guido A. Zäch Str. 1,40724761,0,0,145.6,2644,0,0,2789.6,hcp
bayer,Milos Savcic,Lausanne,Schweiz,Avenue de Savoie 10,40540148,0,0,0,505.57,0,0,505.57,hcp
bayer,Mirjam Faulenbach,Zürich,Schweiz,Witellikerstr. 36,40541254,0,0,0,0,2000,0,2000,hcp
bayer,Myriam Aufdenblatten,Bern,Schweiz,Bremgartenstr. 119,1052453471,0,0,184.95,814,0,0,998.95,hcp
bayer,Nadja Mamisch-Saupe,Zürich,Schweiz,Witellikerstr. 40,1051663893,0,0,0,0,2000,0,2000,hcp
bayer,Nashwa Al Saffar,Genève,Schweiz,Route de Chêne 11,40760329,0,0,290.71,668.75,0,0,959.46,hcp
bayer,Nathalie Janssens,Neuchâtel,Schweiz,Rue de la Maladière 45,40741683,0,0,-17.15,866.3,0,0,849.15,hcp
bayer,Nazanin Divanali Mounoud,Ecublens VD,Schweiz,Route Louis-Favre 6a,1051689201,0,0,0,82.35,0,0,82.35,hcp
bayer,Nicolas Stalder,Sion,Schweiz,Avenue de Tourbillon 36c,40539777,0,0,481.75,662.5,0,0,1144.25,hcp
bayer,Nicolas Xavier von der Weid,Basel,Schweiz,Spitalstr. 33,40758753,0,0,0,0,1062.5,0,1062.5,hcp
bayer,Niklaus Meier,Bern,Schweiz,Freiburgstr. 18,1051601312,0,0,0,0,2200,0,2200,hcp
bayer,Nils Kucher,Bern,Schweiz,Freiburgstr. 4,40743572,0,0,0,0,13365.54,1725.29,15090.83,hcp
bayer,Oliver Distler,Zürich,Schweiz,Gloriastr. 25,40541300,0,0,0,1328.39,2802,0,4130.39,hcp
bayer,Olivier Bernardeau,Sion,Schweiz,Rue du Scex 2,1057358421,0,0,0,852.65,0,0,852.65,hcp
bayer,Olivier Favre,Genève,Schweiz,Boulevard des Philosophes 14,40540240,0,0,0,732.55,500,0,1232.55,hcp
bayer,Ottavio Bernasconi,Bellinzona,Schweiz,Piazza del Sole 5,40761250,0,0,360.25,934.2,0,0,1294.45,hcp
bayer,Pascal Chatelain,Genève,Schweiz,Rue Emile-Yung 4,40518631,0,0,0,0,700,0,700,hcp
bayer,Pascal Hasler,Basel,Schweiz,Mittlere Str. 91,40723935,0,0,360,878.15,1065,0,2303.15,hcp
bayer,Pascal Mock,Genève,Schweiz,Rond-point de Plainpalais 5,40525746,0,0,727.45,975.7,0,0,1703.15,hcp
bayer,Pascal Viktorin,Winterthur,Schweiz,Brauerstr. 15,1051688822,0,0,128.8,956,0,0,1084.8,hcp
bayer,Patrick Chabloz,Neuchâtel,Schweiz,Rue de la Maladière 45,40748569,0,0,266.36,531.65,0,0,798.01,hcp
bayer,Patrick Imesch,Zürich,Schweiz,Frauenklinikstr. 10,40706532,0,0,0,0,1000,0,1000,hcp
bayer,Patrick Mirimanoff,Genève,Schweiz,Rue Emile-Yung 1,40759608,0,0,0,833.75,500,0,1333.75,hcp
bayer,Patrick Monnier,La Chaux-de-Fonds,Schweiz,Avenue Léopold-Robert 12,40540297,0,0,400,728.3,1000,0,2128.3,hcp
bayer,Patrik Kloos,Wil SG,Schweiz,Obere Bahnhofstr. 37,1052879603,0,0,404.95,526.95,0,0,931.9,hcp
bayer,Patrizia Frösch,Locarno,Schweiz,Via all'Ospedale 1,40705036,0,0,277.85,655.5,0,0,933.35,hcp
bayer,Patrizia Melchiorre,Lugano,Schweiz,Via Tesserete 46,40705428,0,0,484.65,996.35,0,0,1481,hcp
bayer,Peter Hauri,Feldbrunnen,Schweiz,Schützenstr. 4,40540472,0,0,454.65,707.3,0,0,1161.95,hcp
bayer,Peter Jäggi,Pfäffikon SZ,Schweiz,Bahnhofstr. 13,40539943,0,0,65.35,564.65,0,0,630,hcp
bayer,Peter Villiger,Chur,Schweiz,Loestr. 170,40535056,0,0,245.35,493.3,0,0,738.65,hcp
bayer,Peter Wälchli,Meiringen,Schweiz,Spitalstr. 13,40749687,0,0,0,365.55,0,0,365.55,hcp
bayer,Philipp Hoigné-Perret,Bern,Schweiz,Schänzlistr. 33,40754784,0,0,710,843.52,0,0,1553.52,hcp
bayer,Philippe Babando,Les Brenets,Schweiz,Rue de la Gare 3,40540305,0,7500,0,0,0,0,7500,hcp
bayer,Philippe Cordey,Zollikofen,Schweiz,Kirchlindachstr. 7,40525788,0,0,116.65,754.65,0,0,871.3,hcp
bayer,Philippe Cottagnoud,Bern,Schweiz,Schänzlihalde 11,40711684,0,0,0,0,600,0,600,hcp
bayer,Pierre Bohanes,Fribourg,Schweiz,Route de Villars 37,40540224,0,0,532.65,480.44,0,0,1013.09,hcp
bayer,Pierre Vulliemin,Monthey,Schweiz,Avenue de la Gare 24,40763927,0,0,488,637.35,0,0,1125.35,hcp
bayer,Pierre-Frédéric Keller,Delémont,Schweiz,Rue De La Maltière 10,40538775,0,0,479.35,655,800,0,1934.35,hcp
bayer,Racem Bouzguenda,Neuchâtel,Schweiz,Rue de la Maladière 45,40741684,0,0,470.65,580,0,0,1050.65,hcp
bayer,Rainer Adam,Bern,Schweiz,Junkerngasse 61,40742150,0,0,0,0,800,0,800,hcp
bayer,Rainer Kobelt,Wabern,Schweiz,Seftigenstr. 240,40541144,0,0,0,286.18,0,380.41,666.59,hcp
bayer,Ralf Kiel,Neuchâtel,Schweiz,Rue des Poteaux 8,40748647,0,0,206.25,1405.85,0,0,1612.1,hcp
bayer,Raphael Guanella,Martigny,Schweiz,Rue De Plaisance 7,1051663645,0,0,0,609.3,1100,0,1709.3,hcp
bayer,Raquel Biton Rudermann,Genève,Schweiz,Boulevard de la Cluse 30,40710916,0,0,432.65,724.65,0,0,1157.3,hcp
bayer,Regula Dedial,Winterthur,Schweiz,Lindstr. 40,40737176,0,0,264,495.2,0,0,759.2,hcp
bayer,Renaud Guignard,Meyrin,Schweiz,Avenue Jean-Daniel Maillard 3,40719945,0,0,-260,551.3,0,0,291.3,hcp
bayer,René Maire,Männedorf,Schweiz,Bahnhofstr. 20,40541010,0,0,484.4,849.72,0,0,1334.12,hcp
bayer,René Orler,Ibach,Schweiz,Gotthardstr. 62,40762798,0,0,0,0,600,0,600,hcp
bayer,Reto Engel,St. Gallen,Schweiz,Schützengasse 2,40539868,0,0,492.45,755.83,0,0,1248.28,hcp
bayer,Reto Kühne,Zürich,Schweiz,Tièchestr. 99,40541287,0,0,408.65,602.34,0,0,1010.99,hcp
bayer,Rita Birgit Füllhaas-Spörri,Liestal,Schweiz,Rheinstr. 12,40758603,0,0,454.65,707.3,0,0,1161.95,hcp
bayer,Robert Alfred Mueller,Ittigen,Schweiz,Talgut-Zentrum 5,40760254,0,0,0,0,700,0,700,hcp
bayer,Robert Schneider,Thun,Schweiz,Bahnhofstr. 1,40541166,0,0,132.65,643.9,0,0,776.55,hcp
bayer,Roger Burkhard,Zürich,Schweiz,Witellikerstr. 40,40541249,0,0,291.45,404.95,0,0,696.4,hcp
bayer,Roger Schwab,Biel/Bienne,Schweiz,Unterer Quai 92,40539243,0,0,0,728.95,0,0,728.95,hcp
bayer,Rolf Bicher,Basel,Schweiz,Rümmingerstr. 17,40537617,0,0,0,365.55,0,0,365.55,hcp
bayer,Rudolf Frank,Bern,Schweiz,Thunstr. 2,40712119,0,0,0,0,700,0,700,hcp
bayer,Sabine Haller,Genève,Schweiz,Avenue De-Luserna 17,40759607,0,0,660.65,758.05,0,0,1418.7,hcp
bayer,Sabine Zürcher Meili,Frauenfeld,Schweiz,Bahnhofstr. 61,1051922085,0,0,290.71,670.6,0,0,961.31,hcp
bayer,Said Mroue,Genève,Schweiz,Rue Des Glacis-de-rive 21,40541422,0,0,188.95,513.85,0,0,702.8,hcp
bayer,Sandra Clarke,Aarau,Schweiz,Tellstr. 25,1056695246,0,0,255.2,396.9,0,0,652.1,hcp
bayer,Sandra Rea Torti,Belp,Schweiz,Bahnhofplatz 6,1051545206,0,0,0,0,700,0,700,hcp
bayer,Sarah Fürling Uhl,Zürich,Schweiz,Seidengasse 15,40760415,0,0,0,0,600,0,600,hcp
bayer,Sarah Schuler,Winterthur,Schweiz,Brauerstr. 15,1051547767,0,0,108.8,1080.55,0,0,1189.35,hcp
bayer,Sebastian Schindera,Aarau,Schweiz,Tellstr. 25,40539683,0,0,0,0,1787.25,990.68,2777.93,hcp
bayer,Séverine Crausaz Bonjour,Morges,Schweiz,Place Charles-Dufour 3,40539552,0,0,290.71,668.75,0,0,959.46,hcp
bayer,Sibylle Fässler Waber,Burgdorf,Schweiz,Farbweg 9,40520110,0,0,242.01,541.45,0,0,783.46,hcp
bayer,Sima Behzad Imsand,Epalinges,Schweiz,Route De La Corniche 1,1052325894,0,0,211.95,760.1,0,0,972.05,hcp
bayer,Simon Jung,Bern,Schweiz,Freiburgstr. 18,40713179,0,0,0,793.3,625,0,1418.3,hcp
bayer,Simon Monnard,La Chaux-de-Fonds,Schweiz,Rue du Tertre 1,40765821,0,0,0,0,800,0,800,hcp
bayer,Simon Ramseier,Dättwil AG,Schweiz,Mellingerstr. 207,40540525,0,0,0,0,700,0,700,hcp
bayer,Sophie Spillmann-Inauen,Wetzikon ZH,Schweiz,Spitalstr. 66,40727959,0,0,454.65,707.3,0,0,1161.95,hcp
bayer,Souska Zandi,Bern,Schweiz,Bremgartenstr. 119,1051708993,0,0,133,4189.2,0,0,4322.2,hcp
bayer,Stefan Hricko,Basel,Schweiz,Centralbahnplatz 13,40712808,0,0,63.05,139.53,0,0,202.58,hcp
bayer,Stefan Siebert,Zürich,Schweiz,Seestr. 220,1053055062,0,0,786.65,557.35,0,0,1344,hcp
bayer,Stefan Suter,Zug,Schweiz,Gubelstr. 11,40534223,0,0,609.7,274.7,0,0,884.4,hcp
bayer,Stefan Toggweiler,Luzern,Schweiz,Spitalstr.,40756104,0,0,0,0,2750,0,2750,hcp
bayer,Stefan Zimmermann,Riaz,Schweiz,Rue de l'Hôpital 9,40759775,0,0,0,662.45,0,0,662.45,hcp
bayer,Stephan Roland Schenker,Zollikofen,Schweiz,Kirchlindachstr. 2,40756045,0,0,635.15,749.13,0,0,1384.28,hcp
bayer,Stephane Cochet,Lausanne,Schweiz,Avenue Alexandre-Vinet 19b,40765174,0,0,0,0,700,0,700,hcp
bayer,Steven Van Der Duim,Winterthur,Schweiz,Brauerstr. 15,1052966779,0,0,167.85,0,0,0,167.85,hcp
bayer,Suat Seker,Sion,Schweiz,Rue De La Dixence 8,1055495043,0,0,545.3,954,0,0,1499.3,hcp
bayer,Susanne Maurer Wiesner,Winterthur,Schweiz,Lagerhausstr. 9,40537787,0,0,0,0,800,0,800,hcp
bayer,Susanne Reichert,Bülach,Schweiz,Zürichstr. 5,40538972,0,0,0,0,700,0,700,hcp
bayer,Sven Hirsch-Hoffmann,Zürich,Schweiz,Badenerstr. 69-71,40530140,0,0,276.25,880.05,0,0,1156.3,hcp
bayer,Sven Reek,Aarau,Schweiz,Rain 34,40540520,0,3000,0,0,0,0,3000,hcp
bayer,Sylvia Reineke,Bern,Schweiz,Schänzlistr. 33,40723716,0,0,484,843.52,0,0,1327.52,hcp
bayer,Tabea Rüegg,Aarau,Schweiz,Tellstr. 25,1052429072,0,0,323.2,438.7,0,0,761.9,hcp
bayer,Tatjana Josifova,Bern,Schweiz,Gutenbergstr. 18,40540328,0,0,0,0,800,0,800,hcp
bayer,Thibaud Kössler,Genève,Schweiz,Rue Gabrielle-Perret-Gentil 4,40540163,0,0,0,0,700,0,700,hcp
bayer,Thierry Merminod,Nyon,Schweiz,Avenue Viollier 8,40710424,0,0,284.75,732.55,500,0,1517.3,hcp
bayer,Thomas Deseö,Zürich,Schweiz,Dufourstr. 143,40535482,0,0,0,0,700,0,700,hcp
bayer,Thomas Lehmann,St. Gallen,Schweiz,Frohbergstr. 3,1053080005,0,0,0,0,937.5,0,937.5,hcp
bayer,Thomas Luginbühl,Uster,Schweiz,Schachenweg 2,40759342,0,0,139.35,853.7,0,0,993.05,hcp
bayer,Thomas Seeger,Aarau,Schweiz,Tellstr. 25,40724152,0,0,360,121.2,0,0,481.2,hcp
bayer,Thomas Tawadros,Monthey,Schweiz,Route de Morgins 54,40709499,0,0,749.35,330,0,0,1079.35,hcp
bayer,Thomas Warzinek,Sargans,Schweiz,Bahnhofstr. 6,40534609,0,0,213.75,812,0,0,1025.75,hcp
bayer,Tobias Samuel Pauli,Basel,Schweiz,Centralbahnstr. 20,40749784,0,0,181.35,624.35,0,0,805.7,hcp
bayer,Tobias Wehrhahn,Aarau,Schweiz,Tellstr. 25,40734214,0,0,626.95,1049.8,0,0,1676.75,hcp
bayer,Torsten Willenberg,Bern,Schweiz,Kramgasse 16,1052330025,0,0,0,0,600,0,600,hcp
bayer,Ulf Benecke,St. Gallen,Schweiz,Rorschacherstr. 95,40728048,0,0,0,0,600,0,600,hcp
bayer,Ulla Birk,Onex,Schweiz,Avenue Bois-de-la-Chapelle 15,40710008,0,0,148,805.8,0,0,953.8,hcp
bayer,Ulrich Sternkopf,Grosshöchstetten,Schweiz,Dorfstr. 4c,1052874500,0,0,0,246.15,0,0,246.15,hcp
bayer,Urs Beat Gröflin,Binningen,Schweiz,Hauptstr. 3,40537114,0,0,0,104.65,0,0,104.65,hcp
bayer,Urs Eriksson,Wetzikon ZH,Schweiz,Spitalstr. 66,40540995,0,0,0,0,700,0,700,hcp
bayer,Urs Keller,Sargans,Schweiz,Bahnhofpark 2a,40541082,0,0,0,0,600,0,600,hcp
bayer,Valérie Duchatelle,Sion,Schweiz,Avenue Grand-Champsec 80,1053070735,0,0,272,100.7,0,0,372.7,hcp
bayer,Verena Rahm,Winterthur,Schweiz,Brauerstr. 15,1051688820,0,0,358,812,1650,0,2820,hcp
bayer,Veronika Vaclavik,Lausanne,Schweiz,Avenue de France 15,1051617882,0,0,315.25,968.65,0,0,1283.9,hcp
bayer,Viviane Schumacher,Epalinges,Schweiz,Route De La Corniche 1,40524203,0,0,290.71,668.75,100,0,1059.46,hcp
bayer,Walter Gartenmann,Uster,Schweiz,Brunnenstr. 1,40758799,0,0,0,0,600,0,600,hcp
bayer,Walter Mingrone,Olten,Schweiz,Baslerstr. 150,40522684,0,0,132.65,918.3,0,0,1050.95,hcp
bayer,Werner Knisel,Zürich,Schweiz,Birmensdorferstr. 497,40761327,0,0,0,0,700,0,700,hcp
bayer,Wilhard Kottmann,Davos Wolfgang,Schweiz,Herman Burchardstr. 1,1052345264,0,0,0,0,700,0,700,hcp
bayer,Yves Allemann,Bulle,Schweiz,Chemin de Pré-Vert 42,40763365,0,0,402,650.55,0,0,1052.55,hcp
