company,name,location,country,address,uci,donations_grants,sponsorship,registration_fees,travel_accommodation,fees,related_expenses,total,type
biogen,CHUV,Lausanne,Schweiz,Rue du Bugnon 46,,40000,2500,,1245.11,3950,,47695.11,hco
biogen,Ente Ospedaliero Cantonale,Bellinzona,Schweiz,Viale Officina 3,,,13000,,,3450,,16450,hco
biogen,Hôpital régional Sion,Sion,Schweiz,Avenue du Grand-Champsec 80,,,4000,,,,,4000,hco
biogen,Hôpitaux universit. de Genève,Genève,Schweiz,Rue Willy-Donzé 6,,,2500,,,,,2500,hco
biogen,Inselspital,Bern,Schweiz,Freiburgstr. 8,,70000,2118.08,,406.5,10800.69,978.4,84303.67,hco
biogen,Kantonsspital Aarau,Aarau,Schweiz,Tellstr. 25,,,4777.78,,539.65,,,5317.43,hco
biogen,Kantonsspital St. Gallen,St. Gallen,Schweiz,Rorschacher Str. 95,,22000,3240,,,,,25240,hco
biogen,Kantonsspital Winterthur,Winterthur,Schweiz,Brauerstr. 15,,,2000,,,,,2000,hco
biogen,Kopfwehzentrum Hirslanden Zürich,Zürich,Schweiz,Forchstr. 424,,,,,169.77,,,169.77,hco
biogen,Luzerner Kantonsspital,Luzern,Schweiz,Spitalstr' 16,,,,,,2200,937.5,3137.5,hco
biogen,MediService AG,Zuchwil,Schweiz,Ausserfeldweg 1,,,,,,277312.33,,277312.33,hco
biogen,Neurozentrum Bellevue,Zürich,Schweiz,Theaterstr. 8,,,300,,,3600,,3900,hco
biogen,Schweizerische Multiple Sklerose Gesellschaft,Zürich,Schweiz,Josefstr. 129,,45000,46000,,,,,91000,hco
biogen,Schweizerischer Verband Medizinischer Praxisassistentinnen,Bern,Schweiz,Monbijoustr. 35 Postfach,,,8500,,,,,8500,hco
biogen,Spital Thurgau AG,Frauenfeld,Schweiz,Waldeggstr. 8a,,,1000,,,,,1000,hco
biogen,Universität Zürich,Zürich,Schweiz,Rämistr. 71,,,7027.78,,,,,7027.78,hco
biogen,Universitätsspital Basel,Basel,Schweiz,Spitalstr. 26,,95000,4629.63,,,6631.85,,106261.48,hco
biogen,UniversitätsSpital Zürich,Zürich,Schweiz,Rämistr. 100,,,2425.93,,933.83,1750,,5109.76,hco
biogen,Adriano Bont,Wintethur,Schweiz,Brunngasse 6,,,,,,1175,,1175,hcp
biogen,Alexander Peinemann,Wohlen AG,Schweiz,Bärengässli 7,,,,245.63,359.77,750,,1355.4,hcp
biogen,Alexander Semmler,Zürich,Schweiz,Frauenklinikstr. 26,,,,,,1250,,1250,hcp
biogen,Andrea Tasalan-Skupin,Gossau SG,Schweiz,Herisauerstr. 36,,,,,,2460,,2460,hcp
biogen,Andreas Bock,Zofingen,Schweiz,Mühlethalstr. 27,,,,,,700,,700,hcp
biogen,Andreas Lutterotti,Zürich,Schweiz,Frauenklinikstr. 26,,,,,179,2100,,2279,hcp
biogen,Anna Marie Hew-Winzeler,Zürich,Schweiz,Zimmergasse 1,,,,,,500,,500,hcp
biogen,Annika Schade,Schlieren,Schweiz,Urdorferstr. 100,,,,337.74,950.02,,,1287.76,hcp
biogen,Biljana Rodic,Winterthur,Schweiz,Brauerstr. 15,,,,,,875,,875,hcp
biogen,Christoph Neuwirth,St. Gallen,Schweiz,Rorschacher Str. 95,,,,,,,7667.04,7667.04,hcp
biogen,David Czell,Uznach,Schweiz,Gasterstr. 25,,,,,,875,,875,hcp
biogen,Elisabeth Huberle,Schwyz,Schweiz,Gartenstr. 2,,,,245.63,179.88,,,425.51,hcp
biogen,Eva Marie Irene Littig,Neuchâtel,Schweiz,Ruelle Dublé 3 / Rue Seyon 8,,,,169.41,960.03,,,1129.44,hcp
biogen,Guido Schwegler Naumburger,Schlieren,Schweiz,Urdorferstr. 100,,,,,,1900,,1900,hcp
biogen,Hüseyin Duyar,Liestal,Schweiz,Kasernenstr. 22a,,,,,,875,,875,hcp
biogen,Ines Naumburger,Baar,Schweiz,Landhausstr. 11,,,,122.81,522.58,,,645.39,hcp
biogen,Iris-Katharina Penner,Basel,Schweiz,Missionsstr. 60/62,,,,,138.87,4982.03,,5120.9,hcp
biogen,Isabelle Scheidegger,St-Imier,Schweiz,Les Fontenayes 17,,,,169.41,816.12,,,985.53,hcp
biogen,Jan Voss,Luzern,Schweiz,Haldenstr. 11,,,,351.28,1218.18,,,1569.46,hcp
biogen,José Curchod,Vevey,Schweiz,Rue du Simplon 45,,,,205.72,970.23,,,1175.95,hcp
biogen,Julien Niederhäuser,Nyon,Schweiz,Chemin Monastier 15,,,,351.28,516.87,,,868.15,hcp
biogen,Jürg-Christoph Riederer,Neuchâtel,Schweiz,Rue de l'Orangerie 6,,,,169.41,630.68,,,800.09,hcp
biogen,Katharina Kötter,Wohlen AG,Schweiz,Bärengässli 7,,,,,,750,,750,hcp
biogen,Lucie Hasler-Vitek,Dättwil AG,Schweiz,Mellingerstr. 207,,,,,,750,,750,hcp
biogen,Lutz Achtnichts,Aarau,Schweiz,Tellstr. 25,,,,,,2250,,2250,hcp
biogen,Mario Wagner,Frauenfeld,Schweiz,Walzmühlestr. 60,,,,,,520,,520,hcp
biogen,Markus Weber,St. Gallen,Schweiz,Rorschacher Str. 95,,,,,,,8015.31,8015.31,hcp
biogen,Nicola Piepenbrock,Valens,Schweiz,Taminaplatz 1 Rehazentrum Valens,,,,351.28,737.34,,,1088.62,hcp
biogen,Oliver Findling,Aarau,Schweiz,Tellstr. 25,,,,245.63,,1100,,1345.63,hcp
biogen,Peter Christian Wyss,Winterthur,Schweiz,Gertrudstr. 1,,,,,,1395,,1395,hcp
biogen,Philip Siebel,Frauenfeld,Schweiz,Rosenbergstr. 12/13,,,,,,1500,,1500,hcp
biogen,Roland Mähler,Wohlen AG,Schweiz,Bärengässli 7,,,,296.13,539.65,1050,,1885.78,hcp
biogen,Roland Martin,Zürich,Schweiz,Frauenklinikstr. 26,,,,,872.16,3135,,4007.16,hcp
biogen,Simon Ramseier,Baden-Dättwil,Schweiz,Mellingerstr. 207,,,,,,2250,,2250,hcp
