company,name,location,country,address,uci,donations_grants,sponsorship,registration_fees,travel_accommodation,fees,related_expenses,total,type
biotest,aha! Allergiezentrum Schweiz,Bern,Schweiz,Scheibenstr.,,,5000,,,,,5000,hco
biotest,CHUV Centre Hospitalier,Lausanne,Schweiz,Rue de Bugnon,,,8000,,,,,8000,hco
biotest,CHUV Service d'immunologie,Lausanne,Schweiz,Rue de Bugnon 46,,,3000,,,,,3000,hco
biotest,Clinique de Valmont,Glion-Montreux,Schweiz,Route de Valmont,,,3500,,,,,3500,hco
biotest,Dr. Inga Hegemann USZ,Zürich,Schweiz,Rämistr. 100,,,,,443,,,443,hco
biotest,Fondazione Epatocentro Ticino,Lugano,Schweiz,via Soldino,,,3500,,,,,3500,hco
biotest,Gsasa,Bern,Schweiz,,,,24500,,,,,24500,hco
biotest,HFR Hôpital fribourgeois Clinique de Pédiatrie,Fribourg,Schweiz,Case postale,,,3000,,,,,3000,hco
biotest,HUG Hôpitaux Universitaire de Genève,Genève,Schweiz,Rue Gabrielle Perret-Gentil 4,,,2100,,,,,2100,hco
biotest,HUG Service d'immunologie et allergologie,Genève,Schweiz,Rue Gabrielle Perret-Gentil 4,,,3000,,,,,3000,hco
biotest,Inselspital Dermatologie,Bern,Schweiz,Freiburgstr.,,,14000,,,,,14000,hco
biotest,Inselspital Hämatologie,Bern,Schweiz,Freiburgstr.,,,500,,,,,500,hco
biotest,Inselspital Neurologie,Bern,Schweiz,Freiburgstr.,,,13000,,,,,13000,hco
biotest,Inselspital Rheumatologie,Bern,Schweiz,Freiburgstr.,,,7500,,,,,7500,hco
biotest,Inselspital Viszerale Chirurgie,Bern,Schweiz,Freiburgstr.,,,3500,,,,,3500,hco
biotest,Kantonsspital Baselland,Liestal,Schweiz,Mühlemattstr.,,,2000,,,,,2000,hco
biotest,LGID Foundation Liver & Gastrointest. Disease Foundation,Zürich,Schweiz,Tiefenhöfe,,3000,8000,,,,,11000,hco
biotest,NHNCP Haematology Nurses & Healtcare,Winterthur,Schweiz,Postfach 98,,,2000,,,,,2000,hco
biotest,Prof. Dr. Arthur Helbling Inselspital,Bern,Schweiz,Freiburgstr.,,,,,303,,,303,hco
biotest,Prof. Dr. Paul Josef Mohacsi Inselspital,Bern,Schweiz,Freiburgstr.,,,,,,1350,,1350,hco
biotest,Prof. Dr. Paul Josef Mohacsi Inselspital,Bern,Schweiz,Freiburgstr.,,,,,750,,,750,hco
biotest,Prof. Robert Rieben Universität Bern,Bern,Schweiz,Murtenstr. 50,,,,,293,1308,,1601,hco
biotest,SGAI Schweiz Ges. für Allergologie + Imm.,Bern,Schweiz,Scheibenstr.,,,14500,,,,,14500,hco
biotest,SGAI Schweiz Ges. für Allergologie + Imm.,Bern,Schweiz,Scheibenstr.,,,16180,,,,,16180,hco
biotest,SHG Schweiz. Hämophilie-Gesellschaft,Altstätten,Schweiz,Mühlibachstr.,,,5000,,,,,5000,hco
biotest,SHN Suisse Hemophilia Network,Zürich,Schweiz,Steinwiesstr.,,,15000,,,,,15000,hco
biotest,Universität Zürich Viszeral- u. Transplantationschirurgie,Zürich,Schweiz,Rämistr. 100,,,3000,,,,,3000,hco
biotest,Universitäts-Spital Zürich Dermatologie,Zürich,Schweiz,Rämistr. 100,,,3500,,,,,3500,hco
biotest,Michael Kunz,Zürich,Schweiz,Gloriastr.,,,,,259,,,259,hcp
biotest,Peter Jandus,Genève,Schweiz,Rue Gabrielle Perret-Gentil,,,,,,500,,500,hcp
