company,name,location,country,address,uci,donations_grants,sponsorship,registration_fees,travel_accommodation,fees,related_expenses,total,type
boehringer,ARAM - Association Romande des Assistantes Médicales,Lausanne,Schweiz,Adresse associative,,,1000,0,0,0,0,1000,hco
boehringer,Associazione Medici Internisti del Canton Ticino,Paradiso,Schweiz,Via General Guisan 10,,,500,0,0,0,0,500,hco
boehringer,Cabinet de groupe Payerne,Payerne,Schweiz,Rue de Guillermaux 8,,,2000,0,0,0,0,2000,hco
boehringer,Cabinet de groupe Vésenaz,Vésenaz,Schweiz,Route de Thonon 42,,,1000,0,0,0,0,1000,hco
boehringer,CHUV,Lausanne,Schweiz,Rue du Bugnon 46,,,8000,0,0,1500,0,9500,hco
boehringer,CHUV Lausanne Méd. Cardiologie,Lausanne,Schweiz,Rue du Bugnon 46,,,6203.7,0,0,0,0,6203.7,hco
boehringer,CHUV Lausanne Méd. Endo/Diabétologie,Lausanne,Schweiz,Avenue de la Sallaz 8,,,,0,0,6800,0,6800,hco
boehringer,CHUV Lausanne Médecine Interne,Lausanne,Schweiz,Rue du Bugnon 46,,,3000,0,0,0,0,3000,hco
boehringer,Clinique Le Noirmont Centre de réadaptation cardio-vasculaire,Le Noirmont,Schweiz,Chemin de Roc-Montès 20,,0,2500,0,0,0,0,2500,hco
boehringer,Die Schweizerische Ärztegesellschaft für Manuelle Medizin,St. Gallen,Schweiz,Kolumbanstr. 2,,0,11200,0,0,0,0,11200,hco
boehringer,DOXnet Ärztenetzwerk Bern Nord / West,Neuenegg,Schweiz,Oeleweg 2,,2000,0,0,0,0,0,2000,hco
boehringer,ERS European Respiratory Society,Lausanne,Schweiz,Avenue Sainte-Luce 4,,18532.89,864020.91,0,0,0,0,882553.8,hco
boehringer,ESMO European Society for Medical Oncology,Viganello,Schweiz,Via Luigi Taddei 4,,89393.94,501205.66,0,0,0,0,590599.6,hco
boehringer,European Academy of Allergy and Clinical Immunology,Zürich,Schweiz,"Hagenholzstr. 111, 3rd floor",,0,63774.95,0,0,0,0,63774.95,hco
boehringer,European Academy of Dermatology and Venereology,Lugano,Schweiz,Via S. Balestra 22B,,0,70861.05,0,0,0,0,70861.05,hco
boehringer,European Stroke Organisation,Basel,Schweiz,Peter Merian-Str. 80,,245288.25,131910.57,0,0,0,0,377198.82,hco
boehringer,European Thoracic Oncology Platform,Bern,Schweiz,Effingerstr. 40,,0,10901.7,0,0,0,0,10901.7,hco
boehringer,Fondation fribourgeoise pour la recherche et la formation sur le cancer,Bourguillon,Schweiz,Rue Max von Sachsen 4,,0,3000,0,0,0,0,3000,hco
boehringer,Fondation pour la recherche de la cardiologie universitaire Genève,Genève,Schweiz,Rue Micheli-du-Crest 24,,0,0,0,0,800,0,800,hco
boehringer,Foundation for Cardiovascular Research Zurich Heart House,Zürich,Schweiz,Moussonsstr. 4,,0,13820,0,0,0,0,13820,hco
boehringer,GRIMM - Groupe d'Intervention Médicale en Montagne,Sion,Schweiz,Route de l'Aéroport 25,,0,1000,0,0,0,0,1000,hco
boehringer,Groupement des Pneumologues Genevois,Genève,Schweiz,Rue Hugo-De-Senger 1,,0,3000,0,0,0,0,3000,hco
boehringer,Groupement des Pneumologues Vaudois Président: Dr Jean-Frédéric Vodoz,Montreux,Schweiz,Grand-Rue 62,,0,1200,0,0,0,0,1200,hco
boehringer,Gruppenpraxis Luzern,Luzern,Schweiz,Zürichstr. 12,,0,2500,0,0,0,0,2500,hco
boehringer,Gruppenpraxis Rheinfelden,Rheinfelden,Schweiz,Habich-Dietschy-Str. 18,,0,3000,0,0,0,0,3000,hco
boehringer,Gruppenpraxis St. Gallen,St. Gallen,Schweiz,Brauerstr. 97,,0,2500,0,0,0,0,2500,hco
boehringer,Gruppenpraxis Urtenen-Schönbühl,Urtenen-Schönbühl,Schweiz,Solothurnstr. 43,,0,800,0,0,0,0,800,hco
boehringer,Ensemble Hospitalier de la Côte / Hôpital de Morges,Morges,Schweiz,Chemin du Crêt 2,,0,1080,0,0,0,0,1080,hco
boehringer,Hôpital de Nyon / GHOL,Nyon,Schweiz,Chemin Monastier 10,,0,400,0,0,400,0,800,hco
boehringer,Hôpital de Sion Hôpital du Valais Centre Hospitalier du Valais Romand,Sion,Schweiz,Avenue du Grand-Champsec 80,,0,7500,0,0,0,0,7500,hco
boehringer,Hôpital neuchâtelois La Chaux-de-Fonds,La Chaux-de-Fonds,Schweiz,Rue du Chasseral 20,,0,2000,0,0,0,0,2000,hco
boehringer,Hôpitaux universit. de Genève Méd. Cardiologie,Genève,Schweiz,Rue Gabrielle-Perret-Gentil 4,,0,3500,0,0,0,0,3500,hco
boehringer,Hôpitaux Universitaires de Genève,Genève,Schweiz,Rue Gabrielle-Perret-Gentil 4,,0,3500,0,0,2150,0,5650,hco
boehringer,Hypertension Research Foundation,St-Légier,Schweiz,Derrey le Motty 8,,0,2000,0,0,0,0,2000,hco
boehringer,Inselspital,Bern,Schweiz,Freiburgstr. 18,,0,11000,817.63,1220.02,1500,0,14537.65,hco
boehringer,Inselspital-Stiftung Stiftungen und Fonds,Bern,Schweiz,Freiburgstr. 18,,24600,20320,0,0,21557.43,313.94,66791.37,hco
boehringer,Institut für Forschung und Fortbildung in der Medizin GmbH,Burgdorf,Schweiz,Oberburgstr. 10,,0,1600,0,0,0,0,1600,hco
boehringer,Kantonsspital Aarau AG,Aarau,Schweiz,Tellstr.,,0,1000,0,0,0,0,1000,hco
boehringer,Kantonsspital Baden AG Medizin Onkologie,Baden,Schweiz,Im Ergel 1,,0,1000,0,0,0,0,1000,hco
boehringer,Kantonsspital St. Gallen,St. Gallen,Schweiz,Rorschacher Str. 95,,0,18240,0,0,2600,0,20840,hco
boehringer,Kantonsspital Winterthur Medizin Neurologie,Winterthur,Schweiz,Brauerstr. 15,,0,4000,0,0,0,0,4000,hco
boehringer,Klinik Barmelweid AG,Barmelweid,Schweiz,Klinik Barmelweid AG,,0,2000,0,0,0,0,2000,hco
boehringer,Lenker Woche c/o Spital Zweisimmen,Zweisimmen,Schweiz,Haueterstr. 21,,0,2000,0,0,0,0,2000,hco
boehringer,Ligue Pulmonaire Neuchâteloise,Peseux,Schweiz,Rue de la Gare 4,,0,1800,0,0,0,0,1800,hco
boehringer,Luzerner Höhenklinik Montana Medizin Pneumologie,Crans-Montana,Schweiz,Route de l'Astoria 2,,0,3000,0,0,0,0,3000,hco
boehringer,Luzerner Kantonsspital,Luzern,Schweiz,Spitalstr.,,0,3500,0,0,750,0,4250,hco
boehringer,Luzerner Kantonsspital Luzern Medizin Endo/Diabetologie,Luzern,Schweiz,Spitalstr.,,0,2000,0,0,0,0,2000,hco
boehringer,Médecins de Famille Fribourg,Farvagny,Schweiz,Impasse du Petit-Crêt 3,,0,2000,0,0,0,0,2000,hco
boehringer,Ospedale Civico Lugano,Lugano,Schweiz,Via Tesserete 46,,10000,0,0,0,0,0,10000,hco
boehringer,Ospedale Regionale Bellinzona e Valli Ospedale San Giovanni EOC,Bellinzona,Schweiz,Via Ospedale,,0,4000,0,0,800,0,4800,hco
boehringer,Privatklinik Obach,Solothurn,Schweiz,Leopoldstr. 5,,0,2000,0,0,0,0,2000,hco
boehringer,Programme cantonal Diabète c/o diabètevaud,Lausanne,Schweiz,Avenue de Provence 12,,0,3000,0,0,0,0,3000,hco
boehringer,Regionalspital Emmental AG Spital Burgdorf,Burgdorf,Schweiz,Oberburgstr. 54,,0,2000,0,0,0,0,2000,hco
boehringer,Regionalspital Emmental AG Spital Langnau,Langnau im Emmental,Schweiz,Dorfbergstr. 10,,0,1000,0,0,0,0,1000,hco
boehringer,S. Grasso Consulting,Lindau,Schweiz,Fischeracherstr. 17,,0,6760,0,0,0,0,6760,hco
boehringer,Schweiz. Gesellschaft für Endokrinologie und Diabetologie,Baden,Schweiz,Rütistr. 3a,,0,14000,0,0,0,0,14000,hco
boehringer,Schweizerische Gesellschaft der Vertrauens- und Versicherungsärzte SGV,Winterthur,Schweiz,Industriestr. 24,,0,15000,0,0,0,0,15000,hco
boehringer,Schweizerische Gesellschaft für Allgemeine Innere Medizin,Bern,Schweiz,Monbijoustr. 43,,0,2940,0,0,0,0,2940,hco
boehringer,Spital Limmattal,Schlieren,Schweiz,Urdorferstr. 100,,0,1000,0,0,0,0,1000,hco
boehringer,Spital Rheinfelden Gesundheitszentrum Fricktal,Rheinfelden,Schweiz,Riburgerstr. 12,,0,1000,0,0,0,0,1000,hco
boehringer,Spital Schwyz,Schwyz,Schweiz,Waldeggstr. 10,,0,3000,0,0,0,0,3000,hco
boehringer,Spital Thurgau AG,Frauenfeld,Schweiz,Waldeggstr. 8a,,0,4500,0,0,0,0,4500,hco
boehringer,Stadtspital Triemli,Zürich,Schweiz,Birmensdorferstr. 497,,0,0,0,0,1000,0,1000,hco
boehringer,Stadtspital Triemli,Zürich,Schweiz,Birmensdorferstr. 497,,0,2500,0,0,0,0,2500,hco
boehringer,Swiss Academy of Multidisciplinary Oncology,Bern,Schweiz,Effingerstr. 40,,0,1500,0,0,0,0,1500,hco
boehringer,Universitätsspital Basel,Basel,Schweiz,Petersgraben 4,,0,0,0,0,2800,0,2800,hco
boehringer,Universitätsspital Basel Medizinische Onkologie,Basel,Schweiz,Petersgraben 4,,0,0,0,0,1200,0,1200,hco
boehringer,Universitätsspital Zürich Med. Poliklinik,Zürich,Schweiz,Rämistr. 100,,0,2000,0,0,0,0,2000,hco
boehringer,Verein der Pneumologen des Kantons Bern,Burgdorf,Schweiz,Oberburgstr. 45,,0,1000,0,0,0,0,1000,hco
boehringer,Verein Lungenfibrose Schweiz,Zürich,Schweiz,Ringstr. 70,,0,0,0,0,20000,0,20000,hco
boehringer,Alexander Meisel,Zürich,Schweiz,Tièchestr. 99,,,,784.92,1553.26,0,0,2338.18,hcp
boehringer,Alexander Turk,Horgen,Schweiz,Asylstr. 19,,,,0,0,3450,0,3450,hcp
boehringer,Alice Zürcher,Uster,Schweiz,Brunnenstr. 42,,,,0,988.04,0,0,988.04,hcp
boehringer,Andrea Azzola,Lugano,Schweiz,Via Tesserete 46,,,,0,0,1417.22,471.29,1888.51,hcp
boehringer,Andrea Babians-Brunner,Schlieren,Schweiz,Urdorferstr. 100,,,,0,0,1200,0,1200,hcp
boehringer,Andreas Luft,Zürich,Schweiz,Frauenklinikstr. 26,,,,643.2,817.63,0,,1460.83,hcp
boehringer,Andreas Matthias Gross,Baden,Schweiz,Im Ergel 1,,,,0,0,700,0,700,hcp
boehringer,Andreea Lack,Basel,Schweiz,Henric Petri-Str. 9,,,,0,0,200,0,200,hcp
boehringer,Anja Merhof Felix,Zürich,Schweiz,Witellikerstr. 40,,,,0,0,800,0,800,hcp
boehringer,Anna-Maria Balestra,Basel,Schweiz,Kleinriehenstr. 30,,,,0,722.07,0,0,722.07,hcp
boehringer,Barbara Huber,St. Gallen,Schweiz,Rorschacher Str. 107,,,,0,0,200,0,200,hcp
boehringer,Beat Zürcher,Elgg,Schweiz,Bergstr. 8,,,,0,0,300,0,300,hcp
boehringer,Béatrice Neuffer-Bajetta,Chiasso,Schweiz,Piazza Indipendenza 4,,,,0,0,1200,0,1200,hcp
boehringer,Bernard Egger,Rolle,Schweiz,Route de l'Hôpital 26,,,,0,0,1250,0,1250,hcp
boehringer,Bernhard Samirae,Teufen AR,Schweiz,Speicherstr. 8,,,,0,0,300,0,300,hcp
boehringer,Britta Hafner,Heiden,Schweiz,Täschenstr. 1,,,,0,0,200,0,200,hcp
boehringer,Bruno Dieter Isenring,St. Gallen,Schweiz,Brauerstr. 95a,,,,0,2833.84,0,0,2833.84,hcp
boehringer,Bruno Fellmann,Birmensdorf ZH,Schweiz,Zürcherstr. 9,,,,0,0,200,0,200,hcp
boehringer,Catherine Schill,Liestal,Schweiz,Rheinstr. 26,,,,420.47,909,0,0,1329.47,hcp
boehringer,Cécile A. Robinson,Zürich,Schweiz,Rämistr. 100,,,,0,757.4,0,0,757.4,hcp
boehringer,Chiara Ferrario,Prilly,Schweiz,Route de Renens 24,,,,0,0,1200,0,1200,hcp
boehringer,Christian Britschgi,Zürich,Schweiz,Rämistr. 100,,,,0,0,1200,0,1200,hcp
boehringer,Christian Clarenbach,Zürich,Schweiz,Rämistr. 100,,,,0,0,2050,,2050,hcp
boehringer,Eugen Christian Müller,Basel,Schweiz,Petersgraben 4,,,,0,0,5753.29,564.4,6317.69,hcp
boehringer,Christian Quadri,Bellinzona,Schweiz,Via Ospedale,,,,0,0,800,0,800,hcp
boehringer,Christian Sticherling,Basel,Schweiz,Petersgraben 4,,,,0,0,1050,,1050,hcp
boehringer,Christoph Kaiser,Basel,Schweiz,Petersgraben 4,,,,0,0,1150,,1150,hcp
boehringer,Christoph Marco Kronauer,Zürich,Schweiz,Kappelistr. 7,,,,0,0,500,,500,hcp
boehringer,Christophe Uldry,Rolle,Schweiz,Route de l'Hôpital 26,,,,0,0,750,0,750,hcp
boehringer,Claude Schoenenweid,Fribourg,Schweiz,Place de la Gare 15,,,,654.1,1130.15,2000,0,3784.25,hcp
boehringer,Claudia Steurer-Stey,Zürich,Schweiz,Rämistr. 34,,,,0,0,2650,0,2650,hcp
boehringer,Claudia Tüller,Zürich,Schweiz,Witellikerstr. 40,,,,0,0,500,0,500,hcp
boehringer,Claus Diermayr,Basel,Schweiz,Bläsiring 160,,,,0,0,200,0,200,hcp
boehringer,Cyrus Meisels,Thun,Schweiz,Scherzligweg 12,,,,0,722.07,0,0,722.07,hcp
boehringer,Daniel Konrad,Zürich,Schweiz,Steinwiesstr. 75,,,,0,0,2398.37,1000.78,3399.15,hcp
boehringer,Daniel Noth,Unterseen,Schweiz,Spitalweg 1,,,,0,0,1200,0,1200,hcp
boehringer,Daniel Schilter,Bern,Schweiz,Bremgartenstr. 117,,,,0,2895.71,0,0,2895.71,hcp
boehringer,Dieter von Ow,St. Gallen,Schweiz,Rorschacher Str. 95,,,,0,0,1550,0,1550,hcp
boehringer,Dipen Shah,Genève,Schweiz,Rue Gabrielle-Perret-Gentil 4,,,,0,0,900,,900,hcp
boehringer,Elisabeth Huberle,Schwyz,Schweiz,Maria-Hilf-Str. 9,,,,0,0,800,0,800,hcp
boehringer,Erich Helfenstein,Luzern,Schweiz,Lützelmattstr. 1,,,,0,523.4,0,0,523.4,hcp
boehringer,Erich Russi,Zürich,Schweiz,Merkurstr. 20,,,,0,565.4,0,,565.4,hcp
boehringer,Etienne Perrin,Genève,Schweiz,Chemin des Clochettes 8A,,,,0,2671.86,750,0,3421.86,hcp
boehringer,Fabio Cattaneo,Lugano,Schweiz,Via Soldino 7,,,,0,0,800,0,800,hcp
boehringer,Felix Kühn,Luzern,Schweiz,Weggisgasse 40,,,,0,0,750,0,750,hcp
boehringer,Francine Besse,Martigny,Schweiz,Rue des Morasses 4,,,,0,0,400,0,400,hcp
boehringer,Franco Muggli,Vezia,Schweiz,Residenza ai Platani B,,,,0,0,2200,0,2200,hcp
boehringer,Friedrich Medlin,Fribourg,Schweiz,Chemin des Pensionnats 2-6,,,,643.2,732.59,0,0,1375.79,hcp
boehringer,Gabriele Althof,Bern,Schweiz,Assistenzärztin,,,,817.63,920.1,0,0,1737.73,hcp
boehringer,Georg Noll,Zürich,Schweiz,Witellikerstr. 40,,,,0,0,1000,,1000,hcp
boehringer,Gianluca Calderari,Lugano,Schweiz,Corso Pestalozzi 11,,,,0,744.73,500,0,1244.73,hcp
boehringer,Giatgen Spinas,Zürich,Schweiz,Rämistr. 100,,,,0,0,2000,,2000,hcp
boehringer,Guido Domenighetti,Locarno,Schweiz,Via Ospedale 14,,,,0,0,500,0,500,hcp
boehringer,Heinz Borer,Solothurn,Schweiz,Schöngrünstr. 42,,,,0,778.07,0,0,778.07,hcp
boehringer,Ingo Fengels,Luzern,Schweiz,Zürichstr. 12,,,,0,0,800,0,800,hcp
boehringer,Isabelle Fresard,Meyrin,Schweiz,Avenue J.-D.-Maillard 3,,,,0,859.03,0,0,859.03,hcp
boehringer,Jacques Lars Hoffmann,Genève,Schweiz,Rue Maurice-Braillard 8,,,,0,387.01,0,0,387.01,hcp
boehringer,Jan Steffe,Zürich,Schweiz,Rämistr. 100,,,,0,0,4360.68,633.42,4994.1,hcp
boehringer,Jan-Dirk Studt,Zürich,Schweiz,Rämistr. 100,,,,0,0,800,0,800,hcp
boehringer,Jean-Jacques Grimm,Delémont,Schweiz,Rue du Temple 45,,,,0,0,1200,0,1200,hcp
boehringer,Julien Niederhäuser,Nyon,Schweiz,Chemin Monastier 15,,,,643.2,732.59,0,0,1375.79,hcp
boehringer,Jürg Hamacher,Bern,Schweiz,Bremgartenstr. 119,,,,0,724.07,750,,1474.07,hcp
boehringer,Karim Omar El-Haschimi,Baden,Schweiz,Bahnhofplatz 1,,,,0,0,1200,0,1200,hcp
boehringer,Karl Michael Essig,Baden,Schweiz,Langhaus 5,,,,0,3476.8,0,0,3476.8,hcp
boehringer,Krassen Nedeltchev,Aarau,Schweiz,Tellstr.,,,,0,0,2300,,2300,hcp
boehringer,Lars Asmis,Zürich,Schweiz,Hufgasse 17,,,,0,0,750,,750,hcp
boehringer,Lilian Junker,Thun,Schweiz,Krankenhausstr. 12,,,,0,780.73,750,0,1530.73,hcp
boehringer,Loretta Hasler,Biel/Bienne,Schweiz,Hans-Hugi-Str. 3,,,,0,0,500,0,500,hcp
boehringer,Lukas Moll,Rorschach,Schweiz,Hauptstr. 67,,,,0,0,300,0,300,hcp
boehringer,Lukas Villiger,Dättwil AG,Schweiz,Mellingerstr. 207,,,,0,0,750,0,750,hcp
boehringer,Mahbiz Nobahar Corke,Chêne-Bougeries,Schweiz,Route de Chêne 110,,,,784.92,1189.68,0,0,1974.6,hcp
boehringer,Malcolm Kohler,Zürich,Schweiz,Rämistr. 100,,,,0,0,1500,,1500,hcp
boehringer,Manfred Kaufmann,Solothurn,Schweiz,Werkhofstr. 4,,,,0,810.07,0,0,810.07,hcp
boehringer,Manuela Albisetti,Zürich,Schweiz,Steinwiesstr. 75,,,,0,338.44,5000,7788,13126.44,hcp
boehringer,Marc Donath,Basel,Schweiz,Petersgraben 4,,,,0,0,4425.43,820.54,5245.97,hcp
boehringer,Marco Pons,Lugano,Schweiz,Via Tesserete 46,,,,0,744.73,0,0,744.73,hcp
boehringer,Marco Waser,Luzern,Schweiz,Obergrundstr. 88,,,,0,0,1050,0,1050,hcp
boehringer,Marcus Schories,Basel,Schweiz,Gellertstr. 142,,,,0,0,1050,0,1050,hcp
boehringer,Markus Geiser,Zofingen,Schweiz,Letzigasse 2,,,,0,0,1000,0,1000,hcp
boehringer,Markus Hofer,Winterthur,Schweiz,Brauerstr. 15,,,,0,0,2050,0,2050,hcp
boehringer,Markus Jörger,St. Gallen,Schweiz,Rorschacher Str. 95,,,,0,624.67,2280,282.81,3187.48,hcp
boehringer,Martin Alexander Lucas,Zürich,Schweiz,Wehntalerstr. 536,,,,0,0,250,0,250,hcp
boehringer,Martin Frey,Barmelweid,Schweiz,Chefarzt,,,,0,680.07,0,0,680.07,hcp
boehringer,Mauro Dünki,Zollikerberg,Schweiz,Trichtenhauserstr. 2,,,,0,0,200,0,200,hcp
boehringer,Michael Brändle,St. Gallen,Schweiz,Rorschacher Str. 95,,,,0,0,1000,,1000,hcp
boehringer,Michael Nagler,Bern,Schweiz,Freiburgstr. 18,,,,0,0,800,0,800,hcp
boehringer,Michael Witschi,Münsingen,Schweiz,Bahnhofplatz 1,,,,0,0,750,0,750,hcp
boehringer,Michel-Jean Romanens,Olten,Schweiz,Ziegelfeldstr. 1,,,,0,0,1050,0,1050,hcp
boehringer,Miklós Pless,Winterthur,Schweiz,Brauerstr. 15,,,,0,0,1150,,1150,hcp
boehringer,Nicolas Mach,Genève,Schweiz,Rue Gabrielle-Perret-Gentil 4,,,,1035.66,2118.13,0,,3153.79,hcp
boehringer,Niklaus Kamber,Chur,Schweiz,Loestr. 170,,,,0,0,750,0,750,hcp
boehringer,Oliver Christoph Zwermann,Basel,Schweiz,Gellertstr. 142,,,,0,0,1050,0,1050,hcp
boehringer,Patrice Holzer,Weisslingen,Schweiz,Rössligasse 1,,,,0,0,200,0,200,hcp
boehringer,Pavel Dan Nanu,La Chaux-de-Fonds,Schweiz,Avenue Léopold-Robert 12,,,,643.2,686.81,0,0,1330.01,hcp
boehringer,Peter Dür,Schwyz,Schweiz,Waldeggstr. 10,,,,0,0,750,0,750,hcp
boehringer,Philipp Grob-Blum,Spiez,Schweiz,Oberlandstr. 9,,,,0,722.07,0,0,722.07,hcp
boehringer,Philipp Stocker,Sarnen,Schweiz,Brünigstr. 181,,,,0,2720.24,0,0,2720.24,hcp
boehringer,Pierre-Frédéric Keller,Delémont,Schweiz,Rue De La Maltière 10,,,,0,0,1230,0,1230,hcp
boehringer,Pierre-Yves Jayet,Lausanne,Schweiz,Boulevard de Grancy 7,,,,0,410.84,0,0,410.84,hcp
boehringer,Regula Honegger,Horgen,Schweiz,Seestr. 117,,,,0,0,1200,0,1200,hcp
boehringer,Renato Kamm,Schwanden GL,Schweiz,Hauptstr. 42,,,,0,0,300,0,300,hcp
boehringer,Rolf A. Stahel,Zürich,Schweiz,Rämistr. 100,,,,0,0,1500,,1500,hcp
boehringer,Roman Sztajzel,Genève,Schweiz,Rue Gabrielle-Perret-Gentil 4,,,,0,344.49,0,,344.49,hcp
boehringer,Rudolf Bezel,Winterthur,Schweiz,Wartstr. 14,,,,0,846.73,0,0,846.73,hcp
boehringer,Samuel Leuenberger,Langenthal,Schweiz,St. Urbanstr. 40,,,,0,0,1000,0,1000,hcp
boehringer,Sibylle Kohler,Zollikerberg,Schweiz,Trichtenhauser Str. 20,,,,0,0,750,0,750,hcp
boehringer,Simone Braun Semadeni,Winterthur,Schweiz,Brauerstr. 15,,,,0,846.73,0,0,846.73,hcp
boehringer,Spyridon Arampatzis,Bern,Schweiz,Freiburgstr. 18,,,,0,0,1200,0,1200,hcp
boehringer,Stefan Aczel,St. Gallen,Schweiz,Rorschacher Str. 311,,,,0,0,1200,0,1200,hcp
boehringer,Stephan Gasser,Baar,Schweiz,Landhausstr. 11,,,,0,2652.91,0,0,2652.91,hcp
boehringer,Thierry Maître,Saignelégier,Schweiz,Place du 23 Juin 2,,,,0,0,1200,0,1200,hcp
boehringer,Thomas Sauter,Bern,Schweiz,Freiburgstr. 18,,,,0,169.82,0,,169.82,hcp
boehringer,Thomas Scherer,Zürich,Schweiz,Witellikerstr. 40,,,,0,2638.95,1745.09,,4384.04,hcp
boehringer,Thomas Schneider,Basel,Schweiz,Riehenstr. 167,,,,0,0,200,,200,hcp
boehringer,Thomas von Briel,Zürich,Schweiz,Witellikerstr. 40,,,,420.47,909,0,,1329.47,hcp
boehringer,Tiziano Schepis,Winterthur,Schweiz,Schaffhauserstr. 61,,,,0,0,375,,375,hcp
boehringer,Urs Beat Gröflin,Binningen,Schweiz,Hauptstr. 3,,,,0,0,200,,200,hcp
boehringer,Urs Bürgi,Zürich,Schweiz,Rämistr. 100,,,,0,2849.28,0,,2849.28,hcp
boehringer,Urs Eriksson,Wetzikon ZH,Schweiz,Spitalstr. 66,,,,0,0,1200,,1200,hcp
boehringer,Urs Honegger,Zürich,Schweiz,Badenerstr. 681,,,,0,661.4,0,,661.4,hcp
boehringer,Urs Lagler,Zürich,Schweiz,Merkurstr. 20,,,,0,757.4,0,,757.4,hcp
boehringer,Ursula Bärtsch-Kohli,Langenthal,Schweiz,St. Urbanstr. 67,,,,0,0,2050,0,2050,hcp
boehringer,Werner Knisel,Zürich,Schweiz,Birmensdorferstr. 497,,,,0,0,1700,,1700,hcp
boehringer,Wolf-Dieter Janthur,Aarau,Schweiz,Tellstr.,,,,644.19,866.69,1200,,2710.88,hcp
