company,name,location,country,address,uci,donations_grants,sponsorship,registration_fees,travel_accommodation,fees,related_expenses,total,type
bristol,AarReha Schinznach,Schinznach Bad,Schweiz,Badstr. 55,,,1000,,,,,1000,hco
bristol,Ärztenetzwerk Grauholz,Zollikofen,Schweiz,Luefternweg 1,,,2160,,,,,2160,hco
bristol,ARUD - Zentrum für Suchtmedizin,Zürich,Schweiz,Konradstr. 32,,,6000,,,,,6000,hco
bristol,Asromm,Chêne-Bourg,Schweiz,Rue Peillonnex 28,,,500,,,,,500,hco
bristol,Associazione dei reumatologi della svizzera Italia Bellinzona,Lugano,Schweiz,Viale Castagnola 21a,,,1600,,,,,1600,hco
bristol,Bethesda Spital AG,Basel,Schweiz,Gellertstr. 144,,,2500,,,,,2500,hco
bristol,Centre de Chimiothérapie,Fribourg,Schweiz,Route de Villars 37,,,450,,,,,450,hco
bristol,Centre de Chimiothérapie CCAC SA,Lausanne,Schweiz,Avenue d'Ouchy 35,,,2000,,,,,2000,hco
bristol,CHUV,Lausanne,Schweiz,Rue du Bugnon 21,,,79090,,,45896,267,125253,hco
bristol,Circolo Medico del Bellinzonese,Arbedo,Schweiz,Via Orbello 22,,,1500,,,,,1500,hco
bristol,Clinique de Carouge SA,Carouge GE,Schweiz,Avenue Cardinal-Mermillod 1,,,2700,,,,,2700,hco
bristol,EASL,Genève,Schweiz,Rue Daubin 7,,452040,,,,,,452040,hco
bristol,ESMO European Society for Medical Oncology,Viganello,Schweiz,Via Luigi Taddei 4,,54162,1230058,50912,,,,1335132,hco
bristol,ETOP,Bern,Schweiz,Effingerstr. 40,,,25812,,,,,25812,hco
bristol,Felix Platter-Spital,Basel,Schweiz,Burgfelderstr. 101,,,3000,,,,,3000,hco
bristol,Fondazione Epatocentro Ticino,Lugano,Schweiz,Via Soldino 5,,,5400,,,,,5400,hco
bristol,FoROMe,Lausanne,Schweiz,Avenue Pierre Decker 2 / PAV 02-16,,,10000,,,,,10000,hco
bristol,Gesundheitszentrum Fricktal,Rheinfelden,Schweiz,Riburgerstr. 12,,,1000,,,,,1000,hco
bristol,HerzGefässZentrum Zürich,Zürich,Schweiz,Seestr. 247,,,12500,,,,,12500,hco
bristol,HFR Fribourg-Hôpital Cantonal,Fribourg,Schweiz,Chemin des Pensionnats 2,,,8500,,,,,8500,hco
bristol,Hirslanden Klinik Birshof,Münchenstein,Schweiz,Reinacherstr. 28,,,1000,,,,,1000,hco
bristol,HNHCP Haematology Nurses and Heathcare Professionals Group,Winterthur,Schweiz,,,,11000,,,,,11000,hco
bristol,Hôpital de Nyon,Nyon,Schweiz,Chemin Monastier 10,,,800,,,,,800,hco
bristol,Hôpital du Valais,Sion,Schweiz,Avenue Grand-Champsec 80,,,6480,,,,,6480,hco
bristol,IHAM&CC Luzern,Luzern,Schweiz,Schwanenplatz 7,,,5000,,,,,5000,hco
bristol,Inselspital,Bern,Schweiz,Freiburgstr. 18,,,53610,,,5141,97,58848,hco
bristol,IOSI,Bellinzona,Schweiz,Via Ospedale,,,2500,,,,,2500,hco
bristol,Istituto Oncol. Svizz. Italiana,Bellinzona,Schweiz,,,,2549,,,,,2549,hco
bristol,Kantonsspital Baselland,Liestal,Schweiz,Rheinstr. 26,,,,,,500,,500,hco
bristol,Kantonsspital Bruderholz,Bruderholz,Schweiz,Batteriestr.,,,8870,,,,,8870,hco
bristol,Kantonsspital St. Gallen,St. Gallen,Schweiz,Rorschacherstr. 95,,,40500,,,7490,149,48139,hco
bristol,Kantonsspital Winterthur,Winterthur,Schweiz,Brauerstr. 15,,,4124,,,1000,,5124,hco
bristol,Klinik Im Park AG,Zürich,Schweiz,Seestr. 220,,,2700,,,,,2700,hco
bristol,Klinik Impuls,Wetzikon ZH,Schweiz,Bahnhofstr. 137,,,1500,,,,,1500,hco
bristol,Leukemia Patient Advocates Foundation,Bern,Schweiz,Münzgraben 6,,20042,124172,,,,,144214,hco
bristol,Luzerner Kantonsspital,Luzern,Schweiz,Spitalstr. 31,,,19400,,,6565,,25965,hco
bristol,Medicol,Lausanne,Schweiz,Avenue De Montchoisi 20a,,,1500,,,,,1500,hco
bristol,Medizinische Klinik,Stans,Schweiz,Ennetmooserstr. 19,,,9500,,,,,9500,hco
bristol,Melanoma World Society,Steinhausen,Schweiz,Hinterbergstr. 47,,109636,,,,,,109636,hco
bristol,Myelom Kontaktgruppe Schweiz,Arlesheim,Schweiz,Obesunneweg 9,,,993,,,,,993,hco
bristol,Neurologische Praxis Schwyz,Schwyz,Schweiz,Maria-Hilf-Str. 9,,,,,,688,,688,hco
bristol,Onkologiepflege Schweiz,Kleinandelfingen,Schweiz,Hirstigstr. 13,,,10150,,,,,10150,hco
bristol,PizolCare AG,Mels,Schweiz,Flurstr. 12,,,1600,,,,,1600,hco
bristol,Praxis TUCARE,Dietikon,Schweiz,Heimstr. 1,,,,,,1000,,1000,hco
bristol,PReS (Paediatric rheum. society),Lausanne,Schweiz,Rue du Bugnon 46,,,21309,,,,,21309,hco
bristol,Rag Groupement Rolle,Rolle,Schweiz,c/o Docteur Daniel Bossard Avenue de la Gare 1,,,800,,,,,800,hco
bristol,Reha Rheinfelden,Rheinfelden,Schweiz,Salinenstr. 98,,,2000,,,,,2000,hco
bristol,Rehabilitations,Solothurn,Schweiz,Schöngrünstr. 42,,,,,,750,,750,hco
bristol,Rheuma Schweiz,Zürich,Schweiz,Aargauerstr. 250,,,90516,,,,,90516,hco
bristol,Rheumaklinik und Phys. Med,Zürich,Schweiz,Gloriastr. 25,,,43416,,,54045,,97461,hco
bristol,Rheumakränzli Zentralschweiz,Meggen,Schweiz,Müttelistr. 7,,,1000,,,,,1000,hco
bristol,Rheumaliga Schweiz,Zürich,Schweiz,Josefstr. 92,,,30989,,,,,30989,hco
bristol,Rheumapraxis Aarau,Aarau,Schweiz,Zelglistr. 98,,,1500,,,,,1500,hco
bristol,Rheumazentrum,Zürich,Schweiz,Bellariastr. 38,,,1634,,,,,1634,hco
bristol,S. Grasso Consulting,Lindau,Schweiz,Fischeracherstr. 17,,,9384,,,336,,9720,hco
bristol,SAKK,Bern,Schweiz,Effingerstr. 33,,5000,43080,,,,,48080,hco
bristol,Samo - Geschäftsstelle,Bern,Schweiz,Effingerstr. 40,,,35640,,,,,35640,hco
bristol,Schweizerische Gesellschaft Fur,Basel,Schweiz,Solothurnerstr. 68,,,13260,,,,,13260,hco
bristol,Schweizerische Gesellschaft fur Vertrauens- und Versicherungsarzte,Winterthur,Schweiz,Wuelflingerstr. 59,,,23220,,,,,23220,hco
bristol,See-Spital Horgen,Horgen,Schweiz,Asylstr. 19,,,500,,,,,500,hco
bristol,SGDV,Bern,Schweiz,Dalmazirain 11,,,5400,,,,,5400,hco
bristol,Sgh-Ssh,Münsingen,Schweiz,Innerer Giessenweg 37,,,10000,,,,,10000,hco
bristol,SGInf Schweizerische Gesellschaft Infektiologie,Bern,Schweiz,Freiburgstr. 18,,,1000,,,,,1000,hco
bristol,SGSS,Zürich,Schweiz,Aargauerstr. 250,,,2700,,,,,2700,hco
bristol,SIOG,Genève,Schweiz,Route des Morillons 1-5,,,10064,,,,,10064,hco
bristol,Spital Limmattal,Schlieren,Schweiz,Urdorferstr. 100,,,3600,,,,,3600,hco
bristol,Spital Thurgau AG,Frauenfeld,Schweiz,Waldeggstr. 8a,,,1620,,,2575,,4195,hco
bristol,Spitäler FMI AG Spital,Unterseen,Schweiz,Weissenaustr. 27,,,,,,600,,600,hco
bristol,Spitalzentrum Biel AG,Biel/Bienne,Schweiz,Vogelsang 84,,,1500,,,,,1500,hco
bristol,Stadtspital Triemli,Zürich,Schweiz,Birmensdorferstr. 497,,,3580,,,1500,,5080,hco
bristol,Stiftiftung für wissenschaftliche Forschung Triemli,Zürich,Schweiz,Birmensdorferstr. 497,,,1000,,,,,1000,hco
bristol,Stiftung für Herz- und Kreislauf,Zürich,Schweiz,Moussonstr. 4,,,16500,,,,,16500,hco
bristol,Studio medico di gruppo,Giubiasco,Schweiz,Via Bellinzona 31,,,3300,,,,,3300,hco
bristol,Swiss Experts in Viral Hepatitis,Zürich,Schweiz,Konradstr. 32,,,19176,,,,,19176,hco
bristol,Swiss Tumor Institute,Zürich,Schweiz,Witellikerstr. 40,,,8500,,,,,8500,hco
bristol,Swiss Tumor Institute,Zürich,Schweiz,Seestr. 259,,,,,,7263,,7263,hco
bristol,SwissPedNet,Basel,Schweiz,Petersplatz 13,,,1480,,,,,1480,hco
bristol,Tumorzentrum,Basel,Schweiz,Petersgraben 4,,,39111,,,,,39111,hco
bristol,Tumorzentrum ZeTuP Rapperswil,Rapperswil SG,Schweiz,Alte Jonastr. 24,,,2000,,,1063,,3063,hco
bristol,Verein Lunge Zürich,Zürich,Schweiz,Wilfriedstr. 7,,,10000,,,,,10000,hco
bristol,Vereinigung Zürcher Internisten,Adliswil,Schweiz,Felsenhofstr. 36,,,7904,,,,,7904,hco
bristol,WSO World Stroke Organization,Genève,Schweiz,Rue François-Versonnex 7,,98134,,,,,,98134,hco
bristol,Adrian Forster,Winterthur,Schweiz,Brauerstr. 15,,,,,,1200,,1200,hcp
bristol,Alberto Moriggia,Lugano,Schweiz,Via Soldino 5,,,,,,1250,,1250,hcp
bristol,Alexander Breitenstein,Zürich,Schweiz,Rämistr. 100,,,,,,688,,688,hcp
bristol,Alicia Rovó,Bern,Schweiz,Freiburgstr. 18,,,,201,692,,,893,hcp
bristol,Anders Jörg Leu,Zürich,Schweiz,Witellikerstr. 40,,,,,,688,,688,hcp
bristol,Angelo Carone,Uznach,Schweiz,Gasterstr. 25,,,,,,688,,688,hcp
bristol,Anna Megert,Basel,Schweiz,Hirschgüsslein 11-15,,,,509,1302,750,,2561,hcp
bristol,Antonella Robatto,Lugano,Schweiz,Via Soldino 5,,,,611,948,,,1559,hcp
bristol,Arkadiusz Russjan,Luzern,Schweiz,Spitalstr. 4,,,,,,688,,688,hcp
bristol,Astrid-Maria Schmidt,Bern,Schweiz,Bremgartenstr. 119,,,,,,750,,750,hcp
bristol,Audrey Simon,Lausanne,Schweiz,Rue du Bugnon 46,,,,,,750,,750,hcp
bristol,Beat Kipfer,Bern,Schweiz,Tellstr. 18,,,,,,1000,,1000,hcp
bristol,Beat Müllhaupt,Zürich,Schweiz,Rämistr. 100,,,,,,2550,,2550,hcp
bristol,Beda Wyrsch,Wetzikon ZH,Schweiz,Bahnhofstr. 137,,,,164,921,,,1085,hcp
bristol,Benjamin Dominique Berte,Zürich,Schweiz,Seestr. 247,,,,,,688,,688,hcp
bristol,Catherine Leromain,Yverdon-les-Bains,Schweiz,Avenue des Bains 22,,,,,,750,,750,hcp
bristol,Catrina Uhlmann Nussbaum,Olten,Schweiz,Baslerstr. 150,,,,,,1000,,1000,hcp
bristol,Céline Py,Genève,Schweiz,Rue Gabrielle-Perret-Gentil 4,,,,,778,,,778,hcp
bristol,Christa Ritter,Basel,Schweiz,Gellertstr. 144,,,,,,750,,750,hcp
bristol,Christian Marc Schmied,Zürich,Schweiz,Rämistr. 100,,,,,,1575,,1575,hcp
bristol,Christian Monnerat,Delémont,Schweiz,Faubourg des Capucins 30,,,,,,1850,,1850,hcp
bristol,Christoph Driessen,St. Gallen,Schweiz,Rorschacherstr. 95,,,,,,2800,1565,4365,hcp
bristol,Christoph Gut,Reinach BL,Schweiz,Bruggstr. 12,,,,,,750,,750,hcp
bristol,Christoph Hatz,Basel,Schweiz,Socinstr. 57,,,,,,1200,,1200,hcp
bristol,Clara Thierfelder,Basel,Schweiz,Eisengasse 8,,,,611,1009,,,1620,hcp
bristol,Claudine Helg,Genève,Schweiz,Rue Maunoir 26,,,,,,750,,750,hcp
bristol,Cristina Nay Fellay,Sion,Schweiz,Avenue Grand-Champsec 80,,,,493,923,,,1416,hcp
bristol,Daniel Genné,Biel/Bienne,Schweiz,Vogelsang 84,,,,,,1800,,1800,hcp
bristol,Daniel Tobler,Basel,Schweiz,Lange Gasse 78,,,,,,688,,688,hcp
bristol,Diana Frey,Zürich,Schweiz,Gloriastr. 25,,,,,,1000,,1000,hcp
bristol,Diego Bär,Thun,Schweiz,Frutigenstr. 6,,,,164,873,750,,1787,hcp
bristol,Dietrich Hack,Arbon,Schweiz,Schlossgasse 4,,,,,,688,,688,hcp
bristol,Donat Rudolf Spahn,Zürich,Schweiz,Rämistr. 100,,,,,,2100,,2100,hcp
bristol,Elsbeth Cunningham-Flory,Genève,Schweiz,Quai Gustave-Ador 62,,,,,,750,,750,hcp
bristol,Emiliano Giostra,Genève,Schweiz,Rue Gabrielle-Perret-Gentil 4,,,,611,1268,810,,2689,hcp
bristol,Chakir Farah Ahmanna,Fribourg,Schweiz,Chemin des Pensionnats 2,,,,,,500,,500,hcp
bristol,Felix Wermelinger,Bern,Schweiz,Freiburgstr. 18,,,,330,798,,,1128,hcp
bristol,Florian Bihl,Lugano,Schweiz,Via Gemmo 11,,,,,,1500,,1500,hcp
bristol,Francesco Negro,Genève,Schweiz,Rue Gabrielle-Perret-Gentil 4,,,,,,900,,900,hcp
bristol,Franco Cavalli,Bellinzona,Schweiz,Via Ospedale,,,,,,2100,3429,5529,hcp
bristol,Frank Ruschitzka,Zürich,Schweiz,Rämistr. 100,,,,,,2100,63,2163,hcp
bristol,Gabriella Nager,Zürich,Schweiz,Ottikerstr. 38,,,,688,,,,688,hcp
bristol,Gaël Claude Antoine Deplanque,Vevey,Schweiz,Avenue de la Prairie 3,,,,343,8108,,,8451,hcp
bristol,Gerda Hajnos-Baumgartner,Zürich,Schweiz,Witellikerstr. 40,,,,,,750,,750,hcp
bristol,Giannicola D'Addario,Schaffhausen,Schweiz,Geissbergstr. 81,,,,493,716,,,1209,hcp
bristol,Gil Guttmann,Lausanne,Schweiz,Avenue de la Gare 10,,,,509,1057,750,,2316,hcp
bristol,Gregor Fürstenberger,Chur,Schweiz,Masanserstr. 2,,,,201,469,,,670,hcp
bristol,Gregor Goldinger,Mendrisio,Schweiz,Via Agostino Maspoli 37,,,,330,741,,,1071,hcp
bristol,Hans Gelpke,Winterthur,Schweiz,Brauerstr. 15,,,,493,716,,,1209,hcp
bristol,Hans-Dieter Hüllstrung,Liestal,Schweiz,Weierweg 7,,,,,433,750,,1183,hcp
bristol,Heinz Lüubli,Basel,Schweiz,Petersgraben 4,,,,201,388,,,589,hcp
bristol,Heribert Mauron,Moosseedorf,Schweiz,Moosbühlstr. 33,,,,,,750,,750,hcp
bristol,Ioannis Metaxas,Chur,Schweiz,Loestr. 170,,,,201,569,,,770,hcp
bristol,Ioannis Papadopoulos,Münchenstein,Schweiz,Reinacherstr. 28,,,,509,1266,750,,2525,hcp
bristol,Isabella Sudano,Zürich,Schweiz,Rämistr. 100,,,,,,1000,,1000,hcp
bristol,Isabelle Morard,Genève,Schweiz,Avenue de la Roseraie 76 A,,,,,,2400,,2400,hcp
bristol,Jan Triebel,Zürich,Schweiz,Birmensdorferstr. 497,,,,,,750,,750,hcp
bristol,Janine Dörffler-Melly,Zürich,Schweiz,Bellariastr. 40,,,,,,688,,688,hcp
bristol,Jean Bourhis,Lausanne,Schweiz,Rue du Bugnon 46,,,,,,1076,25,1101,hcp
bristol,Jean Dudler,Fribourg,Schweiz,Chemin des Pensionnats 2,,,,,,1300,,1300,hcp
bristol,Jean-François Lambert,Nyon,Schweiz,Chemin Monastier 10,,,,,,1125,,1125,hcp
bristol,Jean-Pierre Guigoz,Lausanne,Schweiz,Avenue de Rumine 35,,,,,,750,,750,hcp
bristol,Jeroen Simon Goede,Winterthur,Schweiz,Brauerstr. 15,,,,,,2375,,2375,hcp
bristol,Jocelyne Melchior-Capiot,Lausanne,Schweiz,Rue Madeleine 18,,,,,,750,,750,hcp
bristol,Jörg Nossen,Sursee,Schweiz,Spitalstr. 16a,,,,,,688,,688,hcp
bristol,Juan Sztajzel,Carouge GE,Schweiz,Clos de la Fonderie 1,,,,,,688,,688,hcp
bristol,Julian Andreas Schardt,Bern,Schweiz,Freiburgstr. 18,,,,,,1000,,1000,hcp
bristol,Julian David Seiffge,Basel,Schweiz,Petersgraben 4,,,,,,688,,688,hcp
bristol,Jürg Spiess,Sissach,Schweiz,Hauptstr. 46a,,,,,739,750,,1489,hcp
bristol,Karl Michael Essig,Baden,Schweiz,Langhaus 5,,,,,,688,,688,hcp
bristol,Karolina Gadaldi,Bern,Schweiz,Freiburgstr. 18,,,,,,2000,,2000,hcp
bristol,Laetitia Arja Mauti,Winterthur,Schweiz,Brauerstr. 15,,,,,,2500,,2500,hcp
bristol,Lars Asmis,Zürich,Schweiz,Hufgasse 17,,,,,,1050,,1050,hcp
bristol,Laurant Max Etienne Haegeli,Zürich,Schweiz,Rämistr. 100,,,,,,688,,688,hcp
bristol,Laure Brulhart,La Chaux-de-Fonds,Schweiz,Rue de Chasseral 20,,,,,,1125,,1125,hcp
bristol,Leo Finci,Petit-Lancy,Schweiz,Chemin de la Caroline 2,,,,2000,,,,2000,hcp
bristol,Luciano Wannesson,Mendrisio,Schweiz,Via Alfonso Turconi 23,,,,,,2350,155,2505,hcp
bristol,Ludovic Tapparel,La Chaux-de-Fonds,Schweiz,Rue de Chasseral 20,,,,1997,1792,750,,4539,hcp
bristol,Ludwig Perger,Zürich,Schweiz,Rämistr. 100,,,,,,688,,688,hcp
bristol,Lukas Bubendorf,Basel,Schweiz,Schönbeinstr. 40,,,,,,2167,,2167,hcp
bristol,Marc Erismann,St. Gallen,Schweiz,Rorschacherstr. 150,,,,,,750,,750,hcp
bristol,Marc Genty,Yverdon-les-Bains,Schweiz,Avenue des Bains 22,,,,,,750,,750,hcp
bristol,Marc Schindewolf,Bern,Schweiz,Freiburgstr. 4,,,,,,688,,688,hcp
bristol,Marc-André Schürch,Lausanne,Schweiz,Avenue de la Gare 10,,,,509,1126,750,,2385,hcp
bristol,Marco Kummer,Rheinfelden,Schweiz,Habich-Dietschy-Str. 18,,,,,,688,,688,hcp
bristol,Marianne Beckmann,St. Gallen,Schweiz,Rorschacherstr. 95,,,,,,688,,688,hcp
bristol,Mario Bargetzi,Aarau,Schweiz,Tellstr. 25,,,,,,1750,,1750,hcp
bristol,Martin Müller,Heiden,Schweiz,Werdstr. 1a,,,,,,688,,688,hcp
bristol,Martina Hafner,Basel,Schweiz,Petersgraben 4,,,,,,688,,688,hcp
bristol,Mathieu Potin,Lausanne,Schweiz,Chemin des Croix-Rouges 12,,,,,,688,,688,hcp
bristol,Matthias Anderegg,Ittigen,Schweiz,Talgut-Zentrum 5,,,,,,688,,688,hcp
bristol,Maximilian Graw,Wattwil,Schweiz,Steig,,,,,,688,,688,hcp
bristol,Michael Abay,Zürich,Schweiz,Bahnhofstr. 56,,,,,,688,,688,hcp
bristol,Michael Gengenbacher,Basel,Schweiz,Gellertstr. 144,,,,,,750,,750,hcp
bristol,Michael Pieper,Kreuzlingen,Schweiz,Löwenstr. 16,,,,,,688,,688,hcp
bristol,Michael Weller,Zürich,Schweiz,Frauenklinikstr. 26,,,,,7556,2100,,9656,hcp
bristol,Michaela Heidemann,Luzern,Schweiz,Zürichstr. 5,,,,,,688,,688,hcp
bristol,Michel Bourqui,Bulle,Schweiz,Rue de Vevey 11,,,,,,750,,750,hcp
bristol,Miklós Pless,Winterthur,Schweiz,Brauerstr. 15,,,,343,7584,600,,8527,hcp
bristol,Natalie Marcoli,Viganello,Schweiz,Via Pietro Capelli,,,,330,723,,,1053,hcp
bristol,Nicolas Kossmann,Rheinfelden,Schweiz,Roberstenstr. 31,,,,509,1112,750,,2371,hcp
bristol,Nicole Aepli-Schneider,Luzern,Schweiz,Landschaustr. 2,,,,,,750,,750,hcp
bristol,Nils Kucher,Bern,Schweiz,Freiburgstr. 4,,,,,,2700,,2700,hcp
bristol,Olivier Michielin,Lausanne,Schweiz,Rue du Bugnon 46,,,,565,6679,2250,,9494,hcp
bristol,Patric Kurmann,Neuchâtel,Schweiz,Rue Du Seyon 10,,,,,,2000,,2000,hcp
bristol,Patrick Aepli,Luzern,Schweiz,Spitalstr.,,,,611,1195,,,1806,hcp
bristol,Peiman Jamshidi,Luzern,Schweiz,Spitalstr.,,,,,,688,,688,hcp
bristol,Peter Gnehm,Carouge GE,Schweiz,Rue de la Fontenette 29,,,,,,1375,,1375,hcp
bristol,Pharm Hans-Martin Gruenig,Bruderholz,Schweiz,,,,,,,800,,800,hcp
bristol,Philip Bruggmann,Zürich,Schweiz,Konradstr. 1,,,,1200,,900,,2100,hcp
bristol,Philippe Greiner,St. Gallen,Schweiz,Sankt Jakob-Str. 87,,,,,,750,,750,hcp
bristol,Pia Christina Schiffer Burkolter,Zofingen,Schweiz,Rathausgasse 9,,,,,471,750,,1221,hcp
bristol,Pierre Bohanes,Lausanne,Schweiz,Avenue Vinet 28,,,,527,4125,,,4652,hcp
bristol,Pierre-André Guerne,Genève,Schweiz,Avenue Beau-Séjour 26,,,,,,1200,,1200,hcp
bristol,Pierre-Yves Dietrich,Genève,Schweiz,Rue Gabrielle-Perret-Gentil 4,,,,,,1200,,1200,hcp
bristol,Reinhard Geyer,Heerbrugg,Schweiz,Marktstr. 11,,,,,,688,,688,hcp
bristol,Reto Frey,Zürich,Schweiz,Albisriederplatz 3,,,,,,750,,750,hcp
bristol,Reto Kühne,Zürich,Schweiz,Tièchestr. 99,,,,,,1850,,1850,hcp
bristol,Roger François Stucki,Vevey,Schweiz,Rue du Lac 39,,,,,,750,,750,hcp
bristol,Rolf A. Stahel,Zürich,Schweiz,Rämistr. 100,,,,,4471,1500,,5971,hcp
bristol,Sabine Adler,Bern,Schweiz,Freiburgstr. 18,,,,330,589,,,919,hcp
bristol,Safia Masmoudi,Neuchâtel,Schweiz,Rue de la Maladière 45,,,,493,923,,,1416,hcp
bristol,Sarah Marti,Zollikerberg,Schweiz,Trichtenhauserstr. 12,,,,,,688,,688,hcp
bristol,Simon Jung,Bern,Schweiz,Freiburgstr. 18,,,,,,688,,688,hcp
bristol,Solange Peters,Lausanne,Schweiz,Rue du Bugnon 17,,,,,,27600,8750,36350,hcp
bristol,Spasenija Savic Prince,Basel,Schweiz,Schönbeinstr. 40,,,,,,1000,,1000,hcp
bristol,Stavroula Masouridi,Genève,Schweiz,Rue Gabrielle-Perret-Gentil 4,,,,357,640,,,997,hcp
bristol,Stefan Balabanov,Zürich,Schweiz,Rämistr. 100,,,,,,875,,875,hcp
bristol,Stefan Greuter,Sargans,Schweiz,Bahnhofpark 2b,,,,493,926,2500,,3919,hcp
bristol,Stefan Zimmermann,Riaz,Schweiz,Rue de l'Hôpital 9,,,,,,900,,900,hcp
bristol,Stefania Casu,Bern,Schweiz,Freiburgstr. 4,,,,611,781,,,1392,hcp
bristol,Stephan Erni,Aarau,Schweiz,Tellstr.,,,,330,680,,,1010,hcp
bristol,Sylvia Baumann Kurer,Winterthur,Schweiz,St. Georgen-Str. 70,,,,,,1000,,1000,hcp
bristol,Szilveszter György Pekardi,Wil SG,Schweiz,Fürstenlandstr. 32,,,,611,1373,,,1984,hcp
bristol,Thomas Deseö,Zürich,Schweiz,Dufourstr. 143,,,,,,688,,688,hcp
bristol,Thomas Dorn,Crans-Montana,Schweiz,Imp. Palace Bellevue 1,,,,,,688,,688,hcp
bristol,Thomas Hess,Winterthur,Schweiz,Brauerstr. 15,,,,493,902,,,1395,hcp
bristol,Thomas Hügle,Lausanne,Schweiz,Avenue Pierre-Decker 4,,,,,,1200,,1200,hcp
bristol,Thomas Hundsberger,St. Gallen,Schweiz,Rorschacherstr. 95,,,,438,790,,,1228,hcp
bristol,Thomas Kuntzen,Zürich,Schweiz,Rämistr. 100,,,,,,900,,900,hcp
bristol,Thomas Langenegger,Baar,Schweiz,Landhausstr. 11,,,,,,750,,750,hcp
bristol,Thomas Reygaerts,Fribourg,Schweiz,Chemin des Pensionnats 2,,,,,,500,,500,hcp
bristol,Thomas Rosemann,Zürich,Schweiz,Pestalozzistr. 24,,,,,,1500,,1500,hcp
bristol,Timo Kahles,Aarau,Schweiz,Tellstr. 25,,,,,,688,,688,hcp
bristol,Timothy Cunningham,Genève,Schweiz,Boulevard des Tranchees 24,,,,,,750,,750,hcp
bristol,Tobias Traupe,Bern,Schweiz,Tiefenaustr. 112,,,,,,688,,688,hcp
bristol,Ueli Christian Studer,Bern,Schweiz,Bahnhofplatz 1,,,,,,750,,750,hcp
bristol,Ulf Petrausch,Zürich,Schweiz,Seestr. 259,,,,,,1800,,1800,hcp
bristol,Ulrike Pape,Baden,Schweiz,Bahnhofstr. 40,,,,,,1000,,1000,hcp
bristol,Urs Gäumann,Bern,Schweiz,Schosshaldenstr. 32,,,,,,750,,750,hcp
bristol,Urs Heusser,Winterthur,Schweiz,Stadthausstr. 75,,,,,,1600,,1600,hcp
bristol,Ursula Schafroth,Thun,Schweiz,Bahnhofstr. 3,,,,,,750,,750,hcp
bristol,Uta Cornelia Klöter Kündig,Heerbrugg,Schweiz,Marktstr. 11,,,,,,688,,688,hcp
bristol,Vitali Verin,Genolier,Schweiz,Route du Muids 3,,,,,,688,,688,hcp
bristol,Vito Spataro,Bellinzona,Schweiz,Viale Stazione 23,,,,,,600,,600,hcp
bristol,Vittoria Espeli,Bellinzona,Schweiz,Via Ospedale,,,,,,400,,400,hcp
bristol,Walo Alexander Iseli,Liestal,Schweiz,Weierweg 7,,,,,,750,,750,hcp
