company,name,location,country,address,uci,donations_grants,sponsorship,registration_fees,travel_accommodation,fees,related_expenses,total,type
celgene,Blutspende SRK Schweiz AG,Bern,Schweiz,Laupenstr. 37,,694.45,,1851.85,,,,2546.3,hco
celgene,Brustzentrum Regio Basiliensis,Allschwil,Schweiz,Brennerstr. 12,,2000,,,,,,2000,hco
celgene,Bügerspital Solothurn,Solothurn,Schweiz,Schöngrünstr. 42,,,,1000,,,,1000,hco
celgene,Centre de Chimiothérapie Anti-Cancéreuse,Lausanne,Schweiz,Avenue d'Ouchy 35,,1000,,,,,,1000,hco
celgene,CHUV,Lausanne,Schweiz,Rue du Bugnon 46,,1500,3000,18616.85,6225.22,6475,,35817.07,hco
celgene,"CHUV, Hôpital Beaumont",Luzern,Schweiz,Spitalstr. 4,,,,,616.33,1000,,1616.33,hco
celgene,"CHUV, Hôpital de Beaumont",Lausanne,Schweiz,Avenue de Beaumont 29,,,,1730.26,4634.77,,,6365.03,hco
celgene,CRR SuvaCare,Sion,Schweiz,Avenue Grand-Champsec 90,,,,1388.9,,,,1388.9,hco
celgene,Derma Limmattal AG,Schlieren,Schweiz,Uitikonerstr. 9,,,,,,1000,,1000,hco
celgene,ESMO European Society for Medical Oncology,Viganello,Schweiz,Via Luigi Taddei 4,,255869.8,22293.57,98365.39,,,,376528.76,hco
celgene,Fondation Centre de Chimiothérapie Anti-Cancéreuse,Lausanne,Schweiz,Vinet 19bis,,1000,,,,,,1000,hco
celgene,Fondazione Di Ricerca Psicooncologica,Lugano,Schweiz,Via Fogazzaro 3,,,,1500,,,,1500,hco
celgene,Haematology Nurses And Allied Healthcare Professionals Group,Winterthur,Schweiz,Postfach 98,,11500,,,,,,11500,hco
celgene,Hautarztpraxis Hauser AG,Rorschach,Schweiz,St. Gallerstr. 1,,,,,,500,,500,hco
celgene,Hirslanden Klinik St. Anna,Luzern,Schweiz,St. Annastr. 32,,,,462.96,,,,462.96,hco
celgene,Hôpital Cantonal de Fribourg,Genève,Schweiz,Rue Micheli-du-Crest 24,,,,5000,,,,5000,hco
celgene,Hôpital des Trois Chênes,Thônex,Schweiz,Chemin du Pont-Bochet 3,,1000,,2000,,,,3000,hco
celgene,Hôpitaux Universitaires Genève,Genève,Schweiz,Rue Gabrielle-Perret-Gentil 4,,1600,,2000,,1000,,4600,hco
celgene,IELSG -International Extranodal Lymphoma Study Group,Bellinzona,Schweiz,Studies Coordination Oncology Institute Of Southern Switzerland,,6000,,,,,,6000,hco
celgene,Inselspital,Bern,Schweiz,Tiefenaustr. 120,,13750,,1600,,625,,15975,hco
celgene,Institut Central Des Hôpitaux,Sion,Schweiz,Avenue Du Grand-Champsec 86,,,,1000,,,,1000,hco
celgene,Kantonsspital Aarau,Aarau,Schweiz,Tellstr. 25,,,,545.12,533.81,,,1078.93,hco
celgene,Kantonsspital Aarau,Aarau,Schweiz,Tellstr. 25,,,,2475.61,1208.96,321.5,,4006.07,hco
celgene,Kantonsspital Baden,Baden,Schweiz,Im Ergel 1,,700,,2174.73,767.25,,,3641.98,hco
celgene,Kantonsspital Baselland,Liestal,Schweiz,Rheinstr. 26,,1000,,,,,,1000,hco
celgene,Kantonsspital Olten,Olten,Schweiz,Baslerstr. 150,,,,541.94,788.88,,,1330.82,hco
celgene,Kantonsspital St. Gallen,St. Gallen,Schweiz,Rorschacherstr. 95,,2777.77,,4534.43,4376.59,347.22,,12036.01,hco
celgene,Kantonsspital Winterthur,Winterthur,Schweiz,Brauerstr. 15,,,,926,,,,926,hco
celgene,Klinik Hirslanden,Zürich,Schweiz,Witellikerstr. 40,,,,,,4000,,4000,hco
celgene,Krebsliga Schweiz,Bern,Schweiz,Effingerstr. 40,,2058.59,,,,,,2058.59,hco
celgene,Luzerner Kantonsspital,Luzern,Schweiz,Spitalstr. 31,,,,5373.02,6224.63,1000,,12597.65,hco
celgene,Myelom Kontaktgruppe Schweiz,Arlesheim,Schweiz,Mkgs,,,,8000,,,,8000,hco
celgene,Onkologiepflege Schweiz,Kleinandelfingen,Schweiz,Hirstigstr. 13,,5000,4000,1350,,,,10350,hco
celgene,Ospedale Bellinzona e Valli EOC,Bellinzona,Schweiz,Via Vincenzo Vela 6,,1500,,6000,,1000,,8500,hco
celgene,Praxis Dr. Reichlin/Dr. Jermann,Zürich,Schweiz,Toblerstr. 50,,,,,,750,,750,hco
celgene,Schweizerische Arbeitsgemeinschaft für Klinische Krebsforschung,Bern,Schweiz,Effingerstr. 40,,47500,18000,,,,,65500,hco
celgene,Schweizerische Gesellschaft Zum Studium Des Schmerzens,Zürich,Schweiz,Sgss Zentralsekretariat,,,1800,,,,,1800,hco
celgene,SGDV,Bern,Schweiz,Dalmazirain 11,,,,4500,,,,4500,hco
celgene,SGG/SSG,Bern,Schweiz,Wattenwylweg 21,,,,250,,,,250,hco
celgene,Sgh-Ssh,Münsingen,Schweiz,Sekretariat Sgh,,2500,,,,,,2500,hco
celgene,SIOG International Society of Geriatric Oncology,Genève,Schweiz,Route des Morillons 1-5,,,,31966.52,,,,31966.52,hco
celgene,Societa Ticinese Di Dermatologia E Venerologia,Bellinzona,Schweiz,Bellinzona,,,,1000,,,,1000,hco
celgene,Solothurner Spitäler AG,Solothurn,Schweiz,Schöngrünstr. 36a,,,,304.15,778.15,,,1082.3,hco
celgene,Spital Thurgau,Frauenfeld,Schweiz,Spital Thurgau Ag,,1000,,,,1000,,2000,hco
celgene,Stadtspital Triemli,Zürich,Schweiz,Birmensdorferstr. 501,,,,,,2500,,2500,hco
celgene,Stiftung Für Wisschenschaftliche Forschung  Fonds Onkologie/Haematologie Triemli,Zürich,Schweiz,Birmensdorferstr. 497,,,,2500,,,,2500,hco
celgene,Swiss Tumor Institute,Zürich,Schweiz,Seefeldstr. 214,,,,69600,,,,69600,hco
celgene,SwissPedNet,Basel,Schweiz,Petersplatz 13,,1500,,,,,,1500,hco
celgene,Universität Basel,Basel,Schweiz,Petersplatz 10,,6000,,,,,,6000,hco
celgene,Universitätsspital Basel,Basel,Schweiz,Spitalstr. 21,,17000,,545.12,278.38,5500,,23323.5,hco
celgene,UniversitätsSpital Zürich,Zürich,Schweiz,Winterthurerstr. 190,,18500,,7500,,,,26000,hco
celgene,Universität Basel,Basel,Schweiz,Klingelbergstr. 61,,,,,,813.15,80.43,893.58,hco
celgene,Verlag Gesundheit Sante,Schaffhausen,Schweiz,Neustadt 40,,15000,,,,,,15000,hco
celgene,Adrian Ciurea,Zürich,Schweiz,Gloriastr. 25,,,,,,750,,750,hcp
celgene,Albéric Jean Marie Bressoud,Lausanne,Schweiz,Avenue d'Ouchy 31,,,,541.94,587.38,,,1129.32,hcp
celgene,Alexander Dieterle,Birsfelden,Schweiz,Hauptstr. 70,,,,,88.84,,,88.84,hcp
celgene,Alexander Just,Olten,Schweiz,Louis Giroud-Str. 26,,,,,,1000,,1000,hcp
celgene,Alexander Martin,Liestal,Schweiz,Rheinstr. 16,,,,,,1000,,1000,hcp
celgene,Alexander Meisel,Zürich,Schweiz,Tièchestr. 99,,,,,,750,,750,hcp
celgene,Alexandre Christinat,Lugano,Schweiz,Via Fogazzaro 3,,,,802.31,514.41,,,1316.72,hcp
celgene,Alexandre Martin Conrad Bodmer,Genève,Schweiz,Rue Gabrielle-Perret-Gentil 4,,,,802.31,456.03,,,1258.34,hcp
celgene,Andreas Arnold,Basel,Schweiz,Petersgraben 4,,,,,,1000,,1000,hcp
celgene,Andreas Peter Müller,Bülach,Schweiz,Zürichstr. 5,,,,,,1000,,1000,hcp
celgene,Andreas Thueler,Baden,Schweiz,Im Ergel 1,,,,849.92,-134.94,,,714.98,hcp
celgene,Anita Hirschi-Blickenstorfer,Zürich,Schweiz,Witellikerstr. 40,,,,,339.9,,,339.9,hcp
celgene,Anna Efthymiou,Fribourg,Schweiz,Chemin des Pensionnats 2,,,,151.79,436.9,,,588.69,hcp
celgene,Anne-Karine Lapointe,Lausanne,Schweiz,Avenue du Théâtre 7,,,,1730.26,4349.72,1000,,7079.98,hcp
celgene,Annett Härtel,Basel,Schweiz,Beim Goldenen Löwen 13,,,,1314.91,731.28,1000,,3046.19,hcp
celgene,Annette Winkler Vatter,Biel/Bienne,Schweiz,Vogelsang 84,,,,304.15,587.08,,,891.23,hcp
celgene,Antonios Kolios,Zürich,Schweiz,Gloriastr. 31,,,,,,750,,750,hcp
celgene,Arpad Farkas,Glattbrugg,Schweiz,Schaffhauserstr. 99,,,,433.88,781.79,,,1215.67,hcp
celgene,Augusto Pedrazzini,Locarno,Schweiz,Via Vela 11,,,,541.94,841.03,,,1382.97,hcp
celgene,Barbara Bolliger,St. Gallen,Schweiz,Rorschacherstr. 150,,,,372.42,322.05,,,694.47,hcp
celgene,Barbara Gaus,St. Gallen,Schweiz,Kugelgasse 8,,,,1314.91,770.95,,,2085.86,hcp
celgene,Basil Bättig,Zürich,Schweiz,Stadelhoferstr. 42,,,,364.98,520.23,,,885.21,hcp
celgene,Beate Theresia Maria Gleissner,Bäch SZ,Schweiz,Seestr. 164,,,,259.62,,750,,1009.62,hcp
celgene,Beatrice Simona,Muralto,Schweiz,Via Stazione 5,,,,,,1000,,1000,hcp
celgene,Beda Wyrsch,Wetzikon ZH,Schweiz,Bahnhofstr. 137,,,,849.92,-100.5,1000,,1749.42,hcp
celgene,Berchtold Elmiger,Bern,Schweiz,Spitalgasse 37,,,,849.92,-123.42,,,726.5,hcp
celgene,Bernard Chevaux,Vevey,Schweiz,Avenue de la Prairie 3,,,,619.36,1049.54,,,1668.9,hcp
celgene,Bernard Exquis,Onex,Schweiz,Route De Chancy 98,,,,,-410,1812.5,,1402.5,hcp
celgene,Bernd Nürnberg,Feuerthalen,Schweiz,Zürcherstr. 25,,,,,,500,33.6,533.6,hcp
celgene,Bernward Niemann,Basel,Schweiz,Kleinriehenstr. 30,,,,774.2,635.9,,,1410.1,hcp
celgene,Boris Christen,Lugano,Schweiz,Via Nassa 27,,,,,,1250,,1250,hcp
celgene,Boris Müller-Hübenthal,Richterswil,Schweiz,Bergstr. 16,,,,,,750,,750,hcp
celgene,Britta Massmann,Aarau,Schweiz,Laurenzenvorstadt 25,,,,,285.75,,,285.75,hcp
celgene,Carlo Mainetti,Bellinzona,Schweiz,Via Parco 3,,,,,,1250,,1250,hcp
celgene,Carole Medinger Sadowski,Nyon,Schweiz,Rue Neuve 6,,,,410,284.87,,,694.87,hcp
celgene,Carolin Brümmerhoff,St. Gallen,Schweiz,Rorschacherstr. 95,,,,,,500,,500,hcp
celgene,Catherine Larnier,Rolle,Schweiz,Rue du Nord 24,,,,1314.91,686.08,,,2000.99,hcp
celgene,Catherine Leromain,Yverdon-les-Bains,Schweiz,Avenue des Bains 22,,,,410,457.47,1000,,1867.47,hcp
celgene,Catherine Vuala,Vésenaz,Schweiz,Route de Thonon 42,,,,849.92,13.95,,,863.87,hcp
celgene,Catrina Uhlmann Nussbaum,Olten,Schweiz,Baslerstr. 150,,,,802.31,547.92,,,1350.23,hcp
celgene,Christian Bull,Jona,Schweiz,Allmeindstr. 5,,,,1314.91,-2218.18,,,-903.27,hcp
celgene,Christian Busch,Winterthur,Schweiz,Gertrudstr. 1,,,,,,1500,25.2,1525.2,hcp
celgene,Christian De Pree,Genève,Schweiz,Chemin de Beau-Soleil 22,,,,541.94,486.02,,,1027.96,hcp
celgene,Christian Spirig,Luzern,Schweiz,St. Annastr. 32,,,,372.42,247.05,,,619.47,hcp
celgene,Christoph Ackermann,Triesen,Schweiz,Landstr. 359,,,,,,500,,500,hcp
celgene,Christoph Schänzle,Olten,Schweiz,Louis Giroud-Str. 26,,,,1314.91,663.28,,,1978.19,hcp
celgene,Claudia Lengerke,Basel,Schweiz,Petersgraben 4,,,,534.43,5665.58,,,6200.01,hcp
celgene,Claudia Papet,Schlieren,Schweiz,Urdorferstr. 100,,,,,,750,,750,hcp
celgene,Claudine Helg,Genève,Schweiz,Rue Maunoir 26,,,,151.79,327.61,562.5,,1041.9,hcp
celgene,Cornel Stöckli,Bremgarten AG,Schweiz,Zürcherstr. 8,,,,,,1000,,1000,hcp
celgene,Damjan Nikolic,Genève,Schweiz,Quai Du Seujet 14,,,,99.73,,1000,,1099.73,hcp
celgene,Dana Védy,Montreux,Schweiz,Grand-Rue 3,,,,545.12,108.93,,,654.05,hcp
celgene,Daniel Fink,Zürich,Schweiz,Frauenklinikstr. 10,,,,,,750,,750,hcp
celgene,Daniel Georgiev Koychev,Rapperswil SG,Schweiz,Alte Jonastr. 24,,,,,,750,,750,hcp
celgene,Daniel Meier,Bern,Schweiz,Schänzlistr. 39,,,,443.17,307.96,,,751.13,hcp
celgene,Daniel Reding,Baar,Schweiz,Landhausstr. 11,,,,364.98,113.77,,,478.75,hcp
celgene,Daniel Zuder,St. Gallen,Schweiz,St. Leonhard-Str. 20,,,,1730.26,4323.46,1000,,7053.72,hcp
celgene,David Thorn,Basel,Schweiz,Lange Gasse 78,,,,,356.65,,,356.65,hcp
celgene,Davide Donghi,Chiasso,Schweiz,Via Livio 14,,,,,,1000,,1000,hcp
celgene,Didier Jallut,Lausanne,Schweiz,Avenue du Théâtre 7,,,,,,625,,625,hcp
celgene,Diego Bär,Thun,Schweiz,Frutigenstr. 6,,,,849.92,572.22,500,,1922.14,hcp
celgene,Dieter Frey,Basel,Schweiz,Schafgässlein 6,,,,,,500,,500,hcp
celgene,Donat Dürr,Zürich,Schweiz,Birmensdorferstr. 497,,,,1068.87,5493.18,,,6562.05,hcp
celgene,Eleftherios Samartzis,Schaffhausen,Schweiz,Geissbergstr. 81,,,,,152.33,,,152.33,hcp
celgene,Elena Bianchi,Lugano,Schweiz,Via Fogazzaro 3,,,,545.12,-152.55,,,392.57,hcp
celgene,Emile Mahitchi,Cologny,Schweiz,Chemin Frank-Thomas 68bis,,,,849.92,-131.97,,,717.95,hcp
celgene,Emmanuel Laffitte,Genève,Schweiz,Rue Gabrielle-Perret-Gentil 4,,,,,,1000,,1000,hcp
celgene,Erich Müller,Zürich,Schweiz,Toblerstr. 51,,,,,,750,,750,hcp
celgene,Florian Anzengruber,Zürich,Schweiz,Gloriastr. 31,,,,1730.26,2102.61,,,3832.87,hcp
celgene,Francesco Pelloni,Lugano,Schweiz,Via Carlo Frasca 10,,,,,,1500,,1500,hcp
celgene,Gabriele Eglseer,Walen stadtberg,Schweiz,Chnoblisbüel 1,,,,443.17,314.44,,,757.61,hcp
celgene,Georg Tscherry,Uster,Schweiz,Brunnenstr. 42,,,,372.42,328.96,,,701.38,hcp
celgene,Georgios Georgiou,Lausanne,Schweiz,Rue de la Vigie 5,,,,914.62,69.84,,,984.46,hcp
celgene,Gil Guttmann,Lausanne,Schweiz,Avenue de la Gare 10,,,,410,525.21,,,935.21,hcp
celgene,Gion Caliezi,Bern,Schweiz,Viktoriastr. 72,,,,443.17,307.96,,,751.13,hcp
celgene,Gionata Marazza,Bellinzona,Schweiz,Via Camminata 6,,,,,,1000,,1000,hcp
celgene,Graeme Bilbe,Neuchâtel,Schweiz,Chemin de Maujobia 35,,,,,,3834.52,,3834.52,hcp
celgene,Guido Mariotti,Bellinzona,Schweiz,Viale Portone 1,,,,,,500,,500,hcp
celgene,Hans-Dieter Hüllstrung,Liestal,Schweiz,Weierweg 7,,,,,,1000,,1000,hcp
celgene,Hans-Peter Baumli,Glis,Schweiz,Gliserallee 13,,,,443.17,314.44,,,757.61,hcp
celgene,Hans-Wilhelm Klötgen,Bern,Schweiz,Freiburgstr. 18,,,,1314.91,451.41,1000,,2766.32,hcp
celgene,Hansjörg Bhend,Chur,Schweiz,Albulastr. 37,,,,,,500,,500,hcp
celgene,Heino Prillwitz,St. Gallen,Schweiz,Rorschacherstr. 95,,,,,,500,,500,hcp
celgene,Heinrich Grob,Reinach BL,Schweiz,Im Reinacherhof 53,,,,,,1000,,1000,hcp
celgene,Heribert Mauron,Moosseedorf,Schweiz,Moosbühlstr. 33,,,,,,500,,500,hcp
celgene,Hubert Schefer,Luzern,Schweiz,St. Annastr. 32,,,,296.95,,,,296.95,hcp
celgene,Ignazio Salani,Lugano,Schweiz,Via Massagno 36,,,,,,1000,,1000,hcp
celgene,Ilka Rüsges-Wolter,Bern,Schweiz,Bremgartenstr. 117,,,,,,750,,750,hcp
celgene,Ines von Mühlenen,Basel,Schweiz,Missionsstr. 34,,,,,,1000,,1000,hcp
celgene,Ingo Haase,Zürich,Schweiz,Wallisellenstr. 301a,,,,,482.01,2182.67,,2664.68,hcp
celgene,Ioannis Papadopoulos,Münchenstein,Schweiz,Reinacherstr. 28,,,,443.17,338.59,,,781.76,hcp
celgene,Isabelle Carey-Berner,Lausanne,Schweiz,Rue Saint-Pierre 1,,,,410,292.22,,,702.22,hcp
celgene,Jan Izakovic,Basel,Schweiz,Gempenstr. 2a,,,,438.3,837.1,,,1275.4,hcp
celgene,Jean Dudler,Fribourg,Schweiz,Chemin des Pensionnats 2,,,,,354.28,2000,190.4,2544.68,hcp
celgene,Jean-François Lambert,Nyon,Schweiz,Chemin Monastier 10,,,,1068.87,5656.9,1812.5,,8538.27,hcp
celgene,Jean-Marc Lüthi,Thun,Schweiz,Krankenhausstr. 12,,,,619.36,585.15,,,1204.51,hcp
celgene,Jean-Philippe Görög,Bern,Schweiz,Schanzenstr. 1,,,,,,500,,500,hcp
celgene,Jeroen Simon Goede,Winterthur,Schweiz,Brauerstr. 15,,,,545.67,116.58,750,57,1469.25,hcp
celgene,Jerome Voegeli,La Chaux-de-Fonds,Schweiz,Rue De La Montagne 2,,,,541.94,527.41,,,1069.35,hcp
celgene,Joachim Krischer,Meyrin,Schweiz,Avenue J'-D'-Maillard 1bis,,,,1314.91,391.85,,,1706.76,hcp
celgene,Jochen Grassinger,Zürich,Schweiz,Rämistr. 100,,,,541.94,116.74,,,658.68,hcp
celgene,Johannes Langer,Frauenfeld,Schweiz,Pfaffenholzstr. 4,,,,412.19,381.93,,,794.12,hcp
celgene,Johannes Lukaschek,Baden,Schweiz,Bruggerstr. 21,,,,364.98,38.75,,,403.73,hcp
celgene,Jost Bergmann,Chur,Schweiz,Quaderstr. 15,,,,1254.9,,,,1254.9,hcp
celgene,Juan Felipe Rodriguez,Genève,Schweiz,Rue Gabrielle-Perret-Gentil 4,,,,545.12,673.68,,,1218.8,hcp
celgene,Jürg Sturzenegger,Kreuzlingen,Schweiz,Hauptstr. 38/40,,,,849.92,148.74,500,,1498.66,hcp
celgene,Jürgen Wilhelm Maurer,Bäch SZ,Schweiz,Seestr. 164,,,,364.98,106.78,750,,1221.76,hcp
celgene,Karin Frey,Bern,Schweiz,Feiburgstr. 18,,,,,,,,0,hcp
celgene,Karolina Teresa Polchlopek,Genève,Schweiz,Rue Gabrielle-Perret-Gentil 4,,,,545.67,275.99,,,821.66,hcp
celgene,Katharina Casauro,Zürich,Schweiz,Rämistr. 100,,,,541.94,720.61,,,1262.55,hcp
celgene,Katya Ivanova,Basel,Schweiz,Petersgraben 4,,,,433.88,332.27,,,766.15,hcp
celgene,Kaveh Samii,Genève,Schweiz,Rue Gabrielle-Perret-Gentil 4,,,,,,1000,,1000,hcp
celgene,Kristine Heidemeyer,Bern,Schweiz,Freiburgstr. 18,,,,,,1000,,1000,hcp
celgene,Kurt Beretta,Rheinfelden,Schweiz,Kaiserstr. 8,,,,195.25,805.89,,,1001.14,hcp
celgene,Lars French,Zürich,Schweiz,Gloriastr. 31,,,,,,1500,,1500,hcp
celgene,Loretta Hasler,Biel/Bienne,Schweiz,Hans-Hugi-Str. 3,,,,,267.97,,,267.97,hcp
celgene,Manuela Saino,Renens VD,Schweiz,Avenue du Censuy 14,,,,1314.91,686.08,1000,,3000.99,hcp
celgene,Marc Erismann,St. Gallen,Schweiz,Rorschacherstr. 150,,,,,,500,,500,hcp
celgene,Marc Küng,Fribourg,Schweiz,Chemin des Pensionnats 2,,,,364.98,38.75,,,403.73,hcp
celgene,Marc Widmer,Wetzikon ZH,Schweiz,Bahnhofstr. 137,,,,849.92,-106.13,1000,,1743.79,hcp
celgene,Marc-André Schürch,Lausanne,Schweiz,Avenue de la Gare 10,,,,410,478.25,,,888.25,hcp
celgene,Marcel Lucas Müller,Wil SG,Schweiz,Obere Bahnhofstr. 1,,,,,,1000,,1000,hcp
celgene,Marco John Venuti,Romanshorn,Schweiz,Bahnhofstr. 3,,,,,,500,,500,hcp
celgene,Maria Waser,Luzern,Schweiz,Obergrundstr. 88,,,,849.92,-169.25,,,680.67,hcp
celgene,Marie Couret,Epalinges,Schweiz,Route De La Corniche 1,,,,,,1000,,1000,hcp
celgene,Mario Picozzi,Einsiedeln,Schweiz,Spitalstr. 26A,,,,443.17,327.35,1000,,1770.52,hcp
celgene,Marisa Crippa-Keller,Zürich,Schweiz,Bederstr. 51,,,,443.17,187.67,,,630.84,hcp
celgene,Mark David Anliker,Münsterlingen,Schweiz,Spitalcampus 1,,,,1314.91,557.82,1750,,3622.73,hcp
celgene,Martin Andres,Bern,Schweiz,Freiburgstr. 18,,,,1068.87,1542.92,,,2611.79,hcp
celgene,Martin Harald Micheluzzi,Heerbrugg,Schweiz,Marktstr. 4,,,,1314.91,95.18,,,1410.09,hcp
celgene,Martin Kälin,Winterthur,Schweiz,Brauerstr. 15,,,,802.31,438.2,,,1240.51,hcp
celgene,Martin Kurt Kägi,Zürich,Schweiz,Schaffhauserstr. 355,,,,728.01,5778.27,,,6506.28,hcp
celgene,Martin Widmer,Rorschach,Schweiz,St. Gallerstr. 50,,,,,,500,,500,hcp
celgene,Marzia Conti Beltraminelli,Pregassona,Schweiz,Via alle Vigne 7,,,,,387.72,,,387.72,hcp
celgene,Mathias Clemens Drach,Zürich,Schweiz,Gloriastr. 31,,,,,,1000,,1000,hcp
celgene,Matthew Goodyer,Sion,Schweiz,Avenue Grand-Champsec 86,,,,151.79,436.9,,,588.69,hcp
celgene,Matthias Stefan Siebert,Basel,Schweiz,Spitalstr. 21,,,,,344.77,,,344.77,hcp
celgene,Matthias Umbricht,Winterthur,Schweiz,Stadthausstr. 45,,,,319.33,789.69,,,1109.02,hcp
celgene,Max Solenthaler,Thun,Schweiz,Krankenhausstr. 12,,,,1613.99,5488.2,,,7102.19,hcp
celgene,Michael Bühlmann,Burgdorf,Schweiz,Oberburgstr. 54,,,,,,750,,750,hcp
celgene,Michael Dobbie,Porrentruy,Schweiz,Chemin de l'Hôpital 9,,,,364.98,-114.14,,,250.84,hcp
celgene,Michael Geiges,Kloten,Schweiz,Marktgasse 3,,,,,960.7,500,,1460.7,hcp
celgene,Michael Gütling,Winterthur,Schweiz,Marktgasse 46,,,,1314.91,709.95,,,2024.86,hcp
celgene,Michael Radenhausen,Gümligen,Schweiz,Worbstr. 312,,,,,,1000,,1000,hcp
celgene,Michael Seitz,Bern,Schweiz,Freiburgstr. 18,,,,,,500,,500,hcp
celgene,Michaela Sauter,Thun,Schweiz,Krankenhausstr. 12,,,,364.98,88.76,,,453.74,hcp
celgene,Michel Forni,Carouge GE,Schweiz,Avenue Cardinal-Mermillod 1,,,,,,625,,625,hcp
celgene,Michel Starobinski,Onex,Schweiz,Route De Chancy 98,,,,,,812.5,,812.5,hcp
celgene,Mounir Ziadé,Clarens,Schweiz,Rue du Lac 142,,,,,,1000,,1000,hcp
celgene,Natalie Fischer,Winterthur,Schweiz,Brauerstr. 15,,,,1068.87,5681.53,1750,,8500.4,hcp
celgene,Natalie Marcoli,Viganello,Schweiz,Via Pietro Capelli,,,,,,1000,,1000,hcp
celgene,Nathalie Irla Vuille,Zug,Schweiz,Gartenstr. 3,,,,1314.91,741.6,,,2056.51,hcp
celgene,Nazim Reshiti,St. Gallen,Schweiz,Rorschacherstr. 95,,,,,,1000,,1000,hcp
celgene,Nedzmidin Pelivani,Bern,Schweiz,Bollwerk 19,,,,1314.91,663.28,500,,2478.19,hcp
celgene,Nicola Keller,Morbio Inferiore,Schweiz,Via al Ponte 2,,,,,,1000,,1000,hcp
celgene,Nicolas Bonadies,Bern,Schweiz,Freiburgstr. 18,,,,545.67,59.45,,,605.12,hcp
celgene,Nicolas Ketterer,Lausanne,Schweiz,Avenue Du Servan 10,,,,534.43,5656.9,,,6191.33,hcp
celgene,Nicole Aepli-Schneider,Luzern,Schweiz,Landschaustr. 2,,,,849.92,133.53,1000,,1983.45,hcp
celgene,Nordwig Tomi,Weinfelden,Schweiz,Marktplatz 3,,,,1314.91,338.16,,,1653.07,hcp
celgene,Olaf Müller,Bern,Schweiz,Monbijoustr. 10,,,,,,500,,500,hcp
celgene,Paolo Servida,Viganello,Schweiz,Viale Pietro Capelli 1,,,,304.15,841.03,,,1145.18,hcp
celgene,Patrizia Carrozza,Bellinzona,Schweiz,Viale Stazione 16,,,,,,1000,,1000,hcp
celgene,Paul Bremi,Winterthur,Schweiz,Schaffhauserstr. 5,,,,443.17,314.44,,,757.61,hcp
celgene,Peter Häusermann,Basel,Schweiz,Petersgraben 4,,,,433.88,243.79,,,677.67,hcp
celgene,Philipp Fritsche,Appenzell,Schweiz,Sandgrube 27,,,,433.88,654.07,1000,,2087.95,hcp
celgene,Philippe von Burg,Solothurn,Schweiz,Schöngrünstr. 38,,,,,339.9,,,339.9,hcp
celgene,Photis Beris,Genève,Schweiz,Avenue Blanc 51,,,,,,812.5,,812.5,hcp
celgene,Piercarlo Saletti,Viganello,Schweiz,Viale Pietro Capelli 1,,,,900,285.65,,,1185.65,hcp
celgene,Pierre-André Guerne,Genève,Schweiz,Avenue Beau-Séjour 26,,,,410,,1250,,1660,hcp
celgene,Pierre-Yves Lovey,Sion,Schweiz,Avenue Grand-Champsec 86,,,,151.79,412.9,,,564.69,hcp
celgene,Rahel Hautle-Angst,St. Gallen,Schweiz,Vadianstr. 31,,,,364.98,38.75,,,403.73,hcp
celgene,Rainer Holger Frauendorf,Valens,Schweiz,Taminaplatz 1,,,,,,500,,500,hcp
celgene,Ralph Trüeb,Wallisellen,Schweiz,Bahnhofplatz 1a,,,,728.01,4613.46,3000,,8341.47,hcp
celgene,Raphael Haberthür,Breitenbach,Schweiz,Alice Vogt-Str. 2,,,,195.25,377.5,,,572.75,hcp
celgene,Regina Woelky,Frauenfeld,Schweiz,Pfaffenholzstr. 4,,,,541.94,788.88,,,1330.82,hcp
celgene,Reinhard Zenhäusern,Brig,Schweiz,Ueberlandstr. 14,,,,304.15,611.04,,,915.19,hcp
celgene,Reto Kühne,Zürich,Schweiz,Tièchestr. 99,,,,541.94,788.88,,,1330.82,hcp
celgene,Reto Widrig,St. Gallen,Schweiz,Spisergasse 26/28,,,,,,500,,500,hcp
celgene,Richard Walter,Dietikon,Schweiz,Bahnhofstr. 5,,,,443.17,314.44,,,757.61,hcp
celgene,Roger Burkhard,Zürich,Schweiz,Witellikerstr. 40,,,,619.36,685.56,,,1304.92,hcp
celgene,Ron Ammann,Thun,Schweiz,Seestr. 74,,,,,,1000,,1000,hcp
celgene,Rosanna Anita Zanetti-Dällenbach,Basel,Schweiz,Kleinriehenstr. 30,,,,802.31,384.14,,,1186.45,hcp
celgene,Rouven Müller,Zürich,Schweiz,Rämistr. 100,,,,,,750,100,850,hcp
celgene,Sabina Schacher-Kaufmann,Winterthur,Schweiz,Brauerstr. 15,,,,619.36,563.86,,,1183.22,hcp
celgene,Salome Riniker,St. Gallen,Schweiz,Rorschacherstr. 95,,,,802.31,438.2,,,1240.51,hcp
celgene,Saphira Rodenhausen,Luzern,Schweiz,Frankenstr. 2,,,,,,1000,44,1044,hcp
celgene,Sara Bastian,Chur,Schweiz,Loestr. 170,,,,619.36,563.86,,,1183.22,hcp
celgene,Sara Mach-Pascual,Chêne-Bougeries,Schweiz,Route de Chêne 110,,,,,,812.5,,812.5,hcp
celgene,Sibylle Stingelin Guerne,Versoix,Schweiz,Chemin J.-B.-Vandelle 10,,,,,461.67,,,461.67,hcp
celgene,Stefan Bachmann,Valens,Schweiz,Taminaplatz 1,,,,443.17,314.44,,,757.61,hcp
celgene,Stefan Greuter,Sargans,Schweiz,Bahnhofpark 2b,,,,372.42,329.05,,,701.47,hcp
celgene,Stefan Johannes Hummler,Luzern,Schweiz,Zentralstr. 1,,,,443.17,213.22,,,656.39,hcp
celgene,Stephan Dirnhofer,Basel,Schweiz,Schönbeinstr. 40,,,,767.03,,1750,,2517.03,hcp
celgene,Stephane Cochet,Lausanne,Schweiz,Avenue Alexandre-Vinet 19b,,,,151.79,421.57,,,573.36,hcp
celgene,Stéphane Künzli,Villars-sur-Glâne,Schweiz,Route De Moncor 12,,,,1314.91,686.08,,,2000.99,hcp
celgene,Susanna Crivelli-Ochsner,Frauenfeld,Schweiz,Pfaffenholzstr. 4,,,,364.98,184.96,,,549.94,hcp
celgene,Tatiana Makosz,Basel,Schweiz,Aeschenvorstadt 21,,,,,,1000,,1000,hcp
celgene,Thibaud Kössler,Genève,Schweiz,Rue Gabrielle-Perret-Gentil 4,,,,619.36,706.54,,,1325.9,hcp
celgene,Thomas Hügle,Basel,Schweiz,Spitalstr. 21,,,,,,1000,,1000,hcp
celgene,Thomas Lehmann,Bern,Schweiz,Bahnhofplatz 1,,,,443.17,91.22,500,,1034.39,hcp
celgene,Thomas Matthes,Genève,Schweiz,Rue Gabrielle-Perret-Gentil 4,,,,,,812.5,,812.5,hcp
celgene,Thomas von Briel,Zürich,Schweiz,Witellikerstr. 40,,,,846.09,585.45,,,1431.54,hcp
celgene,Ueli Christian Studer,Bern,Schweiz,Bahnhofplatz 1,,,,443.17,228.22,1000,,1671.39,hcp
celgene,Ulrich Brunner,Kloten,Schweiz,Kalchengasse 7,,,,,,500,,500,hcp
celgene,Ulrich Mey,Chur,Schweiz,Loestr. 170,,,,,,1750,,1750,hcp
celgene,Urs Bader,Zumikon,Schweiz,Geissacher 6,,,,433.88,654.07,,,1087.95,hcp
celgene,Urs Hess,St. Gallen,Schweiz,Rorschacherstr. 95,,,,,,1375,,1375,hcp
celgene,Urs Huber,Zürich,Schweiz,Seestr. 259,,,,412.19,377.5,,,789.69,hcp
celgene,Urs Müller,Sargans,Schweiz,Grossfeldstr. 79,,,,,,750,,750,hcp
celgene,Ursula Gansser,Einsiedeln,Schweiz,Schmiedenstr. 23,,,,1314.91,442.36,,,1757.27,hcp
celgene,Ursula Meierhofer,Zürich,Schweiz,Altstetterstr. 142,,,,,,500,18.7,518.7,hcp
celgene,Volker Kirchner,Genolier,Schweiz,Route du Muids 3,,,,,,500,,500,hcp
celgene,Willy Spirig,Olten,Schweiz,Aarauerstr. 55,,,,,,1000,,1000,hcp
celgene,Wolfgang Alexander Deglmann,Liestal,Schweiz,Wasserturmplatz 2,,,,433.88,-297.21,,,136.67,hcp
celgene,Wolfgang Thürlimann,Zürich,Schweiz,Forchstr. 55,,,,,,500,,500,hcp
celgene,Yves Chalandon,Genève,Schweiz,Rue Gabrielle-Perret-Gentil 4,,,,452.9,291.4,,,744.3,hcp
celgene,Yves Jaccard,Genolier,Schweiz,Route du Muids 3,,,,849.92,-86.93,,,762.99,hcp
celgene,Yves Lechleitner,Renens VD,Schweiz,Avenue du quatorze Avril 12,,,,,,1000,,1000,hcp
