company,name,location,country,address,uci,donations_grants,sponsorship,registration_fees,travel_accommodation,fees,related_expenses,total,type
cslbehring,AMACTI Associazione Medici Anestesisti del Canton Ticino,Lugano,Schweiz,Via Tesserete 48,,,3500,,,,,3500,hco
cslbehring,Association FoROMe,Lausanne,Schweiz,Av. Pierre-Decker 2,,,2500,,,,,2500,hco
cslbehring,Centre Hospitalier Universitaire Vaudois,Lausanne,Schweiz,Rue du Bugnon 46,,,3000,,,,,3000,hco
cslbehring,Centre Hospitalier Universitaire Vaudois,Lausanne,Schweiz,Rue du Bugnon 46,,,5000,,,,,5000,hco
cslbehring,Centre Hospitalier Universitaire Vaudois,Lausanne,Schweiz,Rue du Bugnon 46,,,,,,1000,,1000,hco
cslbehring,Centre Hospitalier Universitaire Vaudois,Lausanne,Schweiz,Rue du Bugnon 46,,,8431,,,,,8431,hco
cslbehring,Centro Pediatrico del Mendrisiotto,Mendrisio,Schweiz,Via Beroldingen 26,,,1500,,,,,1500,hco
cslbehring,Clinica Luganese Moncucco SA,Lugano,Schweiz,Via Mocucco 10,,,1500,,,,,1500,hco
cslbehring,Coagulation Latine,Lausanne,Schweiz,Rue du Bugnon 46,,,32000,,,1500,,33500,hco
cslbehring,Groupe des Pneumologues Genevois,Genève,Schweiz,Rue Hugo de Senger 1,,,2000,,,,,2000,hco
cslbehring,GSASA Schweizerischer Verein der Amts- und Spitalapotheker,Bern,Schweiz,Geschäftsstelle,,15000,22900,,,,3400,41300,hco
cslbehring,HICC GmbH,St. Gallen,Schweiz,Frohbergstr. 3,,,5500,,,,,5500,hco
cslbehring,Hôpitaux Universitaires de Genève,Genève,Schweiz,Rue Gabrielle-Perret-Gentil 4,,35000,,,,,,35000,hco
cslbehring,Hôpitaux Universitaires de Genève,Genève,Schweiz,Rue Gabrielle-Perret-Gentil 4,,,5800,,,,,5800,hco
cslbehring,Hôpitaux Universitaires de Genève,Genève,Schweiz,Rue Gabrielle-Perret-Gentil 4,,14000,,,,,,14000,hco
cslbehring,Hôpitaux Universitaires de Genève,Genève,Schweiz,Rue Gabrielle-Perret-Gentil 4,,,2500,,,,,2500,hco
cslbehring,Hôpitaux Universitaires de Genève,Genève,Schweiz,Rue Gabrielle-Perret-Gentil 4,,,11950,,,,,11950,hco
cslbehring,Inselspital,Bern,Schweiz,Freiburgstr.,,,,,,,3000,3000,hco
cslbehring,Inselspital,Bern,Schweiz,Freiburgstr.,,22000,,,,,,22000,hco
cslbehring,Inselspital,Bern,Schweiz,Freiburgstr.,,,7500,,,,,7500,hco
cslbehring,Inselspital,Bern,Schweiz,Freiburgstr.,,,1000,,,,,1000,hco
cslbehring,Inselspital,Bern,Schweiz,Freiburgstr.,,,6944.45,,,,,6944.45,hco
cslbehring,Interregionale Blutspende SRK AG,Bern,Schweiz,Murtenstr. 133,,,5000,,,,,5000,hco
cslbehring,Kantonsspital St. Gallen,St. Gallen,Schweiz,Rorschacherstr. 111,,,6000,,,,,6000,hco
cslbehring,Kantonsspital Aarau,Aarau,Schweiz,Tellstr.,,,1500,,,,,1500,hco
cslbehring,Kantonsspital Graubünden,Chur,Schweiz,Loestr. 170,,,2000,,,,,2000,hco
cslbehring,Kantonsspital St. Gallen,St. Gallen,Schweiz,Rorschacherstr. 95,,,5000,,,,,5000,hco
cslbehring,Kenes International,Genève,Schweiz,Rue François-Versonnex 7,,12930,,,,,,12930,hco
cslbehring,Luzerner Kantonsspital,Luzern,Schweiz,Spitalstr.,,,5000,,,,,5000,hco
cslbehring,Luzerner Kantonsspital,Luzern,Schweiz,Spitalstr.,,,,,,1000,,1000,hco
cslbehring,Medinorma Sarl,Rolle,Schweiz,Grand Rue 34,,,1500,,,,,1500,hco
cslbehring,MediService AG,Zuchwil,Schweiz,Ausserfeldweg 1,,,,,,19630,,19630,hco
cslbehring,Neurocentro della Svizzera Italiana NSI,Lugano,Schweiz,Ospedale Regionale di Lugano,,,2500,,,,,2500,hco
cslbehring,Policlinique Médicale Universitaire,Lausanne,Schweiz,Rue du Bugnon 44,,,,,,2090,,2090,hco
cslbehring,Schweizer Kinderkrebsregister,Bern,Schweiz,Finkenhubelweg 11,,2000,,,,,,2000,hco
cslbehring,Schweizerische Gesellschaft für Cystische Fibrose,Bern,Schweiz,Altenbergstr. 29,,,1000,,,,,1000,hco
cslbehring,Schweizerische Gesellschaft für Hämatologie,Münsingen,Schweiz,Innerer Geissenweg,,,500,,,,,500,hco
cslbehring,Schweizerische Gesellschaft für Herz- und thorakale Gefässchirurgie,Bern,Schweiz,Münstergasse 72,,,1530,,,,,1530,hco
cslbehring,SGI Schweizerische Gesellschaft für Intensivmedizin,Basel,Schweiz,Münsterberg 1,,,5310,,,,,5310,hco
cslbehring,Schweizerische Gesellschaft für Kardiologie,Bern,Schweiz,Dufourstr. 30,,,1530,,,,,1530,hco
cslbehring,Schweizerische Gesellschaft für Neuropädiatrie,Oberentfelden,Schweiz,Blumenweg 13,,,1000,,,,,1000,hco
cslbehring,Schweizerische Gesellschaft für Oto-Rhino-Laryngologie,Basel,Schweiz,Münsterberg 1,,,10500,,,,,10500,hco
cslbehring,Schweizerische Gesellschaft für Pädiatrie,Fribourg,Schweiz,Postfach,,,6120,,,,,6120,hco
cslbehring,Schweizerische Gesellschaft für Pneumologie,Bern,Schweiz,Chutzenstr. 10,,,1530,,,,,1530,hco
cslbehring,Schweizerische Neurologische Gesellschaft,Basel,Schweiz,Münsterberg 1,,,18000,,,,,18000,hco
cslbehring,Swiss Association of Obstetric Anästhesia SAOA,Basel,Schweiz,"Universitätsspital Basel, Petersgraben 4",,,2000,,,,,2000,hco
cslbehring,Swiss Federation of Clinical Neurosciences SFCNS,Basel,Schweiz,Münsterberg 1,,,13140,,,,,13140,hco
cslbehring,Swiss Haemophilia Network,Zürich,Schweiz,Steinwiesstr. 75,,,5000,,,,4000,9000,hco
cslbehring,Universität Bern,Bern,Schweiz,Murtenstr. 40,,,3000,,,,,3000,hco
cslbehring,Universität Bern,Bern,Schweiz,Freiburgstr.,,,1500,,,,,1500,hco
cslbehring,Universität Bern,Bern,Schweiz,Freienstr. 3,,,2500,,,,,2500,hco
cslbehring,Universitäts-Kinderspital Zürich,Zürich,Schweiz,Steinwiesstr. 75,,,900,,,,,900,hco
cslbehring,Universitäts-Kinderspital Zürich,Zürich,Schweiz,Steinwiesstr. 75,,26088,,,,,,26088,hco
cslbehring,Universitäts-Kinderspital Zürich,Zürich,Schweiz,Steinwiesstr. 75,,50480,2000,,,,,52480,hco
cslbehring,Universitäts-Kinderspital Zürich,Zürich,Schweiz,Steinwiesstr. 75,,,1500,,,,,1500,hco
cslbehring,Universitätsspital Basel,Basel,Schweiz,Spitalstr. 21,,,2000,,,,,2000,hco
cslbehring,Universitätsspital Basel,Basel,Schweiz,Petersgraben 4,,60000,1000,,,,,61000,hco
cslbehring,UniversitätsSpital Zürich,Zürich,Schweiz,Frauenklinikstr. 26,,1000,,,,,,1000,hco
cslbehring,UniversitätsSpital Zürich,Zürich,Schweiz,Rämistr. 100,,100000,4500,,,1500,,106000,hco
cslbehring,Universität Basel,Basel,Schweiz,Klingelbergstr. 50,,,1000,,,,,1000,hco
cslbehring,Alexandra Lenoir,Lausanne,Schweiz,"Centre Hospitalier Universitaire Vaudois (CHUV), Rue du Bugnon 46",,,,491,2355.6,,,2846.6,hcp
cslbehring,Alessandro Casini,Genève,Schweiz,"Hôpitaux Universitaires de Genève (HUG), Rue Gabrielle-Perret-Gentil 4",,,,,5658.87,24659,,30317.87,hcp
cslbehring,Andrea Mauracher,Zürich,Schweiz,"Universitätskinderspital Zürich, Steinwiesstr. 75",,,,,,1000,,1000,hcp
cslbehring,Andreas Scherr,Basel,Schweiz,"Universitätsspital Basel, Petersgraben 4",,,,,,,1000,1000,hcp
cslbehring,Anna Gschwend,Bern,Schweiz,"Inselspital, Freiburgstr.",,,,472.33,1121.75,,,1594.08,hcp
cslbehring,Anne-Valérie Burgener,Basel,Schweiz,"Universitätsspital Basel, Petersgraben 4",,,,472.35,943.64,,,1415.99,hcp
cslbehring,Arthur Helbling,Bern,Schweiz,"Inselspital, Freiburgstr.",,,,,,3000,,3000,hcp
cslbehring,Benoit Lechartier,Lausanne,Schweiz,"Centre Hospitalier Universitaire Vaudois (CHUV), Rue du Bugnon 46",,,,212.9,1908.3,,,2121.2,hcp
cslbehring,Chrisitan Kahlert,St. Gallen,Schweiz,"Kantonsspital St. Gallen, Rorschacherstr. 95",,,,472.33,999.09,,,1471.42,hcp
cslbehring,Christian Benden,Zürich,Schweiz,"Universitätsspital Zürich, Rämistr. 100",,,,464,2354.1,,,2818.1,hcp
cslbehring,Christoph Kronauer,Zürich,Schweiz,"LungenZentrum Im Park, Kappelistr. 7",,,,635.2,2451.35,,,3086.55,hcp
cslbehring,Claudia Steurer-Stey,Zürich,Schweiz,"Universitätsspital Zürich, Institut für Hausarztmedizin",,,,,,1000,,1000,hcp
cslbehring,Daniel Surbek,Bern,Schweiz,"Inselspital, Freiburgstr.",,,,,,,146,146,hcp
cslbehring,David Spoerl,Genève,Schweiz,"Hôpitaux Universitaires de Genève (HUG), Rue Gabrielle-Perret-Gentil 4",,,,251.25,755.3,,,1006.55,hcp
cslbehring,Elisabeth Probst-Müller,Zürich,Schweiz,"Universitätsspital Zürich, Gloriastr. 23",,,,472.35,1053.75,,,1526.1,hcp
cslbehring,Francesca Conti,Lausanne,Schweiz,"Centre Hospitalier Universitaire Vaudois (CHUV), Rue du Bugnon 46",,,,181.65,,,,181.65,hcp
cslbehring,Françoise Boehlen,Genève,Schweiz,"Hôpitaux Universitaires de Genève (HUG), Rue Gabrielle-Perret-Gentil 4",,,,,,1000,,1000,hcp
cslbehring,Géraldine Blanchard,Genève,Schweiz,"Hôpitaux Universitaires de Genève (HUG), Rue Gabrielle-Perret-Gentil 4",,,,581.9,1208.35,,,1790.25,hcp
cslbehring,Gianluca Calderari,Lugano,Schweiz,Corso Pestalozzi 11,,,,,,1000,,1000,hcp
cslbehring,Guiseppe Colucci,Lugano,Schweiz,"Clinica Luganese, Via Moncucco",,,,262.1,,,,262.1,hcp
cslbehring,Heinz Hengartner,St. Gallen,Schweiz,"Ostschweizer Kinderspital, Claudiusstr. 6",,,,,,1000,,1000,hcp
cslbehring,Hugo Ubieto,St. Gallen,Schweiz,"Ostschweizer Kinderspital, Claudiusstr. 6",,,,472.33,999.09,,,1471.42,hcp
cslbehring,Johannes Rischewski,Luzern,Schweiz,Luzerner Kantonsspital Spitalstr.,,,,472.3,731.45,5000,179.9,6383.65,hcp
cslbehring,Jörg Seebach,Genève,Schweiz,"Hôpitaux Universitaires de Genève (HUG), Rue-Micheli-du-Crest 24",,,,,,,104,104,hcp
cslbehring,Luca Bernasconi,Aarau,Schweiz,"Kantonsspital Aarau, Tellstr.",,,,472.35,968.08,,,1440.43,hcp
cslbehring,Malcolm Kohler,Zürich,Schweiz,"Universitätsspital Zürich, Rämistr. 100",,,,,,2000,,2000,hcp
cslbehring,Marc Heizmann,Aarau,Schweiz,"Kantonsspital Aarau, Tellstr.",,,,,,,1000,1000,hcp
cslbehring,Marc Stelle,Genève,Schweiz,"Hôpitaux Universitaires de Genève (HUG), Rue Gabrielle-Perret-Gentil 4",,,,581.9,861,,,1442.9,hcp
cslbehring,Marcel Bergmann,Mendrisio,Schweiz,"Centro Pediatrico del Mendrisiotto, Via Beroldingen 26",,,,435.5,1482.6,,,1918.1,hcp
cslbehring,Martin Glatz,Zürich,Schweiz,"Universitätsspital Zürich, Gloriastr. 31",,,,435.5,1196.9,,,1632.4,hcp
cslbehring,Michaela Fux,Bern,Schweiz,"Inselspital, Freiburgstr.",,,,,,1000,,1000,hcp
cslbehring,Mike Recher,Basel,Schweiz,"Universitätsspital Basel, Petersgraben 4",,,,,,,1000,1000,hcp
cslbehring,Nikolay Pavlov,Bern,Schweiz,"Inselspital, Freiburgstr.",,,,212.89,2489.66,,,2702.55,hcp
cslbehring,Sebastian Robert Ott,Bern,Schweiz,"Inselspital, Freiburgstr.",,,,,,3000,,3000,hcp
cslbehring,Tayfun Güngör,Zürich,Schweiz,"Universitätskinderspital Zürich, Steinwiesstr. 75",,,,533.34,988.75,,,1522.09,hcp
cslbehring,Thierry Kuntzer,Lausanne,Schweiz,"Centre Hospitalier Universitaire Vaudois (CHUV), Rue du Bugnon 46",,,,441.4,991.5,,,1432.9,hcp
cslbehring,Thomas Brack,Glarus,Schweiz,"Kantonsspital Glarus, Burgstr. 99",,,,,2425.6,,,2425.6,hcp
cslbehring,Thomas Kühne,Basel,Schweiz,"Universitäts-Kinderspital beider Basel, Spitalstr. 33",,,,,,,1000,1000,hcp
cslbehring,Ulrich Siler,Zürich,Schweiz,"Universitätsspital Zürich, August Forel Str. 7",,,,472.3,802.5,,,1274.8,hcp
cslbehring,Yannik Muller,Genève,Schweiz,"Hôpitaux Universitaires de Genève (HUG), Rue Gabrielle-Perret-Gentil 4",,,,581.9,1537,,,2118.9,hcp
