company,name,location,country,address,uci,donations_grants,sponsorship,registration_fees,travel_accommodation,fees,related_expenses,total,type
daiichi,Ärztenetzwerk Grauholz,Worblentalstrasse 99,Schweiz,Ittigen,,,2000,,,,,2000,hco
daiichi,Ärztev. Werdenberg/Sarganserland,Hans Albrecht-Strasse 1,Schweiz,Bad Ragaz,,,1500.001,,,,,1500.001,hco
daiichi,Association d'Aesculape,Rue Verdaine 8a,Schweiz,Lutry,,,2000,,,,,2000,hco
daiichi,Bündner Oberländer Ärzteverein,Sumsiaras 117b,Schweiz,Vella,,,1000,,,,,1000,hco
daiichi,Cabinet Dr Féraud Pierre,Rue du Chanoine-Berchtold 26,Schweiz,Sion,,,1000,,,,,1000,hco
daiichi,Cabinet Dr Jop Bertrand,Avenue De La Gare 8,Schweiz,Martigny,,,1000.001,,,,,1000.001,hco
daiichi,Cabinet Dr Keller Pierre,Rue De La Maltière 10,Schweiz,Delémont,,,992,,,,,992,hco
daiichi,Cabinet Dr Park Chan-II,Avenue Jean-Daniel Maillard 11,Schweiz,Meyrin,,,,,,,500,500,hco
daiichi,Cabinet Dr Roffler Jakob,Rue De L'ancien Lavoir 10,Schweiz,Anières,,,1000,,,,,1000,hco
daiichi,Cardiance Clinic AG,Zentrum Staldenbach 5/7,Schweiz,Pfäffikon SZ,,,,,,,,,hco
daiichi,CHUV Centre Hospitalier Universitaire Vaudois,Rue du Bugnon 21,Schweiz,Lausanne,,,4000,,,,3600,7600,hco
daiichi,Clinique le Noirmont,Chemin de Roc-Montès 20,Schweiz,Le Noirmont,,,1000,,,,,1000,hco
daiichi,DOXnet,Kappelenring 6,Schweiz,Hinterkappelen,,,3000,,,,,3000,hco
daiichi,Fondation GECOR,Rue Micheli-du-Crest 24,Schweiz,Genève,,,1000,,,,,1000,hco
daiichi,Fondation Romande de Cardiologie,Avenue Charles-ferdinand Ramuz 9,Schweiz,Lausanne,,,13000,,,,,13000,hco
daiichi,Fondazione Cardiocentro Ticino,Via Tesserete 48,Schweiz,Lugano,,,,,,,2300,2300,hco
daiichi,Fonds. Scientif. Cardiovasculaire,Boulevard de Pérolles,Schweiz,Fribourq,,,2500,,,,,2500,hco
daiichi,FORTE Echo GmbH,Dorfstrasse 38,Schweiz,Baar,,,20000,,,,,20000,hco
daiichi,Forum für medizinische Fortbildung,Ahornstrasse 2,Schweiz,Zug,,,30000,,,,,30000,hco
daiichi,Gemeinschaftspraxis Stegstrasse,Stegstrasse 33,Schweiz,Pfäffikon SZ,,,1000,,,,,1000,hco
daiichi,HerzGefässStiftung,Seestrasse 220,Schweiz,Zürich,,,12500,,,,,12500,hco
daiichi,HFR Meyriez-Murten,Chemin du Village 24,Schweiz,Murten,,,5000,,,,,5000,hco
daiichi,"HIB, Site Estavayer-le-Lac",Rue de la Rochette,Schweiz,Estavayer-Ie-Lac,,,2000,,,,,2000,hco
daiichi,HICC,Frohbergstrasse 3,Schweiz,St. Gallen,,,5500,,,,,5500,hco
daiichi,Hôpital de Morges,Chemin du Crêt 2,Schweiz,Morges,,,1000,,,,,1000,hco
daiichi,Hôpital du Jura Bernois SA,Les Fontenayes 17,Schweiz,St-Imier,,,2500,,,,,2500,hco
daiichi,Hôpital du Valais,Avenue Grand-Chamosec 86,Schweiz,Sion,,,4000,,,,,4000,hco
daiichi,Hôpital La Tour Réseau de Soins,Avenue Jean-Dariel Maillard 3,Schweiz,Meyrin,,,,,,,500,500,hco
daiichi,IHAM&CC Luzern,Schwanenplatz 7,Schweiz,Luzern,,,10000,,,,,10000,hco
daiichi,Insel Gruppe AG,Freiburgstrasse 8,Schweiz,Bern,,,29500,,,,,29500,hco
daiichi,Kantonsspital Aarau,Tellstrasse,Schweiz,Aarau,,,3000,,,,,3000,hco
daiichi,Kantonsspital Baden,Im Ergel 1,Schweiz,Baden,,,10500,,,,,10500,hco
daiichi,Kantonsspital Frauenfeld,Pfaffenholzstrasse 4,Schweiz,Frauenfeld,,,2000,,,,,2000,hco
daiichi,Kantonsspital Graubünden,Loestrasse 170,Schweiz,Chur,,,7000,,,,,7000,hco
daiichi,Kantonsspital Münsterlingen,Spitalcampus 1,Schweiz,Münsterlingen,,,1000,,,,,1000,hco
daiichi,Kantonsspital Nidwalden,Ennetmooserstrasse 19,Schweiz,Stans,,,8000,,,,,8000,hco
daiichi,Kantonsspital Olten,Baslerstrasse 150,Schweiz,Olten,,,800,,,,,800,hco
daiichi,Kantonsspital St. Gallen,Rorschacher Strasse 95,Schweiz,St. Gallen,,,11000,,,,1500,12500,hco
daiichi,KGP,Schänzlistrasse 33,Schweiz,Bern,,,7000,,,,,7000,hco
daiichi,Klinik Barmelweid AG,Barmelweid,Schweiz,Barmelweid,,,,,,,1200,1200,hco
daiichi,Kollegium für Hausarztmedizin,Rue de l’Hôpital 15,Schweiz,Fribourg,,,,7500,7865,,,15365,hco
daiichi,Luzemer Kantonsspital,Spitalstrasse 31,Schweiz,Luzern,,,12500,,,,2400,14900,hco
daiichi,Mci Suisse,Rue De Lyon 75,Schweiz,Genève,,,8300,,,,,8300,hco
daiichi,Med Art Basel c/o Universitätsspital Basel,Klingelbergstrasse 23,Schweiz,Basel,,,10000,,,,,10000,hco
daiichi,Médecins de Famille Genève,Rue du Conseil-Général 11,Schweiz,Genève,,,4000,,,,,4000,hco
daiichi,Medworld AG,Sennweidstrasse 46,Schweiz,Steinhausen,,,9540,,,,,9540,hco
daiichi,Neurozentrum Oberaargau,St. Urbanstrasse 67,Schweiz,Langenthal,,,1000,,,,,1000,hco
daiichi,Ospedale Bellinzona e Valli EOC,Via Ospedale,Schweiz,Bellinzona,,,5000,,,,,5000,hco
daiichi,Ospedale Regionale di Lugano,Via Tesserete 46,Schweiz,Luqano,,,1728,,,,,1728,hco
daiichi,Praxis Dr. Schild Christoph,Worbstrasse 312,Schweiz,Gümligen,,,,,,,1200,1200,hco
daiichi,Quadrimed,,Schweiz,Crans-Montana,,,13264,,,,,13264,hco
daiichi,RSBJ,Rue des Rosiers 29,Schweiz,Ste-Croix,,,2000,,,,,2000,hco
daiichi,Schw. Hypertonie Ges.(SHG),Schwarztorstrasse 18,Schweiz,Bern,,,1000,,,,,1000,hco
daiichi,Schweizerische Gesellschaft für Manuelle Medizin,Postfach 148,Schweiz,St. Gallen,,,6375,,,,,6375,hco
daiichi,See-Spital Horgen,Asylstrasse 19,Schweiz,Horgen,,,1000,,,,,1000,hco
daiichi,SHRS Schweizerische Herzrhythmus Stiftung,Schänzlistrasse 33,Schweiz,Bern,,,6500,,,,,6500,hco
daiichi,Solothurner Spitäler AG,Schöngrünstrasse 36a,Schweiz,Solothurn,,,2000,,,,,2000,hco
daiichi,Spital Aarberg,Lyssstrasse 31,Schweiz,Aarberg,,,2400,,,,,2400,hco
daiichi,Spital Herisau,Spitalstrasse 6,Schweiz,Herisau,,,1000,,,,,1000,hco
daiichi,Spital Schwyz,Waldeggstrasse 10,Schweiz,Schwyz,,,3000,,,,,3000,hco
daiichi,Spitalregion Fürstenland Toggenburg SRFT,Fürstenlandstrasse 32,Schweiz,Will SG,,,2800,,,,,2800,hco
daiichi,Spitalzentrum Oberwallis,Überlandstrasse 14,Schweiz,Brig,,,,,,,1000,1000,hco
daiichi,Stadtspital Triemli,Birmensdorferstrasse 497,Schweiz,Zürich,,,5000,,,,,5000,hco
daiichi,Stiftung für Herz- und Kreislauf,Moussonstrasse 4,Schweiz,Zürich,,,4000,,,,,4000,hco
daiichi,Universitätsspital Basel,Klingelberastrasse 23,Schweiz,Basel,,31500,74000,,,,3000,108500,hco
daiichi,UniversitätsSpital Zürich,Rämistrasse 100,Schweiz,Zürich,,,5500,,,,,5500,hco
daiichi,USGG - Schweizerischer Gesellschaften für Gefässkrankheiten,Kolumbanstrasse 2,Schweiz,St. Gallen,,,13560,,,,,13560,hco
daiichi,Verein Lunge Zürich,Pfingstweidstrasse 10,Schweiz,Zürich,,,4000,,,,,4000,hco
daiichi,Vereinigung Zürcher Internisten,Felsenhofstrasse 36,Schweiz,Adliswil,,,3800.001,,,,,3800.001,hco
daiichi,Zürcher Gesundheitsnetz ZGN,Garnmarkt 1,Schweiz,Winterthur,,,5000,,,,,5000,hco
daiichi,Allemann,Chemin de Pré-Vert 42,Schweiz,Bulle,,,,,,1200,,1200,hcp
daiichi,Altwegg,Kleinriehenstrasse 30,Schweiz,Basel,,,,541,1061,,,1602,hcp
daiichi,Anderegg,Talgut-Zentrum 5,Schweiz,Ittigen,,,,,,500,,500,hcp
daiichi,Asmis,Hufgasse 17,Schweiz,Zürich,,,,,,1200,,1200,hcp
daiichi,Baeriswyl,Boulevard de Pérolles,Schweiz,Fribourg,,,,400,614,,,1014,hcp
daiichi,Battegay,Rämistrasse 100,Schweiz,Zürich,,,,,,1500,,1500,hcp
daiichi,Baumgartner,Freiburgstrasse 4,Schweiz,Bern,,,,,,2000,686,2686,hcp
daiichi,Berney,Chemin de Rovéréaz 5,Schweiz,Lausanne,,,,,,500,,500,hcp
daiichi,Bues Hebeisen,Aeschenbrunnmattstrasse 9,Schweiz,Bremgarten b. Bern,,,,160,,,,160,hcp
daiichi,Burgan,Rue de Contamines 26,Schweiz,Genève,,,,,,500,,500,hcp
daiichi,Chappuis,Chemin Beau-Soleil 12,Schweiz,Genève,,,,400,872,,,1272,hcp
daiichi,Chatelain,Rue Emile-Yung 4,Schweiz,Genève,,,,,,1200,,1200,hcp
daiichi,Chételat,Thunstrasse 2,Schweiz,Bern,,,,,,500,,500,hcp
daiichi,Ehrler,Kantonsstrasse 130,Schweiz,Horw,,,,,,240,,240,hcp
daiichi,Fatio-Fagundes,Kasinostrasse 3,Schweiz,Zürich,,,,,,1000,,1000,hcp
daiichi,Finci,Chemin de la Caroline 2,Schweiz,Petit-Lancy,,,,,,500,,500,hcp
daiichi,Fischer,Brauerstrasse 15,Schweiz,Winterthur,,,,,,1200,,1200,hcp
daiichi,Fontana,Rue Gabriele-Perret-Gentil 4,Schweiz,Genève,,,,,,1000,,1000,hcp
daiichi,Friedli-Jordan,Höheweg 2,Schweiz,Interlaken,,,,160,,,,160,hcp
daiichi,Fuhrknann,Moosweg 11,Schweiz,Ostermundigen,,,,,,240,,240,hcp
daiichi,Gabathuler,Rue de la Fontenette 29,Schweiz,Carouge GE,,,,400,334,,,734,hcp
daiichi,Galli,Frenkenstrasse 19,Schweiz,Hölstein,,,,,,350,,350,hcp
daiichi,Garachemani,Bremgartenstrasse 119,Schweiz,Bern,,,,,,1200,,1200,hcp
daiichi,Grisel,Chemln du Verger 3,Schweiz,Collombey,,,,400,608,,,1008,hcp
daiichi,Hagmann,Chemin du Pré de la Tour 12,Schweiz,Pully,,,,,,500,,500,hcp
daiichi,Hansi,Im Ergel 1,Schweiz,Baden,,,,,,500,,500,hcp
daiichi,Hebeisen,Aeschenbrunnmattstrasse 9,Schweiz,Bremgarten b. Bern,,,,160,,,,160,hcp
daiichi,Hoffmann,Rue Maurice-Braillard 8,Schweiz,Genève,,,,400,520,500,,1420,hcp
daiichi,Hügli,Egghölzliweg 4a,Schweiz,Muri b. Bern,,,,160,,,,160,hcp
daiichi,Kägi,Rorschacher Strasse 95,Schweiz,St. Gallen,,,,,,1200,,1200,hcp
daiichi,Karatolios,Bruderholzallee 53,Schweiz,Basel,,,,,,350,,350,hcp
daiichi,Kaspar,Witellikerstrasse 40,Schweiz,Zürich,,,,,,1200,,1200,hcp
daiichi,Keller,Rue De La Maltière 10,Schweiz,Delémont,,,,400,483,,,883,hcp
daiichi,Kitschmann,Frohwiesstrasse 24,Schweiz,Pfäffikon ZH,,,,160,,,,160,hcp
daiichi,Krause,Krankenhausstrasse 12,Schweiz,Thun,,,,,,500,,500,hcp
daiichi,Kummer,Habich-Dietschy-Strasse 18,Schweiz,Rheinfelden,,,,,,2400,,2400,hcp
daiichi,Künzle,Morgartenstrasse 6,Schweiz,Luzern,,,,,,240,,240,hcp
daiichi,Landolt,Rue de la Gare 13,Schweiz,Morges,,,,,,500,,500,hcp
daiichi,Lehner,Schulweg 17,Schweiz,Buchs AG,,,,,,500,,500,hcp
daiichi,Lemberger,Frohwiesstrasse 24,Schweiz,Pfäffikon ZH,,,,160,,,,160,hcp
daiichi,Louma,Südbahnhofstrasse 2,Schweiz,Bern,,,,,,240,,240,hcp
daiichi,Luder,Höheweg 2,Schweiz,Interlaken,,,,160,,,,160,hcp
daiichi,Lüscher,Rämistrasse 100,Schweiz,Zürich,,,,,,1200,,1200,hcp
daiichi,Mattle,Freiburgstrasse 18,Schweiz,Bern,,,,,,4000,659,4659,hcp
daiichi,Meier,Freiburgstrasse 4,Schweiz,Bern,,,,,,1500,,1500,hcp
daiichi,Meyer,Krankenhausstrasse 14,Schweiz,Oberdiessbach,,,,,,240,,240,hcp
daiichi,Mitteregger,Arigstrasse 17,Schweiz,Buttisholz,,,,,,240,,240,hcp
daiichi,Pellaton,Rue de la Maladière 45,Schweiz,Neuchâtel,,,,,,1200,,1200,hcp
daiichi,Popova Stefanova,Route De Renens 24,Schweiz,Prilly,,,,,,500,,500,hcp
daiichi,Puricel,Chemin des Pensionnats 2,Schweiz,Fribourg,,,,,725,,,725,hcp
daiichi,Rüegg,Bottigenstrasse 6,Schweiz,Bern,,,,541,1267,,,1808,hcp
daiichi,Rutsch,Frohwiesstrasse 24,Schweiz,Pfäffikon ZH,,,,160,,,,160,hcp
daiichi,Savic,Avenue de Savoie 10,Schweiz,Lausanne,,,,400,643,1700,,2743,hcp
daiichi,Schär,Petersgraben 4,Schweiz,Basel,,,,55,773,,,828,hcp
daiichi,Schär,Mettlengässli 2,Schweiz,Muri b. Bern,,,,160,,500,,660,hcp
daiichi,Schindewolf,Frefourgstrasse 4,Schweiz,Bern,,,,,,1200,,1200,hcp
daiichi,Schopfer,Rue Maurice-Braillard 8,Schweiz,Genève,,,,400,723,,,1123,hcp
daiichi,Schröder,Einschlagstrasse 58a,Schweiz,Egerkingen,,,,,,350,,350,hcp
daiichi,Schwäger,Rämistrasse 100,Schweiz,Zürich,,,,55,,,,55,hcp
daiichi,Segginger,Kappelenring 6,Schweiz,Hinterkappelen,,,,160,,,,160,hcp
daiichi,Sidler-Künzli,Pilatusstrasse 45,Schweiz,Basel,,,,,,350,,350,hcp
daiichi,Signorell,Gürtelstrasse 46,Schweiz,Chur,,,,55,996,,,1051,hcp
daiichi,Simlc,Bielstrasse 109,Schweiz,Solothurn,,,,,,240,,240,hcp
daiichi,Speiser,Schönburgstrasse 19,Schweiz,Bern,,,,,,240,,240,hcp
daiichi,Stähli,Waldeggstrasse 10,Schweiz,Schwyz,,,,,,1200,,1200,hcp
daiichi,Steffel,Rämistrasse 100,Schweiz,Zürich,,,,,470,12200,52,12722,hcp
daiichi,Steiger,Thunstrasse 13,Schweiz,Bern,,,,,,240,,240,hcp
daiichi,Stockhausen,Florastrasse 14,Schweiz,Olten,,,,,,500,,500,hcp
daiichi,Streich,Olympiaweg 1,Schweiz,Ortschwaben,,,,160,,,,160,hcp
daiichi,Tâche,Rue de la Rochette,Schweiz,Estavayer-Ie-Lac,,,,400,673,,,1073,hcp
daiichi,Tsakiris,Petersgraben 4,Schweiz,Basel,,,,,,3000,,3000,hcp
daiichi,Tschanz,Schwendi 299,Schweiz,Heiligenschwendi,,,,,,500,,500,hcp
daiichi,Waser,Obergrundstrasse 88,Schweiz,Luzern,,,,,,1200,,1200,hcp
daiichi,Wüthrich,Kantonsstrasse 130,Schweiz,Horw,,,,,,240,,240,hcp
daiichi,Wyss,Belmontstrasse 1,Schweiz,Chur,,,,55,1030,,,1085,hcp
