company,name,location,country,address,uci,donations_grants,sponsorship,registration_fees,travel_accommodation,fees,related_expenses,total,type
eisai,Brustzentrum Regio Basiliensis,Allschwil,Schweiz,Brennerstr. 12,,,1000,,,,,1000,hco
eisai,Centre de Chimiothérapie Anti-Cancéreuse,Lausanne,Schweiz,Avenue Vinet 19,,,1000,,,,,1000,hco
eisai,Centre Hospitalier Universitaire,Lausanne,Schweiz,Rue du Bugnon,,,,,,1849.6,,1849.6,hco
eisai,CHUV- HOSPICES Service de neurologie,Lausanne,Schweiz,Rue du Bugnon,,,6886,,,,63.45,6949.45,hco
eisai,Ente Ospedaliero Cantonale,Bellinzona,Schweiz,,,,2740.8,174.08,,,,2914.88,hco
eisai,ESIO e.V.,Richterswil,Schweiz,Dorfstr.,,,500,,,,,500,hco
eisai,Forome Association romande pour la formation,Lausanne,Schweiz,Rue du Bugnon,,,1500,,,,,1500,hco
eisai,Hopitaux Universitaire de Geneve Secteur facturation aux tiers,Chêne-Bourg,Schweiz,Chemin du Petit-Bel-Air 2,,,2000,,,,,2000,hco
eisai,Institution de Lavigny,Lavigny,Schweiz,Route du Vignoble,,,1000,,,,,1000,hco
eisai,Kantonspital St. Gallen Brustzentrum,St. Gallen,Schweiz,,,,2160,,,,,2160,hco
eisai,Kantonsspital Baden,Baden,Schweiz,,,,500,,,,,500,hco
eisai,Kantonsspital Graubünden,Chur,Schweiz,Loestr.,,,1000,,,,,1000,hco
eisai,Kantonsspital St. Gallen,St. Gallen,Schweiz,Rorschacher Str.,,,1080,,,1620,,2700,hco
eisai,Klinik Bethesda,Tschugg,Schweiz,,,,2080,,,,,2080,hco
eisai,Klinik Lengg AG,Zürich,Schweiz,Bleulerstr. 60,,,5320,,,,750,6070,hco
eisai,Neurokränzli Luzern,Luzern,Schweiz,Alpenstr.,,,500,,,,,500,hco
eisai,SAGB,Weinfelden,Schweiz,,,,750,,,,,750,hco
eisai,Schweizerische Gesellschaft für Endokrin,Baden,Schweiz,Rütistr. 3a,,,1813.34,,,,,1813.34,hco
eisai,Schweizerische Gesellschaft für Klinische Nurophysiologie,Oberentfelden,Schweiz,Blumenweg,,,1800,,,,,1800,hco
eisai,Schweizerische Liga gegen Epilepsie,Zürich,Schweiz,Seefeldstr.,,,6000,,,,,6000,hco
eisai,Stiftung für wissenschaftliche Forschung am Stadtspital Triemli,Zürich,Schweiz,Birmensdorferstr.,,,1200,,,,,1200,hco
eisai,UKBB Universitäts-Kinderspital beider Basel,Basel,Schweiz,Spitalstr.,,,,,,1250,,1250,hco
eisai,Universität Zürich Klinik für Neurologie,Zürich,Schweiz,Frauenklinikstr.,,,540,,,,,540,hco
eisai,Universitätsspital Basel Medizinische Onkologie,Basel,Schweiz,Petersgraben 4,,,1080,,,,,1080,hco
eisai,UNIVERSITE D'ETE D'EEG Neurologie-EEG HUG,Genève,Schweiz,Rue Gabrielle Perret-Gentil,,,2500,,,,,2500,hco
eisai,Alexandre Datta,Basel,Schweiz,UKBB - Universitäts-Kinderspital beider Basel Neuro-/ Entwicklungspädiatrie Spitalstr. 33,,,,,,1750,,1750,hcp
eisai,Eva-Maria Voss,Luzern,Schweiz,NeuroPraxis Luzern Haldenstr. 11,,,,,,625,,625,hcp
eisai,Heidemarie Gast,Bern,Schweiz,Inselspital Universitätsklinik für Neurologie Freiburgstr. 18,,,,,,810,50,860,hcp
eisai,Judith Kröll,Zürich,Schweiz,Klinik Lengg AG Schweizerisches Epilepsie-Zentrum Bleulerstr. 60,,,,,,750,,750,hcp
eisai,Martin Kurthen,Zürich,Schweiz,Klinik Lengg AG Schweizerisches Epilepsie-Zentrum Bleulerstr. 60,,,,,,750,,750,hcp
eisai,Silke Biethahn,Aarau,Schweiz,Kantonsspital Aarau AG Neurologische Klinik Medizin. Neurologie Tellstr.,,,,,,810,49.8,859.8,hcp
eisai,Sylvie Cottier Lehmann,La Chaux-de-Fonds,Schweiz,Place Hôtel-De-Ville 6,,,,,,750,,750,hcp
eisai,Thomas Grunwald,Zürich,Schweiz,Klinik Lengg AG Schweizerisches Epilepsie-Zentrum Bleulerstr. 60,,,,,,4913,,4913,hcp
