company,name,location,country,address,uci,donations_grants,sponsorship,registration_fees,travel_accommodation,fees,related_expenses,total,type
elililly,AarReha Schinznach,Schinznach Bad,Schweiz,Badstr. 55,,,500,,,,,500,hco
elililly,Advisis AG,Bern,Schweiz,Effingerstr. 55,,,25256,,,,,25256,hco
elililly,Appenzellische Ärztegesellschaft,Bühler,Schweiz,Dorfstr. 50,,,2000,,,,,2000,hco
elililly,Ärzteverein Werdenberg/Sargans,Sargans,Schweiz,Bahnhofstr. 6,,,2200,,,,,2200,hco
elililly,ASPI Fondazione della Svizzera italiana,Breganzona,Schweiz,Via Povrò 16,,,1852,,,,,1852,hco
elililly,Associazione MMM Mendrisio Medical Meeting,Bedano,Schweiz,Via Belvedere 10,,,1000,,,,,1000,hco
elililly,Associazione Ticinese Assistenti di Studio Medico,Pazzallo,Schweiz,Via dei Faggi 2a,,,1500,,,,,1500,hco
elililly,Bethesda Spital AG,Basel,Schweiz,Gellertstr. 144,,,1000,,,,,1000,hco
elililly,Bündner Oberländer Ärzteverein,Vella,Schweiz,"c/o Gian Bundi, Sumsiaras 117b",,,800,,,,,800,hco
elililly,CCAC SA direction,Lausanne,Schweiz,Avenue Vinet 19b,,,3000,,,,,3000,hco
elililly,Centre des maladies osseuses,Lausanne,Schweiz,Avenue Pierre-Decker 4,,,5556,,,,,5556,hco
elililly,Centre Médical de la Côte SA,Corcelles NE,Schweiz,Rue du Petit-Berne 14,,,2000,,,,,2000,hco
elililly,CHUV - Centre Leenaards de la,Lausanne,Schweiz,Mont-Paisible 16,,,3000,,,,,3000,hco
elililly,CHUV Centre Hospitalier Universitaire,Lausanne,Schweiz,Avenue Pierre-Decker 4,,,1300,,,,,1300,hco
elililly,CHUV Centre Hospitalier Universitaire Vaudois,Lausanne,Schweiz,Rue du Bugnon 21,,,,,189,28595,,28784,hco
elililly,CHUV Centre Hospitalier Universitaire Vaudois,Lausanne,Schweiz,Chemin De Mont- paisible 18,,,6500,,,,,6500,hco
elililly,CHUV Centre Hospitalier Universitaire Vaudois,Lausanne,Schweiz,Rue du Bugnon 46,,,500,,,,,500,hco
elililly,CHUV Centre Hospitalier Universitaire Vaudois,Lausanne,Schweiz,Rue du Bugnon 46,,,7450,,,,,7450,hco
elililly,Circolo medico di Locarno,Ascona,Schweiz,Via al Lido 27,,,3000,,,,,3000,hco
elililly,Clinica Luganese Moncucco SA,Lugano,Schweiz,Via Moncucco 10,,,900,,,,,900,hco
elililly,Clinique de la Source,Lausanne,Schweiz,Alexandre-Vinet 30,,,25000,,,,,25000,hco
elililly,Clinique le Noirmont,Le Noirmont,Schweiz,Chemin de Roc,,,1000,,,,,1000,hco
elililly,Clinique St-Anne SA,Fribourg,Schweiz,Rue Hans-Geiler 6,,,2000,,,,,2000,hco
elililly,CMCB Centre Médico-Chirurgical de la Broye SA,Payerne,Schweiz,Rue de Guillermaux 8,,,2000,,,,,2000,hco
elililly,CRR SuvaCare / Clinique romande de réadaptation,Sion,Schweiz,Avenue Grand-Champsec 90,,,1389,,,,,1389,hco
elililly,CSID Centre de Soins Infirmiers pour les Diabétiques,Fribourg,Schweiz,Stadtberg 1,,,800,,,,,800,hco
elililly,DiaMon Institut  für Diabetes/Schilddrüse/Hormone  Villiger Lukas,Dättwil AG,Schweiz,Mellingerstr. 207,,,2500,,,,,2500,hco
elililly,EFORT Head Office,Rolle,Schweiz,ZA La Pièce 2,,,21492,,,,,21492,hco
elililly,Equipage-UTC,Zénauva FR,Schweiz,Chemin des Botchets 24,,,2000,,,,,2000,hco
elililly,ESDR - European Society for Dermatological Research,Genève,Schweiz,Rue Cingria 7,,,218095,,,,,218095,hco
elililly,ESMO European Society for Medical Oncology,Viganello,Schweiz,Via Luigi Taddei 4,,27369,907218,,,,,934587,hco
elililly,Espace de Chimiothérapie et d'Oncologie,Lausanne,Schweiz,Avenue du Théâtre 7,,,2000,,,,,2000,hco
elililly,eSwiss Medical & Surgical Center AG,St. Gallen,Schweiz,Brauerstr. 97,,,2500,,,1000,,3500,hco
elililly,EULAR - Europäische Rheumaliga,Kilchberg ZH,Schweiz,Seestr. 240,,,274979,,,,,274979,hco
elililly,European Thoracic Oncology Platform,Bern,Schweiz,"c/o IBCSG, Effingerstr. 40",,,16296,,,,,16296,hco
elililly,Felix Platter-Spital,Basel,Schweiz,Burgfelderstr. 101,,,,,,4680,,4680,hco
elililly,FFN - Fragility Fracture Network,Zürich,Schweiz,"C/O Mci Schweiz Ag, Schaffhauserstr. 550",,,34221,,,,,34221,hco
elililly,Fondation fribourgeoise pour la recherche et la formation sur le cancer,Bourguillon,Schweiz,"c/o  Daniel Betticher, Rue Max von Sachsen 4",,,26200,,,,,26200,hco
elililly,Fondation Rheumasearch pour la recherche en Rhumatologie,Genève,Schweiz,"c/o Robert Fontanet notaire, Rue Du Rhône 57",,,5000,,,,,5000,hco
elililly,Fondation Romande pour la Recherche sur le Diabète,Genève,Schweiz,Chemin Malombré 10,,,12080,,,,,12080,hco
elililly,Fondazione Neuroscienze Ticino,Lugano,Schweiz,Via Emilio Bossi 1,,,1000,,,,,1000,hco
elililly,Formation Romande en Oncologie Médicale,Lausanne,Schweiz,Avenue Pierre-Decker 2 PAV 02-21.,,,10000,,,,,10000,hco
elililly,Gehirn- und Traumastiftung Graubünden/Schweiz,Chur,Schweiz,Poststr. 22,,,2000,,,,,2000,hco
elililly,Groupe d'intérêts communs suisse d'infirmièresiers-conseil en diabétolgie,Prangins,Schweiz,Chemin Clé des champs 5,,,4500,,,,,4500,hco
elililly,Groupe Francophone Suisse de Médecine Manuelle,Genève,Schweiz,"38, Rue de Vermont",,,1000,,,,,1000,hco
elililly,Gruppo Medico Formazione,Roveredo GR,Schweiz,San Fedele,,,3300,,,,,3300,hco
elililly,H+O communications ag,Rigi,Schweiz,Bahnhofstr. 17,,,3000,,,,,3000,hco
elililly,HautZentrum Zürich,Zürich,Schweiz,Schaffhauserstra sse 355,,,,,,700,,700,hco
elililly,HFR Fribourg-Hôpital Cantonal,Fribourg,Schweiz,Chemin des Pensionnats 2,,,1500,,,,,1500,hco
elililly,HFR Fribourg-Hôpital Cantonal,Fribourg,Schweiz,"Fribourg, Chemins des Pensionnats 2",,,500,,,,,500,hco
elililly,Hirslanden SA Clinique Bois-Cerf,Lausanne,Schweiz,Avenue d'Ouchy 31,,,500,,,,,500,hco
elililly,Hôpital de Morges,Morges,Schweiz,Chemin du Crêt 2,,,1000,,,,,1000,hco
elililly,Hôpital de Nyon,Nyon,Schweiz,Chemin Monastier 10,,,500,,,,,500,hco
elililly,Hôpital du Valais,Sion,Schweiz,Avenue Grand-Champsec 80,,,7000,,,,,7000,hco
elililly,Hôpital du Valais,Sion,Schweiz,Avenue Grand-Champsec 80,,,2000,,,,,2000,hco
elililly,Hôpital de Zone de Nyon,Nyon,Schweiz,Chemin Monastier 10,,,400,,,,,400,hco
elililly,Hôpital du Jura,Delémont,Schweiz,Faubourg des Capucins 30,,,2000,,,,,2000,hco
elililly,Hôpital du Jura Bernois,Moutier,Schweiz,Rue de Beausite 49,,,2500,,,,,2500,hco
elililly,Hôpital Riviera Chablais VD-VS,Vevey,Schweiz,Boulevard Paderewski 3,,,500,,,,,500,hco
elililly,HUG - Clinique Belle-Idee - Service d'urologie,Genève,Schweiz,Rue Gabrielle Perret-Gentil 4,,,1800,,,,,1800,hco
elililly,HUG - Clinique Belle-Idee - Unité de Neuro-Imagerie Psychiatrique,Chêne-Bourg,Schweiz,"des Laboratoires, Chemin du Petit-Bel-Air 2",,,4500,,,,,4500,hco
elililly,HUG - Département de médicine communautaire et de premier recours,Genève,Schweiz,Rue Gabrielle Perret-Gentil 4,,,6000,,,,,6000,hco
elililly,HUG - Service d'Oncologie,Genève,Schweiz,"HUG, Rue Gabrielle-Perret-Gentil 4",,,5000,,,,,5000,hco
elililly,HUG - Service de dermatologie et vénéréologie,Genève,Schweiz,Rue Gabrielle-Perret-Gentil 4,,,3000,,,,,3000,hco
elililly,HUG - Service des maladies osseuses,Genève,Schweiz,Rue Gabrielle Perret-Gentil 4,,,2000,,,,,2000,hco
elililly,IGOMED Ärztenetzwerk Raum Thun,Thun,Schweiz,Höheweg 26a,,,2000,,,,,2000,hco
elililly,Impulze,Zürich,Schweiz,Sonnenbergstras se 48,,,13500,,,,,13500,hco
elililly,Inselspital,Bern,Schweiz,"Kinderklinik, Freiburgstr. 18",,,15000,,,,,15000,hco
elililly,Inselspital,Bern,Schweiz,"Inselspital, Freiburgstr. 18",,,4000,,,,,4000,hco
elililly,Inselspital,Bern,Schweiz,Freiburgstr. 18,,,6000,,,,,6000,hco
elililly,International Breast Cancer Study Group,Bern,Schweiz,Effingerstr. 40,,,5427,,,,,5427,hco
elililly,IOSI (Istituto Oncologico della Svizzera Italiana),Bellinzona,Schweiz,Via Ospedale Ospedale San Giovanni,,,8000,,,,,8000,hco
elililly,Kantonale Ärztegesellschaft,Schaffhausen,Schweiz,Finsterwaldstrass e 91,,,1300,,,,,1300,hco
elililly,Kantonsspital Aarau AG,Aarau,Schweiz,Tellstr. 25,,,2778,,,,,2778,hco
elililly,Kantonsspital Aarau AG,Aarau,Schweiz,Tellstr. 25,,,5000,,,,,5000,hco
elililly,Kantonsspital Aarau AG,Aarau,Schweiz,Tellstr. 25,,,1000,,,,,1000,hco
elililly,Kantonsspital Aarau AG,Aarau,Schweiz,Tellstr. 25,,,2311,,,,,2311,hco
elililly,Kantonsspital Aarau AG,Aarau,Schweiz,Tellstr. 25,,,,,,2600,,2600,hco
elililly,Kantonsspital Baden AG,Baden,Schweiz,Im Ergel 1,,,2500,,,,,2500,hco
elililly,Kantonsspital Baselland,Liestal,Schweiz,Rheinstr. 26,,,4000,,,840,,4840,hco
elililly,Kantonsspital Frauenfeld,Frauenfeld,Schweiz,Pfaffenholzstrass e4,,,4500,,,,,4500,hco
elililly,Kantonsspital Glarus,Glarus,Schweiz,Burgstr. 99,,,1000,,,,,1000,hco
elililly,Kantonsspital Olten,Olten,Schweiz,Baslerstr. 150,,,800,,,,,800,hco
elililly,Kantonsspital St. Gallen,St. Gallen,Schweiz,Rorschacherstras se 95,,,13426,,,5200,,18626,hco
elililly,Kantonsspital St. Gallen,St. Gallen,Schweiz,"Kantonsspital St. Gallen, Rorschacherstr. 95",,,80,,,,,80,hco
elililly,Kantonsspital Winterthur,Winterthur,Schweiz,Brauerstr. 15,,,1389,,,,,1389,hco
elililly,Kantonsspital Winterthur,Winterthur,Schweiz,Brauerstr. 15,,,7352,,,,,7352,hco
elililly,Kantonsspital Winterthur,Winterthur,Schweiz,Brauerstr. 15,,,2500,,,,,2500,hco
elililly,Klinik Im Park AG,Zürich,Schweiz,Bellariastr. 38 Klinik Im Park AG,,,4800,,,,,4800,hco
elililly,Klinik Impuls,Wetzikon ZH,Schweiz,Bahnhofstr. 137,,,1500,,,,,1500,hco
elililly,Luzerner Kantonsspital,Luzern,Schweiz,Spitalstr. 31,,,4000,,,,,4000,hco
elililly,Luzerner Kantonsspital,Luzern,Schweiz,"Luzerner Kantonsspital, Spitalstr. 31",,,1400,,,,,1400,hco
elililly,Luzerner Kantonsspital,Luzern,Schweiz,"Kantonsspital Luzern, Spitalstr. 31",,,2000,,,,,2000,hco
elililly,Luzerner Kantonsspital Sursee,Sursee,Schweiz,Spitalstr. 16a,,,1000,,,,,1000,hco
elililly,Médecins de Famille Genève,Genève,Schweiz,Rue du Conseil-Général 11,,,2000,,,,,2000,hco
elililly,Notfallkreis Gelterkinden / Sissach,Läufelfingen,Schweiz,Hirzenfeldweg 4,,,10000,,,,,10000,hco
elililly,Onkologiepflege Schweiz,Kleinandelfingen,Schweiz,Hirstigstr. 13,,,2750,,,,,2750,hco
elililly,Onkologische Pharmazie,Basel,Schweiz,Kleinriehenstrass e 30,,,4500,,,,,4500,hco
elililly,Ospedale Regionale di Lugano,Lugano,Schweiz,"Ospedale Civico, Via Tesserete 46",,,1500,,,,,1500,hco
elililly,Ospedale Regionale di Lugano,Lugano,Schweiz,"Ospedale Civico, Via Tesserete 46",,,2130,,,,,2130,hco
elililly,Ospedale Regionale di Mendrisio,Mendrisio,Schweiz,"OBV - Ospedale Beata Vergine, Via Alfonso Turconi 23",,,556,,,,,556,hco
elililly,Osteo Medical AG,Bern,Schweiz,Belpstr. 11,,,15000,,,,,15000,hco
elililly,Osteoporoseplattform SGR,Zürich,Schweiz,Bellariastr. 38,,,40000,,,,,40000,hco
elililly,Pallas Klinik Zürich,Zürich,Schweiz,Limmatstr. 252,,,2500,,,5300,,7800,hco
elililly,Paracelsus Spital,Richterswil,Schweiz,Bergstr. 16,,,1000,,,,,1000,hco
elililly,Privatklinik Obach,Solothurn,Schweiz,Leopoldstr. 5,,,2160,,,,,2160,hco
elililly,Psychiatrische Dienste,Solothurn,Schweiz,Weissensteinstra sse 102,,,500,,,,,500,hco
elililly,Psychiatrische Dienste Aargau AG,Windisch,Schweiz,Zürcherstr. 241,,,4000,,,,,4000,hco
elililly,Psychiatrische Dienste Bern,Bern,Schweiz,Bolligenstr. 111,,,1000,,,,,1000,hco
elililly,Psychiatrische Universitätsklinik Zürich,Zürich,Schweiz,Lenggstr. 31,,,5000,,,,,5000,hco
elililly,REMED Association des travaillant en Réseau,Genève,Schweiz,,,,2000,,,,,2000,hco
elililly,Rheuma Schweiz,Zürich,Schweiz,Aargauerstr. 250,,,25000,,,,,25000,hco
elililly,S. Grasso Consulting,Lindau,Schweiz,Fischeracherstra sse 17,,,7630,,,,,7630,hco
elililly,Schweirerisc He Gesellschaf T Der Vertrauensa Rzte Sgv,Winterthur,Schweiz,"Industriestr. 24, c/o MBC Markus Bonelli Consult.",,,2100,,,,,2100,hco
elililly,Schweiz.  Vereinig. gegen die Osteoporose/Assoc. Suisse contre l'Ostéoporose,Basel,Schweiz,Missionsstr. 24,,,33500,,,,,33500,hco
elililly,Schweizer Paraplegiker Zentrum,Nottwil,Schweiz,Guido A. Zäch-Str. 1,,,4760,,,,,4760,hco
elililly,Schweizerische Arbeitsgemeinschaft für Klinische Krebsforschung,Bern,Schweiz,Effingerstr. 33,,,32500,,,,,32500,hco
elililly,Schweizerische Gesellschaft Angst und Depression,Zürich,Schweiz,Ringstr. 70,,,5000,,,,,5000,hco
elililly,Schweizerische Gesellschaft für Arzneimittelsicher heit in der Psychiatrie,Zürich,Schweiz,Stadelhoferstrass e 42,,,1000,,,,,1000,hco
elililly,Schweizerische Gesellschaft für Dermatologie und Venerologie,Bern,Schweiz,Dalmazirain 11,,,46500,,,,,46500,hco
elililly,Schweizerische Gesellschaft für Pathologie,Oberkirch LU,Schweiz,Burghöhe 1,,,1383,,,,,1383,hco
elililly,Schweizerische Gesellschaft für Psychoonkologie,Bern,Schweiz,"c/o Krebsliga Schweiz, Effingerstr.",,,2000,,,,,2000,hco
elililly,Schweizerische Gesellschaft für Rheumatologie,Zürich,Schweiz,"c/o Rheumaliga Schweiz, Josefstr. 92",,,17995,,,,,17995,hco
elililly,Schweizerische Vereinigung Osteogenesis Imperfecta,Zürich,Schweiz,Luetschenbachstr. 45,,,1000,,,,,1000,hco
elililly,Schweizerischer Verband Medizinischer Praxisassistentinnen,Bern,Schweiz,Monbijoustr. 35,,,500,,,,,500,hco
elililly,Siciété Suisse de Psychiatrie et Psychothérapie,Bern,Schweiz,Altenbergstr. 29,,,7750,,,,,7750,hco
elililly,Società di Psichiatria e Psicoterapia STPP,Coldrerio,Schweiz,Via Campagnola 112,,,1500,,,,,1500,hco
elililly,Société coopérative médicale Beaulieu,Genève,Schweiz,Chemin de Beau-Soleil 20,,,2000,,,,,2000,hco
elililly,Société Neuchâtelois de Médicine SNM,Couvet,Schweiz,"Etude Klauser & Schwab avocats, Grand'rue 36bis",,,5000,,,,,5000,hco
elililly,Société Suisse d'Endocrinologie et de Diabeétologie Pédiatrique,Genève,Schweiz,"c/o Hôpiaux Université Genève, Rue Willy-Donzé 6",,,5000,,,,,5000,hco
elililly,Société Suisse de Pédiatrie,Fribourg,Schweiz,Rue de l'Hôpital 15,,,1700,,,,,1700,hco
elililly,Solothurner Spitäler AG soH,Solothurn,Schweiz,Schöngrünstr. 42,,,500,,,800,,1300,hco
elililly,Spital Thurgau AG,Frauenfeld,Schweiz,Waldeggstr. 8a,,,1000,,,,,1000,hco
elililly,Spital Wil,Wil SG,Schweiz,Fürstenlandstr. 32,,,2600,,,,,2600,hco
elililly,St. Gallischen Kantonalen Psychiatrischen Dienste Sektor Nord,Wil SG,Schweiz,Zürcherstr. 30,,,3000,,,,,3000,hco
elililly,Stadtspital Triemli,Zürich,Schweiz,Birmensdorferstr. 497,,,2500,,,,,2500,hco
elililly,Stadtspital Triemli,Zürich,Schweiz,Birmensdorferstr. 497,,,2315,,,,,2315,hco
elililly,Stiftung SONK St. Gallen Oncology Conferences,St. Gallen,Schweiz,"c/o Tumor- u. Brustzentrum ZeTuP, Rorschacher Str. 150",,,3833,,,,,3833,hco
elililly,Swiss Academy of Multidisciplinary Oncology,Bern,Schweiz,"c/o IBCSG Coordinating Center, Effingerstr.",,,25574,,,,,25574,hco
elililly,Swiss Sarcoma,Kriens,Schweiz,Brunnmattstr. 20,,,2000,,,,,2000,hco
elililly,Swiss Tumor Institute,Zürich,Schweiz,Seestr. 259,,,12300,,,,,12300,hco
elililly,Universität Zürich,Zürich,Schweiz,Rämistr. 71,,,30000,,,,,30000,hco
elililly,Universitätsspital Basel,Basel,Schweiz,Petersgraben 4,,,8000,,,,,8000,hco
elililly,Universitätsspital Basel,Basel,Schweiz,Spitalstr. 21,,,,,45,16200,,16245,hco
elililly,Universitätsspital Basel,Basel,Schweiz,Petersgraben 4,,,5500,,,,,5500,hco
elililly,Universitätsspital Basel,Basel,Schweiz,Petersgraben 4,,,5030,,,,,5030,hco
elililly,UniversitätsSpital Zürich,Zürich,Schweiz,Gloriastr. 31,,,33000,,,,,33000,hco
elililly,UniversitätsSpital Zürich,Zürich,Schweiz,Rämistr. 100,,,5000,,,,,5000,hco
elililly,UniversitätsSpital Zürich,Zürich,Schweiz,Rämistr. 100,,,2000,,,,,2000,hco
elililly,UniversitätsSpital Zürich,Zürich,Schweiz,Rämistr. 100,,,7500,,,,,7500,hco
elililly,UniversitätsSpital Zürich,Zürich,Schweiz,Rämistr. 100,,,2315,,,,,2315,hco
elililly,UniversitätsSpital Zürich,Klinik,Schweiz,Rämistr. 100,,,2500,,,,,2500,hco
elililly,Université de Genève,Genève,Schweiz,"Bâtiment 90, Rue Michel-Servet 1",,,1000,,,,,1000,hco
elililly,Université de Genève,Genève,Schweiz,"CMU - Bât. C niveau 9, Rue Michel-servet 1",,,5000,,,,,5000,hco
elililly,USCADE,Pully,Schweiz,Avenue de Chantemerle 10,,,3500,,,,,3500,hco
elililly,Verein Post-ADA/Endocrine,Liebefeld,Schweiz,Waldeggstr. 38,,,8000,,,,,8000,hco
elililly,Vereinigung Internisten,Adliswil,Schweiz,Felsenhofstr. 36,,,3800,,,,,3800,hco
elililly,Zürcher Dermatologen Gesellschaft,Uster,Schweiz,"c/o  Plaza Tobias, Oberlandstr. 100",,,1000,,,,,1000,hco
elililly,Alain Golay,Genève,Schweiz,"Villa Soleillane, Chemin Venel 7",,,,,,3160,918,4078,hcp
elililly,Alain Sermier,Genolier,Schweiz,Route du Muids 3,,,,,,1000,,1000,hcp
elililly,Albanese Marco,Luzern,Schweiz,St. Annastr. 32,,,,,,600,99,699,hcp
elililly,Alberto Guardia,Grand-Lancy,Schweiz,Chemin Des Pontets 17,,,,,,2600,,2600,hcp
elililly,Alessandra Curioni,Zürich,Schweiz,Rämistr. 100,,,,241,401,,,642,hcp
elililly,Alexandre Hobi,Chernex,Schweiz,"Les Villageoises B, Route de Chaulin 24",,,,,,600,,600,hcp
elililly,Allan Relecom,Genève,Schweiz,"HUG, Rue Gabrielle-Perret-Gentil 4",,,,330,,,,330,hcp
elililly,Andreas Hochstrasser,Männedorf,Schweiz,Asylstr. 10,,,,,,600,,600,hcp
elililly,Andreas Monsch,Basel,Schweiz,Burgfelderstr. 101,,,,,,,743,743,hcp
elililly,Anne-Karine Lapointe,Lausanne,Schweiz,Avenue du Théâtre 7,,,,,,700,,700,hcp
elililly,Antonia Digklia,Lausanne,Schweiz,Rue du Bugnon 46,,,,603,531,,,1134,hcp
elililly,Antonio Cozzio,St. Gallen,Schweiz,"Haus 31, Rorschacherstras se 95",,,,,,1375,,1375,hcp
elililly,Armin Lechmann,Gossau SG,Schweiz,St. Gallerstr. 124,,,,,,600,,600,hcp
elililly,Arpad Farkas,Glattbrugg,Schweiz,Schaffhauserstra sse 99,,,,,,700,,700,hcp
elililly,Beatrice De Moustier,Onex,Schweiz,Route De Chancy 98,,,,,,2000,84,2084,hcp
elililly,Bernard Chevaux,Vevey,Schweiz,Avenue de la Prairie 3,,,,160,,,,160,hcp
elililly,Bruno Fuchs,Zürich,Schweiz,Forchstr. 340,,,,,,,239,239,hcp
elililly,Carlo Mainetti,Bellinzona,Schweiz,Via Parco 3,,,,,,1500,,1500,hcp
elililly,Catherine Bay Mengis,Brig,Schweiz,"Spitalzentrum Oberwallis, Ueberlandstr. 14",,,,241,201,,,442,hcp
elililly,Catherine Seydoux,Fribourg,Schweiz,"Fribourg, Chemin des Pensionnats 2",,,,,,360,,360,hcp
elililly,Catrina Uhlmann Nussbaum,Olten,Schweiz,Baslerstr. 150,,,,160,401,,,561,hcp
elililly,Céline Michèle Girardin,Onex,Schweiz,Route De Chancy 98,,,,39,350,,,389,hcp
elililly,Cem Gabay,Genève,Schweiz,Avenue Beau-Séjour,,,,,,2400,,2400,hcp
elililly,Chiara Ferrario,Renens VD,Schweiz,Avenue du quatorze Avril 12,,,,,,1400,,1400,hcp
elililly,Christian Meier,Basel,Schweiz,Missionsstr. 24,,,,,,1500,70,1570,hcp
elililly,Christoph Gwerder,Bern,Schweiz,Monbijoustr. 10,,,,500,954,,,1454,hcp
elililly,Christoph Schlapbach,Bern,Schweiz,Freiburgstr. 18,,,,,,1200,,1200,hcp
elililly,Christophe François Hsu,Genève,Schweiz,Boulevard James-Fazy 4,,,,,,625,,625,hcp
elililly,Christopher Strey,St. Gallen,Schweiz,Brauerstr. 97,,,,,,600,,600,hcp
elililly,Cristina Nay Fellay,Sion,Schweiz,"(CHCVs/RSV), Avenue Grand-Champsec 80",,,,160,401,,,561,hcp
elililly,Damjan Nikolic,Genève,Schweiz,Quai Du Seujet 14,,,,,,700,,700,hcp
elililly,Dan Georgescu,Windisch,Schweiz,Zürcherstr. 241,,,,,,960,,960,hcp
elililly,Daniel Betticher,Fribourg,Schweiz,Chemin des Pensionnats 2,,,,160,,1200,,1360,hcp
elililly,Daniel Noth,Unterseen,Schweiz,Spitalweg 1,,,,,,600,95,695,hcp
elililly,David Muggli,Zürich,Schweiz,Gloriastr. 31,,,,240,,,,240,hcp
elililly,Diane Hebert,Nyon,Schweiz,"de Nyon, Chemin Monastier 10",,,,241,,,,241,hcp
elililly,Egemen Savaskan,Zürich,Schweiz,Minervastr. 145,,,,,,2600,,2600,hcp
elililly,Elisabeth Constam,Winterthur,Schweiz,Wülflingerstr. 59,,,,,,600,20,620,hcp
elililly,Emmanuel Laffitte,Genève,Schweiz,Rue Gabrielle-Perret-Gentil 4,,,,,,1750,,1750,hcp
elililly,Erich Seifritz,Zürich,Schweiz,Lenggstr. 31,,,,,,7200,,7200,hcp
elililly,Fabienne Matthys,Vevey,Schweiz,Rue De Fribourg 40,,,,,,360,,360,hcp
elililly,François Kuntschen,Monthey,Schweiz,Avenue de la Gare 36,,,,,,1200,,1200,hcp
elililly,Giacomo Gastaldi,Genève,Schweiz,Rue Gabrielle-Perret-Gentil 4,,,,,,1000,,1000,hcp
elililly,Giovanni Frisoni,Les Acacias,Schweiz,Rue des Epinettes 19,,,,,,,1249,1249,hcp
elililly,Hans-Dieter Hüllstrung,Liestal,Schweiz,Weierweg 7,,,,,,800,,800,hcp
elililly,Hans Jörg Häuselmann,Zürich,Schweiz,Bellariastr. 38,,,,,,4700,,4700,hcp
elililly,Heike Alder,St. Gallen,Schweiz,"Kantonsspital St. Gallen (KSSG), Rorschacherstr. 95",,,,,,360,,360,hcp
elililly,Heike Labud,Yverdon-les-Bains,Schweiz,Rue D'Entremonts 11,,,,,,360,,360,hcp
elililly,Humberto Delgado,Gland,Schweiz,La Lignère 5,,,,,,1200,,1200,hcp
elililly,Isabelle Keller,Winterthur,Schweiz,Brauerstr. 15,,,,,,1000,,1000,hcp
elililly,Jean Dudler,Fribourg,Schweiz,Chemin des Pensionnats 2,,,,,,2400,,2400,hcp
elililly,Jean-Claude Pache,Genève,Schweiz,Rue Michel-Servet 4,,,,,,800,40,840,hcp
elililly,Jean-Pierre Grillet,Genève,Schweiz,Chemin de Beau-Soleil 12,,,,,,700,,700,hcp
elililly,Jean-Pierre Randin,Lausanne,Schweiz,Avenue de Rumine 35,,,,,,1600,78,1678,hcp
elililly,Joel Capraro,Aarau,Schweiz,"Haus 7, Tellstr. 25",,,,,,840,32,872,hcp
elililly,Jörg Eimers,Luzern,Schweiz,Tribschenstr. 21,,,,,,800,,800,hcp
elililly,Lars French,Zürich,Schweiz,Gloriastr. 31,,,,,,1275,,1275,hcp
elililly,Laurence Marie Alice Bastien Pournaras,Lausanne,Schweiz,Fleuri 6,,,,,,600,,600,hcp
elililly,Lukas Villiger,Dättwil AG,Schweiz,Mellingerstr. 207,,,,,,6000,,6000,hcp
elililly,Luz Perrenoud,Genève,Schweiz,Rue Willy-Donzé 6,,,,,,4080,,4080,hcp
elililly,Marcus Klaus Charles Schories,Basel,Schweiz,Gellertstr. 142,,,,,,600,87,687,hcp
elililly,Mark David Anliker,Münsterlingen,Schweiz,Spitalcampus 1,,,,,,300,,300,hcp
elililly,Markus Lampert,Olten,Schweiz,Baslerstr. 150,,,,,,800,,800,hcp
elililly,Markus Maximilian Borner,Biel/Bienne,Schweiz,Vogelsang 84,,,,,,2200,,2200,hcp
elililly,Maxime Vernez,Epalinges,Schweiz,Route De La Corniche 1,,,,,,700,,700,hcp
elililly,Michèle Voegeli,Liestal,Schweiz,Mühlematt 13,,,,,,800,,800,hcp
elililly,Miklós Pless,Winterthur,Schweiz,Brauerstr. 15,,,,385,403,3600,862,5250,hcp
elililly,Mirjam Faulenbach,Zürich,Schweiz,Witellikerstr. 36,,,,,,1000,,1000,hcp
elililly,Monique David,Epalinges,Schweiz,Route De La Corniche 1,,,,,,360,,360,hcp
elililly,Nicolas Mach,Genève,Schweiz,"HUG, Rue Gabrielle-Perret-Gentil 4",,,,277,,1200,,1477,hcp
elililly,Nicolas Von Der Weid,Genève,Schweiz,Chemin de Beau-Soleil 12,,,,,,2200,,2200,hcp
elililly,Nicole Montavon Salomon,Genève,Schweiz,Rue Pédro-Meylan 1,,,,,,600,,600,hcp
elililly,Oliver Bilke-Hentsch,Winterthur,Schweiz,Zum Park 20,,,,,,1100,564,1664,hcp
elililly,Oliver Christoph Zwermann,Basel,Schweiz,Gellertstr. 142,,,,,,600,,600,hcp
elililly,Oliver Distler,Zürich,Schweiz,Gloriastr. 25,,,,,,1440,88,1528,hcp
elililly,Patrizia Frösch,Locarno,Schweiz,Via all'Ospedale 1,,,,,,1200,,1200,hcp
elililly,Peter Diem,Bern,Schweiz,"Inselspital, Freiburgstr. 18",,,,,,1260,,1260,hcp
elililly,Peter Häusermann,Basel,Schweiz,Petersgraben 4,,,,,,1375,,1375,hcp
elililly,Peter Moosmann,Aarau,Schweiz,Tellstr. 25,,,,,,600,,600,hcp
elililly,Peter Wiesli,Frauenfeld,Schweiz,Pfaffenholzstrass e4,,,,,,3050,58,3108,hcp
elililly,Philipp Spring,Epalinges,Schweiz,Route De La Corniche 1,,,,,,700,,700,hcp
elililly,Philippe von Burg,Solothurn,Schweiz,"Haus 7, Schöngrünstr. 38",,,,,,800,,800,hcp
elililly,Pia Hirsbrunner,Zürich,Schweiz,Hegarstr. 18,,,,,,1080,,1080,hcp
elililly,Pierre Bohanes,Lausanne,Schweiz,Avenue Vinet 28,,,,160,201,,,361,hcp
elililly,Pierre-Alain Nicod,Monthey,Schweiz,Avenue de la Gare 36,,,,,,1000,,1000,hcp
elililly,Regula Honegger,Horgen,Schweiz,Seestr. 117,,,,,,750,,750,hcp
elililly,Reinhard Zenhäusern,Brig,Schweiz,"Spitalzentrum Oberwallis, Ueberlandstr.",,,,160,201,,,361,hcp
elililly,Robert Bourgeois,Chardonne,Schweiz,Route de Bellevue 3,,,,,,600,,600,hcp
elililly,Rolf A. Stahel,Zürich,Schweiz,Rämistr. 100,,,,,,6900,8225,15125,hcp
elililly,Sabina Schacher-Kaufmann,Winterthur,Schweiz,Brauerstr. 15,,,,603,,,,603,hcp
elililly,Samuel Blaser,Genève,Schweiz,"HUG, Rue Gabrielle-Perret-Gentil 4",,,,500,1385,,,1885,hcp
elililly,Sandra Beer,Lausanne,Schweiz,Avenue de la Gare 11,,,,,,600,,600,hcp
elililly,Sandrine Kubli,Monthey,Schweiz,Avenue de la Gare 36,,,,,,1000,,1000,hcp
elililly,Sandro Anchisi,Sion,Schweiz,"(CHCVs/RSV), Avenue Grand-Champsec 80",,,,,,800,,800,hcp
elililly,Sao-Nam Tran,Genève,Schweiz,Route De Frontenex 90,,,,,,1000,,1000,hcp
elililly,Sebastian Walther,Bern,Schweiz,Bolligenstr. 111,,,,,,2500,,2500,hcp
elililly,Steffen Gay,Zürich,Schweiz,Gloriastr. 25,,,,,,1000,,1000,hcp
elililly,Stephan Dommann,Feldmeilen,Schweiz,General Wille-Str. 59,,,,,,700,,700,hcp
elililly,Thibaud Kössler,Genève,Schweiz,"HUG, Rue Gabrielle-Perret-Gentil 4",,,,720,524,800,,2044,hcp
elililly,Thomas Hügle,Basel,Schweiz,Hirschgässlein 11-15,,,,,,1000,,1000,hcp
elililly,Thomas Müller,Meiringen,Schweiz,Willigen,,,,,,1200,,1200,hcp
elililly,Thomas Sauter,Rapperswil SG,Schweiz,Kniestr. 29,,,,,,1000,,1000,hcp
elililly,Thomas Stoll,Schaffhausen,Schweiz,Geissbergstr. 81,,,,,,550,,550,hcp
elililly,Thomas Warzinek,Sargans,Schweiz,Bahnhofstr. 6,,,,,,600,,600,hcp
elililly,Tobias Plaza,Uster,Schweiz,Oberlandstr. 100,,,,,,250,,250,hcp
elililly,Tobias Wehrhahn,Aarau,Schweiz,Tellstr. 25,,,,,,600,,600,hcp
elililly,Wolf-Henning Boehncke,Genève,Schweiz,Rue Gabrielle-Perret-Gentil 4,,,,,,4650,,4650,hcp
elililly,Wolfram Jochum,St. Gallen,Schweiz,Rorschacherstras se 95,,,,,,800,,800,hcp
elililly,Yassine Zarkik,Martigny,Schweiz,"de Martigny, Avenue de la Fusion 27",,,,,,600,,600,hcp
