company,name,location,country,address,uci,donations_grants,sponsorship,registration_fees,travel_accommodation,fees,related_expenses,total,type
ferring,360 GmbH,Zollikon,Schweiz,Alte Landstr. 112,,,3000,,,,,3000,hco
ferring,360° Kinderwunsch Zentrum Zürich,Zürich,Schweiz,Goethestr. 24,,,416,,,,,416,hco
ferring,Bethesda Spital AG,Basel,Schweiz,Gellertstr. 144,,,,216,411,,,627,hco
ferring,Centro Endomed SA,Bellinzona,Schweiz,Via Nizzola 1,,,313,,,,,313,hco
ferring,CHUV,Lausanne,Schweiz,Rue du Bugnon 21,,,9000,,,1900,,10900,hco
ferring,Fondation FABER,Lausanne,Schweiz,Rue de la Vigie 5,,20000,,,,,,20000,hco
ferring,Forum FKBL-Bethesda,Liestal,Schweiz,KSBL / Mühlemattstr. 26,,,1000,,,,,1000,hco
ferring,Frauenpraxis am See,Luzern,Schweiz,Alpenstr. 1,,,,,,1200,,1200,hco
ferring,Groupement des Gynecoloques Vaudois,Lausanne,Schweiz,Rue de la Vigie 5,,,2000,,,,,2000,hco
ferring,GRSSGO,Cheseaux-sur-Lausanne,Schweiz,Rue des Pâquis 1,,,4000,,,,,4000,hco
ferring,gynécologie suisse SGGG,Bern,Schweiz,Altenbergstr. 29,,,2580,,,,,2580,hco
ferring,Hirslanden Klinik Aarau,Aarau,Schweiz,Schänisweg,,,272,,,,,272,hco
ferring,Hôpital Fribourgeois,Fribourg,Schweiz,Case postale,,8000,2000,,,,,10000,hco
ferring,Hôpitaux Universitaires de Genève,Chêne-Bourg,Schweiz,Ch. du Petit-Bel-Air 2,,,17800,,,,,17800,hco
ferring,IBDnet. ch,Zürich,Schweiz,,,,7000,,,,,7000,hco
ferring,Insel Gruppe AG,Bern,Schweiz,Freiburgstr.,,15000,18315,,,2000,,35315,hco
ferring,Kantonsspital St. Gallen,St. Gallen,Schweiz,Rorschacherstr. 95,,,3000,,,1200,,4200,hco
ferring,Luzerner Kantonsspital,Luzern,Schweiz,Spitalstr.,,,1000,,,,,1000,hco
ferring,OVA IVF Clinic Zürich AG,Zürich,Schweiz,Hardturmstr. 11,,,15000,598,3314,,,18912,hco
ferring,Procrea SA,Bellinzona,Schweiz,Via Nizzola 1,,,2000,,,,,2000,hco
ferring,Stiftung Repronatal,Basel,Schweiz,Riedbergstr. 12,,50000,,,,,,50000,hco
ferring,Schw. Gesellschaft für Urologie SGU,Montreux,Schweiz,Avenue des Planches 15,,,7920,,,,,7920,hco
ferring,Schweiz. Gesellschaft für Reproduktionsmedizin,Worb,Schweiz,Postfach 754,,50100,,,,,,50100,hco
ferring,Schweiz. Gynäkologische Chefärztekonferenz,Fribourg,Schweiz,Chemin des Pensionnats 2,,,1500,,,,,1500,hco
ferring,Schweizerischer Hebammenverband,Bern,Schweiz,Rosenweg 25 C,,,1480,,,,,1480,hco
ferring,SGG,Bern,Schweiz,Wattenwylweg 21,,,4850,,,,,4850,hco
ferring,Spital Linth,Uznach,Schweiz,Gasterstr. 25,,,2500,,,,,2500,hco
ferring,Stiftung Forschung Gastroent. & Hepatologie,Zürich,Schweiz,c/o Universitätsspital,,,5000,,,,,5000,hco
ferring,Stiftung Kantonsspital Graubünden,Chur,Schweiz,Loestr. 170,,,750,,,,,750,hco
ferring,Swiss Academy of Multidisciplinary Oncology,Bern,Schweiz,Effingerstr. 40,,,2778,,,,,2778,hco
ferring,Universität Zürich,Zürich,Schweiz,Frauenklinikstr. 10,,,3000,,,,,3000,hco
ferring,Universitätsspital Basel,Basel,Schweiz,Spitalstr. 21,,,4001,,,2000,,6001,hco
ferring,Verein REPRO,Siebnen,Schweiz,Bitzistr. 22,,40000,,,,,,40000,hco
ferring,Alain Schöpfer,Lausanne,Schweiz,CHUV / Département de médecine interne,,,,440,693,,,1133,hcp
ferring,Alan Dal Pra,Bern,Schweiz,Inselspital Bern,,,,612,453,,,1065,hcp
ferring,Alice Andenmatten Brugger,Zürich,Schweiz,Gyn A. R. T. AG,,,,629,287,,,916,hcp
ferring,Anna Raggi Nüssli,Olten,Schweiz,FertiSuisse AG,,,,629,209,,,838,hcp
ferring,Christian De Geyter,Basel,Schweiz,Universitätsspital Basel,,,,987,423,,,1410,hcp
ferring,Daniel Surbek,Bern,Schweiz,Universitäts-Frauenklinik,,,,,1843,9685,,11528,hcp
ferring,David Scheiner,Zürich,Schweiz,Universitätsspital Zürich,,,,216,241,,,457,hcp
ferring,Evangelia Pavlidou,Saint Genis Pouilly,Schweiz,Le Clos du Verger / 62 Impasse Isaac Newton,,,,333,667,,,1000,hcp
ferring,Felix Häberlin,St. Gallen,Schweiz,Fiore,,,,629,287,,,916,hcp
ferring,Frank Seibold,Kehrsatz,Schweiz,Gurtenstr. 79,,,,,118,1000,,1118,hcp
ferring,Gerhard Rogler,Zürich,Schweiz,Kapfstr. 16,,,,,118,1500,,1618,hcp
ferring,Gloria Ryu,Aarau,Schweiz,Kantonsspital Aarau AG,,,,216,175,,,391,hcp
ferring,Ioannis Linas,Bern,Schweiz,Universitätsklinik Bern,,,,643,689,,,1332,hcp
ferring,Irene Hösli,Basel,Schweiz,Universitätsspital Basel,,,,,3028,3457,,6485,hcp
ferring,Julia Münst,Frauenfeld,Schweiz,Kantonsspital Frauenfeld,,,,216,241,,,457,hcp
ferring,Katharina Redling,Ettingen,Schweiz,Stutzrain 5,,,,,,500,,500,hcp
ferring,Luc Biedermann,Zürich,Schweiz,Kalkbreitestr. 121,,,,,,1800,88,1888,hcp
ferring,Markus Bleichenbacher,Bern,Schweiz,Spitalgasse 36,,,,629,164,,,793,hcp
ferring,Martin Müller,Bern,Schweiz,Inselspital Bern,,,,,781,,,781,hcp
ferring,Michael Häberle,Zürich,Schweiz,Gyn A. R. T. AG,,,,1299,4759,,,6058,hcp
ferring,Michael Singer,Küsnacht,Schweiz,Kohlrainstr. 10,,,8000,,,,,8000,hcp
ferring,Michael Sulz,Romanshorn,Schweiz,Nussbaumstr. 7,,,,,,1000,,1000,hcp
ferring,Mischa Andrea Marco Schneider,Baden-Dättwil,Schweiz,Verein ART/ Kinderwunschzentrum-Baden AG,,,,357,463,,,820,hcp
ferring,Nicolas Vulliemoz,Lausanne,Schweiz,Chuv,,,,598,4024,,,4622,hcp
ferring,Norman Büchel,Vaduz,Schweiz,Quaderstr. 10,,,,,,250,,250,hcp
ferring,Paola Minikus-Bacilieri,Zürich,Schweiz,Gyn A. R. T. AG,,,,357,453,,,810,hcp
ferring,Paulo Castro Soares,Genève,Schweiz,Hôpitaux Universitaires de Genève,,,,291,860,,,1151,hcp
ferring,Praxis Florian Götze,Zollikon,Schweiz,Alte Landstr. 112,,,,,,1200,,1200,hcp
ferring,Yousef Najafi,Zürich,Schweiz,Universitätsspital Zürich,,,,612,451,,,1063,hcp
