company,name,location,country,address,uci,donations_grants,sponsorship,registration_fees,travel_accommodation,fees,related_expenses,total,type
galderma,ADEL Association D'Esculape En Lavaux,Lutry,Schweiz,Rue Verdaire,,,,,,2000,,2000,hco
galderma,Aerztekreis 6 der Stadt Zürich,Zürich,Schweiz,"Riedtlistr. 1, am Schaffhauserplatz",,,,,,1300,,1300,hco
galderma,Ärtztenetzwerk DOXnet. ch Bern Nord/West,Bremgarten,Schweiz,Aeschenbrunnmattstr. 9,,,,,,1000,,1000,hco
galderma,Dermatologia EOC,Bellinzona-Mendrisio,Schweiz,Orbv-Obv,,,,,,500,,500,hco
galderma,Dermatologische Gesellschaft Ostschweiz DGO,St. Gallen,Schweiz,Kugelgasse 8,,,,,,2000,,2000,hco
galderma,Dermatologische Klinik,Basel,Schweiz,Universität,,,,,,6000,,6000,hco
galderma,Dermatologische Klinik Inselspital,Bern,Schweiz,Inselspital Bern Freiburgstr. 18,,,2500,,,2000,,4500,hco
galderma,EOC - Ente Ospedaliero Cantonale,Bellinzona,Schweiz,Ospedale San Giovanni,,,,,,1500,,1500,hco
galderma,Groupe de Dermatoloque de Ville de Genève GDG / Trésorier GDG / Dermatoloque FMH,Genève,Schweiz,"5, Chemin Malombré",,,,,,3000,,3000,hco
galderma,Hôpital du Jura,Porrentruy,Schweiz,site de l'hôpital 9,,,,,,1000,,1000,hco
galderma,Hôpitaux Universitaires de Genève,Genève,Schweiz,"Service de dermatologie et vénérologie, Rue Gabrielle-Perret-Gentil 4",,,,,,1000,,1000,hco
galderma,Kantonsspital St. Gallen,St. Gallen,Schweiz,"Kantonsspital St. Gallen, Klinik für Dermatologie/Allergologie",,,2000,,,3000,,5000,hco
galderma,Kinderärzte Schweiz,Zürich,Schweiz,Badenerstr. 21,,,,,,600,,600,hco
galderma,Kinderklinik / Luzerner Kantonsspital Luzern,Luzern,Schweiz,Spitalstr.,,,,,,500,,500,hco
galderma,LEO Pharmaceutical Products Sarath Ltd.,Regensdorf,Schweiz,Eichwatt 5,,,2000,,,2000,,4000,hco
galderma,Qualitätszirkel Mittelthurgau Ost / Dres. Gropp GmbH,Bottighofen,Schweiz,Oberer Garten 1,,,,,,300,,300,hco
galderma,Reha Rheinfelden,Rheinfelden,Schweiz,Salinenstr. 98,,,,,,500,,500,hco
galderma,UKBB Universitäts-Kinderspital beider Basel,Basel,Schweiz,Spitalstr. 33,,,,,,1000,,1000,hco
galderma,Universitäts-Kinderspital Zürich / Zürrich Dermatologie,Zürich,Schweiz,Steinwiesstr. 75,,,,,,1500,,1500,hco
galderma,UniversitätsSpital Zürich,Zürich,Schweiz,Rämistr. 100,,,30000,,,4000,,34000,hco
galderma,Universität Zürich,Zürich,Schweiz,Rämistr. 100,,,9504,,,,,9504,hco
galderma,Zürcher Dermatologen / Quästor ZDG,Zürich,Schweiz,Oberlandstr. 100,,,,,,2000,,2000,hco
galderma,Alexander Schreiber,Aarau,Schweiz,"Kantonsspital Aarau AG Onkologie/Hämatologie, Haus 40, Kantonsspital Aarau AG",,,,,,900,,900,hcp
galderma,Andrea Garbea,Lutry,Schweiz,Grand-Rue 37,,,,,1500,,,1500,hcp
galderma,Andreas Tschopp,Spiegel bei Bern,Schweiz,"Klinik im Spiegel, Bellevuestr. 15",,,,,1500,,,1500,hcp
galderma,Chantal Fulpius-Maître,Confignon,Schweiz,"Centre médical de Cressy GMO, Route de Loex 99",,,,,1500,,,1500,hcp
galderma,Christian Surber,Basel,Schweiz,Universitätsspital Basel Spitalstr. 21,,,,,,5000,,5000,hcp
galderma,Claudia Ricci Bovier,Lutry,Schweiz,Grand-Rue 37,,,,,1500,,,1500,hcp
galderma,Claudine Rigoulot,Territet-Veytaux,Schweiz,"LACLINIC, Avenue de Collonge 43",,,,,1500,,,1500,hcp
galderma,Colette Camenisch,Zürich,Schweiz,"Klinik Pyramide am See, Bellerivestr. 34",,,,,3000,5000,,8000,hcp
galderma,Daniel Knutti,Biel,Schweiz,Bahnhofstr. 39,,,,,1500,,,1500,hcp
galderma,Deborah Zihler,Aarau,Schweiz,"Kantonsspital Aarau AG / Onkologie/Hämatologie / Haus 40, Kantonsspital Aarau AG, Tellstr.",,,,,,900,,900,hcp
galderma,Hans Peter Kern,Zürich,Schweiz,Dufourstr. 31,,,,,1500,,,1500,hcp
galderma,Hero Schnitzler,Zürich,Schweiz,Bodmerstr. 4,,,,,1500,,,1500,hcp
galderma,Iljas Rosenberg,Winterthur,Schweiz,Vistaline GmbH Bachtelstr. 5,,,,,1500,,,1500,hcp
galderma,Jan Pampurik,Fribourg,Schweiz,Grand-Places 14,,,,,1500,,,1500,hcp
galderma,Jens Otte,Zürich,Schweiz,"BEAUTYCLINIC DRS OTTE & OTTE AG, Goethestr. 16",,,,,1500,,,1500,hcp
galderma,Jeremy Gliksman,Genolier,Schweiz,"Clinique de Genolier, Route du Muids 3",,,,,,4000,,4000,hcp
galderma,Justin Krogstad,Derendingen,Schweiz,"c/o Dr. med. Michel Kohler, Hauptstr. 7",,,,,,500,,500,hcp
galderma,Laurence Imhof,Zürich,Schweiz,"University Hospital Zurich, Gloriastr. 31",,,,,,35.75,688.6,724.35,hcp
galderma,Laurent Berger,Clarens,Schweiz,"Clinique La Prairie, Rue du Lac 142",,,,,1500,,,1500,hcp
galderma,Liv Krämer,Zürich,Schweiz,Glockengasse 8,,,,,1500,,,1500,hcp
galderma,Lucas Leu,Zollikon,Schweiz,"Klinik Tiefenbrunnen, Dammstr. 29",,,,,1500,,,1500,hcp
galderma,Marco Adrian Stieger,Bern,Schweiz,"Dermatologische Klinik Inselspital Inselspital Bern, Insel-Gruppe AG, Freiburgstr. 18",,,,,,1000,,1000,hcp
galderma,Marco Cerrano,Lausanne,Schweiz,"Medical Esthetic, Solutions SA, Avenue de la Gare 39A",,,,,1500,,,1500,hcp
galderma,Marcus Wanner,Dättwil,Schweiz,Täfernstr. 26,,,,,1500,,,1500,hcp
galderma,Marianne Meli,Bülach,Schweiz,"DERMIS Hautklinik Bülach, Schaffhauserstr., 53",,,,,1500,,,1500,hcp
galderma,Marjam Barysch,Frauenfeld,Schweiz,"Dermatologische, Klinik KS Frauenfeld, Kantonsspital, Frauenfeld, Pfaffenholzstr. 4",,,,703.35,,,,703.35,hcp
galderma,Martin Kurt Kägi,Zürich,Schweiz,"HautZentrum Zürich AG, Schaffhauserstr. 355",,,,,1500,,,1500,hcp
galderma,Michael Gütling,Winterthur,Schweiz,Marktgasse 46,,,,,1500,,,1500,hcp
galderma,Michele Zanzi,Lausanne,Schweiz,Avenue Marc-Dufour 4,,,,,1500,,,1500,hcp
galderma,Monia Touati Sarraj,Neuchâtel,Schweiz,Rue Jean-Jacques-Lallemand 11,,,,,,214,,214,hcp
galderma,Mouna Skaria,Vevey,Schweiz,Rue de Lausanne 15,,,,,1500,,,1500,hcp
galderma,Nikhil Yawalkar,Bern,Schweiz,"Inselspital, Freiburgstr. 8",,,,,941,,112,1053,hcp
galderma,Nikolaus Linde,St. Gallen,Schweiz,Rorschacher Str. 150,,,,,1500,,,1500,hcp
galderma,Oliver Philip Kreyden,Muttenz,Schweiz,"Praxis Methininserhof, Baselstr. 9",,,,,,3000,,3000,hcp
galderma,Patrick Micheels,Genève,Schweiz,Avenue de Champel 6,,,,,,7000,,7000,hcp
galderma,Patrizia Carrozza,Bellinzona,Schweiz,Viale Stazione 16,,,,,,1300,,1300,hcp
galderma,Peter Bures,Uster,Schweiz,"FMH Dermatologie, und Venerologie / Mediplaza AG / Haut und Allergie Zentrum, Brunnenhof, Oberlandstr. 100",,,,,,750,,750,hcp
galderma,Petra Becker Wegerich,Meilen,Schweiz,Dorfstr. 94,,,,,1500,,,1500,hcp
galderma,Philippe Fallscheer,Lugano,Schweiz,Riva Antonio Caccia 1a,,,,,1500,,,1500,hcp
galderma,Ralph Braun,Zürich,Schweiz,"Dermatologische, Klinik USZ, Dermatologische, KlinikUniversitätsspital, Gloriastr., 31",,,,,,2000,,2000,hcp
galderma,Raphael Wirth,Biel,Schweiz,Rue du Général-Dufour 17,,,,,1500,,,1500,hcp
galderma,Reinhard Dummer,Zürich,Schweiz,"Dermatologische Klinik USZ, Dermatologische Klinik, Universitätsspital Gloriastr., 31",,,,,,2000,,2000,hcp
galderma,Reinhold Spur,Zürich,Schweiz,Albisstr. 80,,,,,1500,,,1500,hcp
galderma,Roger Gmür,Zollikon,Schweiz,"Klinik Tiefenbrunnen, Dammstr. 29",,,,,1500,,,1500,hcp
galderma,Roya Jeyrani,Oberrieden,Schweiz,Seestr. 97,,,,,1500,,,1500,hcp
galderma,Sabine Bruckert,Bülach,Schweiz,"DERMIS Hautklinik, Schaffhauserstr. 53",,,,,1500,,,1500,hcp
galderma,Simone Eggli,Bern,Schweiz,"Centerclinic für Plastische Chirurgie, Hirschengraben 7",,,,,1500,,,1500,hcp
galderma,Susanne Kristof,Jona,Schweiz,"rappjderm, Allmeindstr. 5",,,,,1500,3500,,5000,hcp
galderma,Thierry Dauvillaire,Genève,Schweiz,"IMADERM SA, Route de Florissant 1",,,,,,2000,,2000,hcp
galderma,Thomas Würsch,Zürich,Schweiz,Bahnhofstr. 14,,,,,1500,,,1500,hcp
galderma,Valentina Bestetti,Thun,Schweiz,"Chirurgische Praxis, Hohmad GmbH, Hohmadstr. 1",,,,,1500,,,1500,hcp
galderma,Veronique Bani,Lausanne,Schweiz,"Centre de Médecine, Esthétique, Avenue d'Ouchy 14",,,,,800,,,800,hcp
galderma,Wolf-Dieter Janthur,Aarau,Schweiz,"Kantonsspital Aarau AG / Onkologie/Hämatologie / Haus 40, Kantonsspital Aarau AG, Tellstr.",,,,,,900,,900,hcp
