company,name,location,country,address,uci,donations_grants,sponsorship,registration_fees,travel_accommodation,fees,related_expenses,total,type
gilead,ARUD - Zentrum für Suchtmedizin,Zürich,Schweiz,Konradstr. 32,,16000,60829.01,3644.14,7213.35,7991.61,,95678.11,hco
gilead,Aerztenetzwerk Bern,Zürich,Schweiz,Bahnhofplatz 4,,,3500,,,,,3500,hco
gilead,Association contre le VIH,Basel,Schweiz,"Spitalstr. 12 c/o Inst. F. Klein, Unisp. Basel",,,,,,16200,,16200,hco
gilead,CFCH,Bern,Schweiz,Altenbergstr. 29,,,3000,,,,,3000,hco
gilead,CHUV,Lausanne,Schweiz,Rue du Bugnon 46,,15000,23391.5,4006.08,13219.41,,1257.52,56874.51,hco
gilead,CHUV - Gastroenterologie et Hepatologie,Lausanne,Schweiz,Rue du Bugnon 46,,4200,,1146.9,,2993,,8339.9,hco
gilead,CHUV - PMU Policlinique Medicale,Lausanne,Schweiz,Rue du Bugnon 44,,,,,300,,,300,hco
gilead,Clinique de la Source,Lausanne,Schweiz,Avenue Vinet 30,,,5000,,,,,5000,hco
gilead,EASL,Genève,Schweiz,Rue Daubin 7,,334100.68,122631.09,,,,,456731.77,hco
gilead,ECMM,Basel,Schweiz,"Nauenstr. 49 c/o Steiger, Zumstein & Partners",,16814.02,,,,,,16814.02,hco
gilead,Ente Ospedaliero Cantonale(EOC),Bellinzona,Schweiz,Viale Officina 3,,4000,8335.45,27000,,250,,39585.45,hco
gilead,Fammid,Lausanne,Schweiz,Pont Charles Bessieres 3 c/o Fiduciaire Maillard S. A.,,,10800,,,,,10800,hco
gilead,Fond. frib. recherche sur cancer,Bourguillon,Schweiz,Rue Max von Sachsen 4 c/o Prof. Daniel Betticher,,10000,,,,,,10000,hco
gilead,Fondazione Epatocentro Ticino,Lugano,Schweiz,Via Soldino 5,,,39420,,,,,39420,hco
gilead,FoROMe,Lausanne,Schweiz,Avenue Pierre-Decker 2 PAV 02-21.,,,10000,,,,,10000,hco
gilead,GastroPraxis Enge,Zürich,Schweiz,General-Willestr. 15,,,1500,,,2250,,3750,hco
gilead,Gioti,Breganzona,Schweiz,Via Carà  11,,,350,,,,,350,hco
gilead,Hirslanden SA Clinique Bois-Cerf,Lausanne,Schweiz,Avenue d'Ouchy 31,,,,,,833.33,166.67,1000,hco
gilead,Hôpital du Valais,Sion,Schweiz,Avenue Grand-Champsec 80,,,,2140.92,2586.61,,,4727.53,hco
gilead,Hôpitaux Universitaires Genève,Genève,Schweiz,Rue Gabrielle Perret-Gentil 4,,121240,48893.2,4000,,,,174133.2,hco
gilead,Hôpitaux Universitaires Genève,Genève,Schweiz,Rue Gabrielle-Perret-Gentil 4,,120000,,,,,,120000,hco
gilead,iNetz,Zürich,Schweiz,Bahnhofplatz 4 c/o Pro Medicus GmbH,,,3500,,,,,3500,hco
gilead,Infodrog,Bern,Schweiz,Eigerplatz 5,,,2320,,,,,2320,hco
gilead,Inhsu,Zürich,Schweiz,Konradstr. 32 c/o Arud Zentren f. Suchtmedizin,,33734.5,,,,,,33734.5,hco
gilead,Inselspital,Bern,Schweiz,Freiburgstr. 18,,31000,89077.24,8597.85,38204.77,11640.53,1272.15,179792.54,hco
gilead,Inselspital,Bern,Schweiz,Freiburgstr. 4 Inselspital,,,60000,,,,,60000,hco
gilead,Institut für Präventivmedizin,Bern,Schweiz,Finkenhubelweg 11,,,1000,,,,,1000,hco
gilead,InterDigest,Zürich,Schweiz,Toblerstr. 51,,,2000,,,,,2000,hco
gilead,Kantonsspital Aarau AG,Aarau,Schweiz,Teilstr.,,,31400.8,3142.68,8804.22,2573.53,176.47,46097.7,hco
gilead,Kantonsspital Baden AG,Baden,Schweiz,Im Ergel 1,,,800,,,,,800,hco
gilead,Kantonsspital Baselland,Liestal,Schweiz,Rheinstr. 26,,94144.15,1074,1013.34,8611.49,4320,,109162.98,hco
gilead,Kantonsspital Bruderholz,Bruderholz,Schweiz,,,,,,,1364.65,181.95,1546.6,hco
gilead,Kantonsspital Frauenfeld,Frauenfeld,Schweiz,Pfaffenholzstr. 4,,,,152.31,2063.46,,,2215.77,hco
gilead,Kantonsspital Graubünden,Chur,Schweiz,Loestr. 170,,,3000,1329.63,3373.93,,,7703.56,hco
gilead,Kantonsspital Münsterlingen,Münsterlingen,Schweiz,Spitalcampus 1,,,,641.67,1248.69,3083.33,,4973.69,hco
gilead,Kantonsspital St. Gallen,St. Gallen,Schweiz,Rorschacherstr. 95,,,137204.6,4504.83,14430.16,4436.16,535.84,161111.59,hco
gilead,Kantonsspital St. Gallen,St. Gallen,Schweiz,Frohbergstr. 3,,,1000,,,,,1000,hco
gilead,Kinderspital Zürich,Zürich,Schweiz,Steinwiesstr. 75,,,,,,1000,,1000,hco
gilead,Klinik Beau-Site,Bern,Schweiz,Schänzlihalde 11 Flirslanden Gruppe AG,,,1000,,,,,1000,hco
gilead,Klinik Hirslanden,Zürich,Schweiz,Witellikerstr. 40,,,,,,1000,,1000,hco
gilead,Luzerner Kantonsspital,Luzern,Schweiz,Spitalstr.,,,5820,508.53,550.58,900,180,7959.11,hco
gilead,Luzerner Kantonsspital Sursee,Sursee,Schweiz,Spitalstr. 16a,,,,250.61,636.51,,,887.12,hco
gilead,Maihof praxis AG,Luzern,Schweiz,Maihofstr. 1,,,,1023.65,746,500,,2269.65,hco
gilead,OLM Fondazione Oncologia,Locarno,Schweiz,via Ciseri 19 c/o Centro Triangolo,,,1500,,,,,1500,hco
gilead,Onkologiepflege Schweiz,Kleinandelfingen,Schweiz,Flirstigstr. 13,,,8250,,,,,8250,hco
gilead,Ospedale Bellinzona e Valli EOC,Bellinzona,Schweiz,Via Ospedale,,4000,,,,,,4000,hco
gilead,Ospedale Bellinzona e Valli EOC,Bellinzona,Schweiz,Via Ospedale Ospedale San Giovanni,,54000,,,,6844.05,,60844.05,hco
gilead,pharmActuel Vaud,Cugy,Schweiz,Case postale 62,,,2000,,,,,2000,hco
gilead,Regionalspital Surselva AG,Nanz,Schweiz,Spitalstr. 6,,,500,,,,,500,hco
gilead,SAKK,Bern,Schweiz,Effingerstr. 40,,,9072,,,,,9072,hco
gilead,Sakk-Spog-Gops,Bern,Schweiz,Effingerstr. 33,,,5000,,,,,5000,hco
gilead,SAMMSU Swiss Association for the medical Management in Substance Users,Basel,Schweiz,Hammerstr.,,,50000,,,,,50000,hco
gilead,SASL,Zürich,Schweiz,Toblerstr. 51 Gastroenterologie Bethanien,,,4320,,,,,4320,hco
gilead,SGG/SSG,Bern,Schweiz,Wattenwylweg 21,,,31050,,,,,31050,hco
gilead,Sgh-Ssh,Münsingen,Schweiz,Innerer Giessenweg 37,,,4000,,,,,4000,hco
gilead,Sgim - Ssmi,Basel,Schweiz,Solothurnerstr. 68,,,6307.2,,,,,6307.2,hco
gilead,SGInf Schw. Gesel. Infektiologie,Bern,Schweiz,Freiburgstr. 18,,,59436,,,,,59436,hco
gilead,Stadtspital Triemli,Zürich,Schweiz,Birmensdorferstr. 497,,,20480,4473.95,4012.03,3000,,31965.98,hco
gilead,Stadtspital Waid,Zürich,Schweiz,Tièchestr. 99,,,,372.89,,,,372.89,hco
gilead,SVA Sektion Graubünden,Chur,Schweiz,Eichenweg 1,,,500,,,,,500,hco
gilead,SVTM,Bern,Schweiz,Laupenstr. 37 c/o Blutspende SRK Schweiz,,,1000,,,,,1000,hco
gilead,Swiss Academic Foundation,Bern,Schweiz,Friedbühlstr. 51 c/o Institut für Infektiologie,,,50000,,,,,50000,hco
gilead,Swiss HIV Cohort Study Research,Lausanne,Schweiz,Pont Bessieres 3 c/o Fiduciaire Maillard SA,,60000,,,,,,60000,hco
gilead,Swiss Tumor Institute PI. Zurich,Zürich,Schweiz,Seefeldstr. 214,,,30000,,,,,30000,hco
gilead,Universität Basel,Basel,Schweiz,Petersplatz 1 Studiensekretariat,,50000,35223.55,,,,,85223.55,hco
gilead,Universität Zürich,Zürich,Schweiz,Rämistr. 71,,40000,26210,,5325.15,,,71535.15,hco
gilead,Universitätsspital Basel,Basel,Schweiz,Spitalstr. 21,,10800,19294.44,5147.26,13213.15,833.33,,49288.18,hco
gilead,Universitätsspital Basel,Basel,Schweiz,Petersgraben 4,,,,478.3,956.6,,,1434.9,hco
gilead,UniversitätsSpital Zürich,Zürich,Schweiz,Rämistr. 100,,,28069.84,10480,2279.3,3000,,43829.14,hco
gilead,UniversitätsSpital Zürich,Zürich,Schweiz,"Universitätsspital Zürich, Rämistr. 100",,,9180,,,,,9180,hco
gilead,UniversitätsSpital Zürich,Zürich,Schweiz,"Universitätsspital Zürich, Rämistr. 100",,,,,,750,,750,hco
gilead,Université de Genève,Genève,Schweiz,Rue Général-Dufour 24,,139206.3,,,,,,139206.3,hco
gilead,VGZ Verein Gastroenterologie Zürich,Uster,Schweiz,Poststr. 2,,,3000,,,,,3000,hco
gilead,World Hepatitis Alliance,Genève,Schweiz,Route De Frontenex 86 bis,,343320.53,,,,1221.89,2511.84,347054.26,hco
gilead,Zentrum für Suchtmedizin ZfS,Basel,Schweiz,Haltingerstr. 65,,,500,,,,,500,hco
gilead,Achim Weber,Zürich,Schweiz,Rämistr. 100 Zürich,,,,,,2250,,2250,hcp
gilead,Adrian Schmidt,Zürich,Schweiz,Birmensdorferstr. 497,,,,298.36,1243.98,,,1542.34,hcp
gilead,Alain Vonlaufen,Genève,Schweiz,Rue Giovanni-gambini 8,,,,329.67,435.13,,,764.8,hcp
gilead,Alberto Moriggia,Lugano,Schweiz,Via Soldino 5,,,,352.34,722.25,750,,1824.59,hcp
gilead,Albrecht Popp,Bern,Schweiz,Freiburgstr. 18,,,,,,1250,,1250,hcp
gilead,Alexandre Restellini,Onex,Schweiz,Route de Loëx 3,,,,329.63,811.86,,,1141.49,hcp
gilead,Andreas Plückthun,Zürich,Schweiz,Winterthurerstr. 190,,,,,,4184.48,,4184.48,hcp
gilead,Anja Mönch,Zürich,Schweiz,Bellariastr. 38 Klinik Im Park AG,,,,319.3,136.84,,,456.14,hcp
gilead,Anouk Andrea Widmer,Zürich,Schweiz,"Universitätsspital Zürich, Rämistr. 100",,,,531.61,1304.91,833.33,166.67,2836.52,hcp
gilead,Antonella Robatto,Lugano,Schweiz,Via Soldino 5,,,,418.72,974.33,,,1393.05,hcp
gilead,Astrid Schönenberger,Langenthal,Schweiz,St. Urbanstr. 67,,,,277.65,1193.57,,,1471.22,hcp
gilead,Barbara Bertisch-Möllenhoff,Zürich,Schweiz,Konradstr. 1,,,,893.16,2269.39,,,3162.55,hcp
gilead,Barbara Schlup,Zug,Schweiz,Meisenbergstr. 17,,,,,,1081.9,,1081.9,hcp
gilead,Beat Helbling,Zürich,Schweiz,Toblerstr. 51,,,,,,3000,,3000,hcp
gilead,Beat Müllhaupt,Zürich,Schweiz,"Universitätsspital Zürich, Rämistr. 100",,,,,,3000,,3000,hcp
gilead,Benedetta Terziroli Beretta-Piccoli,Lugano,Schweiz,Via Soldino 5,,,,,1286.27,,,1286.27,hcp
gilead,Benjamin Preiswerk,Zürich,Schweiz,Birmensdorferstr. 497,,,,,,250,,250,hcp
gilead,Bernard Hirschel,Genève,Schweiz,Rue Gabrielle-Perret-Gentil 4,,,,,,2500,,2500,hcp
gilead,Bernhard Victor Sauter,Zürich,Schweiz,Witellikerstr. 40,,,,,,500,,500,hcp
gilead,Bettina Engel,Lausanne,Schweiz,Avenue du Théâtre 7,,,,277.02,823.46,,,1100.48,hcp
gilead,Björn Hostmann,Baden,Schweiz,Im Ergel 1,,,,,,833.33,166.67,1000,hcp
gilead,Boris Schleiffenbaum,Zürich,Schweiz,Bellariastr. 38,,,,,573.46,,,573.46,hcp
gilead,Bruno Ledergerber,Zürich,Schweiz,"Universitätsspital Zürich, Rämistr. 100",,,,741.58,1415.34,,,2156.92,hcp
gilead,Caroline Di Benedetto,Lugano,Schweiz,"Ospedale Civico, Via Tesserete 46",,,,473.48,817.11,,,1290.59,hcp
gilead,Carsten Depmeier,Zürich,Schweiz,Badenerstr. 177,,,,197.2,295.8,,,493,hcp
gilead,Catia Marzolini Krauser,Basel,Schweiz,Petersgraben 4,,,,,,1323.53,176.47,1500,hcp
gilead,Christian Garzoni,Lugano,Schweiz,Riva Caccia 1 b,,,,,1561.4,,,1561.4,hcp
gilead,Christian Jaccard,Lausanne,Schweiz,Avenue de Rumine 35,,,,741.58,1332.57,,,2074.15,hcp
gilead,Christian Ruis,Thun,Schweiz,Krankenhausstr. 12,,,,250.61,465.67,,,716.28,hcp
gilead,Christian Van Delden,Genève,Schweiz,Rue Gabrielle-Perret-Gentil 4,,,,673.12,1710.2,5576.45,1756.1,9715.87,hcp
gilead,Christiane Resch,Thun,Schweiz,Krankenhausstr. 12,,,,58.26,233.04,,,291.3,hcp
gilead,Christoph Renner,Zürich,Schweiz,Witellikerstr. 40,,,,,,1375,,1375,hcp
gilead,Christoph Roland Dürig,Luzern,Schweiz,Maihofstr. 1,,,,151.78,477.9,,,629.68,hcp
gilead,Clara Thierfelder,Basel,Schweiz,Eisengasse 8,,,,151.78,1859.91,,,2011.69,hcp
gilead,Claude Scheidegger,Basel,Schweiz,Birsigstr. 10,,,,1183.06,4120.56,2312.5,187.5,7803.62,hcp
gilead,Claudia Hirschi,Luzern,Schweiz,Hirschengraben 33,,,,250.61,451.09,,,701.7,hcp
gilead,Claudia Papet,Schlieren,Schweiz,Urdorferstr. 100,,,,,573.46,,,573.46,hcp
gilead,Claudine Helg,Genève,Schweiz,Rue Maunoir 26,,,,707.25,5451.45,,,6158.7,hcp
gilead,Claudine Kocher,Baden,Schweiz,Im Ergel 1,,,,741.58,1705.11,,,2446.69,hcp
gilead,Claudine Zellweger,Bern,Schweiz,Schänzlihalde 1,,,,556.88,1113.77,,,1670.65,hcp
gilead,Claudius Irlé,Meyrin,Schweiz,Avenue J.-D.-Maillard 11,,,,707.25,4321.39,,,5028.64,hcp
gilead,Cristina Bellini,Vevey,Schweiz,Boulevard Paderewski 3,,,,348.02,1207.67,,,1555.69,hcp
gilead,Daniel Betticher,Fribourg,Schweiz,Chemin des Pensionnats 2,,,,,,833.33,166.67,1000,hcp
gilead,Daniel Genné,Biel/Bienne,Schweiz,Vogelsang 84,,,,348.02,1201.75,1750,,3299.77,hcp
gilead,Daniel Peternac,Zürich,Schweiz,Tièchestr. 99,,,,,404.69,,,404.69,hcp
gilead,Daniel Steiner,Zürich,Schweiz,Schulstr. 37,,,,741.58,1394.34,,,2135.92,hcp
gilead,David Mondada,Morges,Schweiz,Rue Louis de Savoie 56,,,,329.67,959.34,,,1289.01,hcp
gilead,David Semela,St. Gallen,Schweiz,"Kantonsspital St. Gallen, Rorschacherstr. 95",,,,,,1312.5,187.5,1500,hcp
gilead,David Thorn,Basel,Schweiz,Lange Gasse 78,,,,,860.2,,,860.2,hcp
gilead,Davide Rossi,Bellinzona,Schweiz,Via Ospedale Ospedale San Giovanni,,,,,,,2888,2888,hcp
gilead,Dominique Braun,Zürich,Schweiz,"Universitätsspital Zürich, Rämistr. 100",,,,,,1312.5,187.5,1500,hcp
gilead,Dominique Piguet,Biel/Bienne,Schweiz,Bahnhofstr. 14,,,,,573.46,,,573.46,hcp
gilead,Eirini Kouroupi,Neuchâtel,Schweiz,Rue de la Maladière 45,,,,172.53,517.57,,,690.1,hcp
gilead,Emanuela Salati,Monthey,Schweiz,Route de Morgins 54,,,,159.86,1158.86,,,1318.72,hcp
gilead,Emanuele Zucca,Bellinzona,Schweiz,Via Ospedale,,,,530.56,8197.94,,,8728.5,hcp
gilead,Emmanuelle Boffi El Amari,Genève,Schweiz,Rue de la Servette 55,,,,741.58,1509.16,,,2250.74,hcp
gilead,Enos Bernasconi,Lugano,Schweiz,Via T esserete 46 Ospedaie Civico,,,,503.08,1348.47,750,,2601.55,hcp
gilead,Erich Seifritz,Zürich,Schweiz,Lenggstr. 31,,,,,,2550,,2550,hcp
gilead,Eugenio Fernández,Genève,Schweiz,"HUG, Rue Gabrielle-Perret-Gentil 4",,,,,573.46,,,573.46,hcp
gilead,Felix Stickel,Bern,Schweiz,Schänzlihalde 11,,,,250.61,510.72,,,761.33,hcp
gilead,Flaminia Olearo,Genève,Schweiz,Rue Gabrielle-Perret-Gentil 4,,,,348.02,1495.07,,,1843.09,hcp
gilead,Florence Boll-Pellaud,Genève,Schweiz,Rue Gabrielle-Perret-Gentil 4,,,,466.72,200.03,687.5,,1354.25,hcp
gilead,Florian Bihl,Lugano,Schweiz,ViaGemmo 11,,,,,,867.5,,867.5,hcp
gilead,France Laurencet,Carouge GE,Schweiz,Rue Jacques-Grosselin 25,,,,277.65,717.85,,,995.5,hcp
gilead,Francesco Negro,Genève,Schweiz,Rue Gabrielle-Perret-Gentil 4,,,,542.47,7493.6,2550,,10586.07,hcp
gilead,Georg Stiissi,Bellinzona,Schweiz,Via Ospedale Ospedale San Giovanni,,,,353.62,4134.43,,,4488.05,hcp
gilead,Georgios Georgiou,Lausanne,Schweiz,Rue de la Vigie 5,,,,1220.99,2626.76,1250,,5097.75,hcp
gilead,Grégoire Berthod,Sion,Schweiz,Avenue Grand-Champsec 80 Hôpital de Sion (CHCVs/RSV),,,,159.86,842.91,,,1002.77,hcp
gilead,Hagen Luft-Wüthrich,Zürich,Schweiz,Neumünsterstr. 30,,,,625.26,1726.19,,,2351.45,hcp
gilead,Hamdi Abeidi,Sierre,Schweiz,Route De Sion 31,,,,,908.21,,,908.21,hcp
gilead,Hannes Michel,Schaffhausen,Schweiz,Rheinstr. 17,,,,,573.46,,,573.46,hcp
gilead,Hans Weber Achim,Zürich,Schweiz,Schmelzbergstr. 12,,,,,,750,,750,hcp
gilead,Heinrich Bucher,Zofingen,Schweiz,Bärengasse 23,,,,,,3488,,3488,hcp
gilead,Helen Kovari,Zürich,Schweiz,"Universitätsspital Zürich, Rämistr. 100",,,,,4000,3000,,7000,hcp
gilead,Henning Burmeister,Thun,Schweiz,Krankenhausstr. 12,,,,277.65,1193.97,,,1471.62,hcp
gilead,Ignaz Good,Walenstadt,Schweiz,Spitalstr. 5,,,,250.61,539.66,,,790.27,hcp
gilead,Isabelle Morard,Genève,Schweiz,Avenue de la Roseraie 76 A,,,,1119.63,3720.28,,,4839.91,hcp
gilead,Jacques Fellay,Lausanne,Schweiz,Rue du Bugnon 46,,,,,,2192.65,,2192.65,hcp
gilead,Jan Fehr,Zürich,Schweiz,"Universitätsspital Zürich, Rämistr. 100",,,,,1903.17,,,1903.17,hcp
gilead,Jan Piso Rein,Olten,Schweiz,Baslerstr. 150,,,,,,250,,250,hcp
gilead,Jean Guyot,Nyon,Schweiz,Chemin des Rosiers 3,,,,329.63,862.74,,,1192.37,hcp
gilead,Jean-François Balavoine,Genève,Schweiz,Avenue de Champel 6,,,,641.67,1529.74,250,,2421.41,hcp
gilead,Jean-Philippe Chave,Lausanne,Schweiz,Chemin Porchat 24,,,,473.44,745.43,3000,,4218.87,hcp
gilead,Jerome Gouttenoire,Lausanne,Schweiz,Rue du Bugnon 44,,,,,,1023.56,,1023.56,hcp
gilead,Jerome Voegeli,La Chaux-de-Fonds,Schweiz,Rue De La Montag ne 2,,,,353.62,5040.13,,,5393.75,hcp
gilead,Joachim Mertens,Zürich,Schweiz,"Universitätsspital Zürich, Rämistr. 100",,,,,1524.53,,,1524.53,hcp
gilead,Joel Thorens,Yverdon-les-Bains,Schweiz,Rue d'Orbe 27,,,,329.63,682.68,,,1012.31,hcp
gilead,Josef Jost,Zürich,Schweiz,Bellariastr. 38 Klinik Im Park AG,,,,,,250,,250,hcp
gilead,Karin Hohloch,Chur,Schweiz,Loestr. 170 Kantonsspital Chur,,,,,,833.33,166.67,1000,hcp
gilead,Karol Schuster,Wetzikon ZH,Schweiz,Spitalstr. 66,,,,488.05,902.99,,,1391.04,hcp
gilead,Karoline Aebi-Popp,Bern,Schweiz,SchOnburgstr. 19,,,,741.58,1317.98,,,2059.56,hcp
gilead,Katharina Casauro,Männedorf,Schweiz,Asylstr. 10 Spital Männedorf,,,,277.02,704.56,,,981.58,hcp
gilead,Kaveh Samii,Genève,Schweiz,Rue Gabrielle-Perret-Gentil 4,,,,298.36,1724.72,,,2023.08,hcp
gilead,Khoutir Bacha Mahour,Vevey,Schweiz,Avenue de la Prairie 3,,,,159.86,1316.16,,,1476.02,hcp
gilead,Klaus Wehr,Zürich,Schweiz,General-Willestr. 15,,,,,716.59,750,,1466.59,hcp
gilead,Laurent Spahr,Genève,Schweiz,Rue Gabrielle-Perret-Gentil 4,,,,1256.46,8254.39,,,9510.85,hcp
gilead,Lemis Kraveczova-Jafarova,Horgen,Schweiz,Seestr. 185,,,,352.34,700.45,,,1052.79,hcp
gilead,Leonardo Aceto,Zürich,Schweiz,Birmensdorferstr. 497,,,,,,250,,250,hcp
gilead,Lorenzo Magenta,Lugano,Schweiz,Via Soldino 5,,,,72.89,593.96,846,,1512.85,hcp
gilead,Loretta Hasler,Biel/Bienne,Schweiz,Hans-Hugi-Str. 3,,,,277.02,716.66,,,993.68,hcp
gilead,Madeleine Rothen,Basel,Schweiz,Sankt Johanns-Vorstadt 44,,,,,,1077,,1077,hcp
gilead,Marc Gander,Lausanne,Schweiz,Avenue Louis-Ruchonnet 2,,,,277.65,1046.42,,,1324.07,hcp
gilead,Marc Isler,Zürich,Schweiz,Selnaustr. 9,,,,352.34,642.08,,,994.42,hcp
gilead,Marcel Stöckle,Basel,Schweiz,Petersgraben 4,,,,274.28,1097.12,2862.75,204.25,4438.4,hcp
gilead,Mario Bargetzi,Aarau,Schweiz,Tellstr. 25,,,,,,833.33,166.67,1000,hcp
gilead,Markus Andrea Herold,Luzern,Schweiz,Maihofstr. 1,,,,151.78,395.72,,,547.5,hcp
gilead,Markus Breulmann,Zürich,Schweiz,Konradstr. 1 Zürich,,,,151.78,198.44,,,350.22,hcp
gilead,Markus Hermann Heim,Basel,Schweiz,Petersgraben 4,,,,,1065.58,,,1065.58,hcp
gilead,Markus Sieber,Grächen,Schweiz,Haus Bergfriede,,,,,405.36,,,405.36,hcp
gilead,Martin Peter Schelling,Lachen SZ,Schweiz,Oberdorfstr. 41,,,,250.61,287.99,,,538.6,hcp
gilead,Mathias Schmid,Zürich,Schweiz,Birmensdorferstr. 497,,,,,,833.33,166.67,1000,hcp
gilead,Mathieu Rougemont,Genève,Schweiz,Plateau de Champel 20,,,,473.48,350.55,,,824.03,hcp
gilead,Matteo Reymond,Genève,Schweiz,Rue Gabrielle Perret-Gentil 4 Geneve,,,,,892.96,,,892.96,hcp
gilead,Max Solenthaler,Thun,Schweiz,Krankenhausstr. 12,,,,298.36,1646.81,,,1945.17,hcp
gilead,Michael Bühlmann,Burgdorf,Schweiz,Oberburgstr. 54,,,,,910.7,,,910.7,hcp
gilead,Michael Kluschke,Zürich,Schweiz,Konradstr. 1,,,,151.78,198.44,250,,600.22,hcp
gilead,Michael Osthoff,Basel,Schweiz,Petersgraben 4,,,,,1698.2,250,,1948.2,hcp
gilead,Michaela Sauter,Thun,Schweiz,Krankenhausstr. 12,,,,277.02,855.01,,,1132.03,hcp
gilead,Michel Starobinski,Onex,Schweiz,Route De Chancy 98,,,,531.61,1450.99,,,1982.6,hcp
gilead,Michele Ghielmini,Bellinzona,Schweiz,Via Ospedale Ospedale San Giovanni,,,,531.61,494.53,5125,2516.27,8667.41,hcp
gilead,Michele Stalder-Gaillard,Genève,Schweiz,Route De Sion 31,,,,159.86,920.86,,,1080.72,hcp
gilead,Monald Meyer,Luzern,Schweiz,Theaterstr. 7,,,,250.61,510.72,,,761.33,hcp
gilead,Nadjibulah Gholami,Zürich,Schweiz,Sihlhallenstr. 30,,,,151.78,518.8,,,670.58,hcp
gilead,Nasser Semmo,Bern,Schweiz,Freiburgstr. 4 Inselspital,,,,,,562.5,187.5,750,hcp
gilead,Nathalie Brunner,Zürich,Schweiz,Stampfenbachstr. 106,,,,685.29,1349.33,250,,2284.62,hcp
gilead,Nathalie Scherz,Zürich,Schweiz,Stampfenbachstr. 106,,,,,,,201.4,201.4,hcp
gilead,Nathan Cantoni,Aarau,Schweiz,Teilstr. 25,,,,,,3093,,3093,hcp
gilead,Neberay Yodit Seium,Genève,Schweiz,Rue de Chantepoulet 21,,,,,888.21,,,888.21,hcp
gilead,Nhu-Nam Tran-Thang,Lausanne,Schweiz,Avenue Alexandre-Vinet 19b,,,,159.86,1046.36,,,1206.22,hcp
gilead,Nicolas Johannes Müller,Zürich,Schweiz,"Universitätsspital Zürich, Rämistr. 100",,,,,7983.8,,,7983.8,hcp
gilead,Nicolas Ketterer,Lausanne,Schweiz,Avenue Du Servan 10,,,,159.86,1160.86,,,1320.72,hcp
gilead,Niklas Labhardt,Basel,Schweiz,Hebelstr. 10 Basel,,,,400,1400,,,1800,hcp
gilead,Nina Khanna,Basel,Schweiz,Petersgraben 4,,,,,,2569.78,1732.34,4302.12,hcp
gilead,Norman Büchel-Hilti,Sargans,Schweiz,Grossfeldstr. 79,,,,250.61,512.23,,,762.84,hcp
gilead,Olga Tsopra,Genève,Schweiz,Rue Gabrielle-Perret-Gentil 4,,,,159.86,920.86,,,1080.72,hcp
gilead,Oliver Caviezel,Zürich,Schweiz,Konradstr. 1 Zürich,,,,151.78,506.14,,,657.92,hcp
gilead,Olivier Clerc,Neuchâtel,Schweiz,Rue de la Maladière 45,,,,1250.11,2381.91,1750,,5382.02,hcp
gilead,Olivier Nawej Tschikung,Genève,Schweiz,Rue Gabrielle-Perret-Gentil 4,,,,188.42,376.83,,,565.25,hcp
gilead,Pablo Munoz,Zug,Schweiz,Bahnhofstr. 28,,,,250.61,474.42,,,725.03,hcp
gilead,Peter Keller,Langenthal,Schweiz,St. Urbanstr. 67,,,,353.62,1353.93,,,1707.55,hcp
gilead,Klaus Peter Schalk,Aarau,Schweiz,Rain 34,,,,536.17,1253.76,,,1789.93,hcp
gilead,Peter Schreiber,Zürich,Schweiz,"Universitätsspital Zürich, Rämistr. 100",,,,641.67,1529.12,,,2170.79,hcp
gilead,Philip Bruggmann,Zürich,Schweiz,Konradstr. 1,,,,359.91,952.15,3895.83,,5207.89,hcp
gilead,Philippe Cottagnoud,Bern,Schweiz,Schänzlihalde 11,,,,,,,258,258,hcp
gilead,Photis Beris,Genève,Schweiz,Avenue Blanc 51,,,,298.36,2426.04,,,2724.4,hcp
gilead,Piero Valli,Zürich,Schweiz,"Universitätsspital Zürich, Rämistr. 100",,,,1183.57,3401.12,,,4584.69,hcp
gilead,Pierre-Yves Lovey,Sion,Schweiz,Avenue Grand-Champsec 86 ICHV,,,,531.61,1051.65,,,1583.26,hcp
gilead,Rainer Weber,Zürich,Schweiz,"Universitätsspital Zürich, Rämistr. 100",,,,550.99,6300.49,,,6851.48,hcp
gilead,Raphael Haberthür,Breitenbach,Schweiz,Alice Vogt-Str. 2,,,,,573.46,,,573.46,hcp
gilead,Regina Esser,Zürich,Schweiz,Sihlhallenstr. 30,,,,1250.11,1702.92,,,2953.03,hcp
gilead,Reinhard Baumann,Zürich,Schweiz,Dufourstr. 29,,,,768.43,,,,768.43,hcp
gilead,Reto Laffer,Langenthal,Schweiz,St. Urbanstr. 67,,,,741.58,1148.16,,,1889.74,hcp
gilead,Reto Nüesch,Schwyz,Schweiz,Waldeggstr. 10,,,,,,250,,250,hcp
gilead,Robert Bründler,Luzern,Schweiz,Hertensteinstr. 29,,,,759.88,691.3,,,1451.18,hcp
gilead,Ronald Kraemer,Genève,Schweiz,Rue Emile-Yung 4,,,,159.86,1237.36,,,1397.22,hcp
gilead,Sabina Schacher-Kaufmann,Winterthur,Schweiz,Brauerstr. 15,,,,277.65,1035.67,,,1313.32,hcp
gilead,Sabine Sandra Bühler,Bern,Schweiz,Bremgartenstr. 117,,,,277.02,844.99,,,1122.01,hcp
gilead,Sebastian Haubitz,Aarau,Schweiz,Teilstr. 25 Haus 7,,,,,1551.32,,,1551.32,hcp
gilead,Jeroen Simon Goede,Winterthur,Schweiz,Brauerstr. 15,,,,1500,,833.33,,2333.33,hcp
gilead,Sophie Buyse,Yverdon-les-Bains,Schweiz,Rue du Four 6,,,,329.63,160.8,,,490.43,hcp
gilead,Sophie Rytz,Muri b. Bern,Schweiz,Mettlengässli 2,,,,514.85,520.58,,,1035.43,hcp
gilead,Spyridon Arampatzis,Bern,Schweiz,Freiburgstr. 15,,,,,,1250,,1250,hcp
gilead,Stefan Küster,Zürich,Schweiz,"Universitätsspital Zürich, Rämistr. 100",,,,348.02,1341.82,,,1689.84,hcp
gilead,Stefan Zimmerli,Bern,Schweiz,Freiburgstr. 18 Inselspital PKT2 B Stock B,,,,,,1000,,1000,hcp
gilead,Stephane Cochet,Lausanne,Schweiz,Avenue Alexandre-Vinet 19b,,,,277.75,603.78,,,881.53,hcp
gilead,Sylvain de Lucia,Genève,Schweiz,Avenue de Beau-Sejour 26 SMIR - Beau-Sejour,,,,,,562.5,,562.5,hcp
gilead,Theresia Hardegger,Luzern,Schweiz,Obergrundstr. 44,,,,277.02,823.23,,,1100.25,hcp
gilead,Thierry Nicolet,Nyon,Schweiz,Rue Neuve 7,,,,473.34,749.59,,,1222.93,hcp
gilead,Urs Schanz,Zürich,Schweiz,"Universitätsspital Zürich, Rämistr. 100",,,,377.33,914.09,,,1291.42,hcp
gilead,Ursula Kapp,Wetzikon ZH,Schweiz,Spitalstr. 66,,,,,573.46,,,573.46,hcp
gilead,Ute Gick,Thun,Schweiz,Krankenhausstr. 12,,,,,573.46,,,573.46,hcp
gilead,Valerie Frossard,Sion,Schweiz,Avenue Grand-Champsec 86 ICHV,,,,531.61,2093.52,,,2625.13,hcp
gilead,Vito Spataro,Genève,Schweiz,Viale Stazione 23,,,,531.61,1359.91,,,1891.52,hcp
gilead,Volker Kirchner,Genolier,Schweiz,"Clinique de Genolier SA, Route du Muids 3",,,,277.75,983.94,,,1261.69,hcp
gilead,Walter Suter,Schwyz,Schweiz,Zeughausstr. 10,,,,250.61,451.09,,,701.7,hcp
gilead,Willi Forster,Solothurn,Schweiz,Dornacherplatz 17,,,,13.68,714.3,,,727.98,hcp
gilead,Yvonne Diem Meier,Zürich,Schweiz,Aemtlerstr. 17,,,,,,250,,250,hcp
