company,name,location,country,address,uci,donations_grants,sponsorship,registration_fees,travel_accommodation,fees,related_expenses,total,type
gruenenthal,ADEL Association D'Esculape En Lavaux,Lutry,Schweiz,Grand-Rue 22,,0,2000,0,0,0,0,2000,hco
gruenenthal,Ärztenetzwerk Grauholz,Zolikcfen,Schweiz,Lüfternweg 1,,0,4651.85,0,0,0,0,4651.85,hco
gruenenthal,Ärzteverein Rorschach-Rheintal,Rebstein,Schweiz,Alte Landstr. 106,,0,1000,0,0,0,0,1000,hco
gruenenthal,Association CRAL,Le Mont sur Lausanne,Schweiz,Ch des Buchilles 8,,0,1800,0,0,0,0,1800,hco
gruenenthal,Association Groupe Lausanne Nord,Lausanne,Schweiz,Avenue de Chailly 25,,0,2000,0,0,0,0,2000,hco
gruenenthal,ATiMEF Associazione Ticinese dei Medici di Famiglia e dell'Infanzia,Pambio-Noranco,Schweiz,Strada Cantonale 34,,0,500,0,0,0,0,500,hco
gruenenthal,Ärztenetzwerk beodocs,Interlaken,Schweiz,Rugenparkstr. 7,,0,2500,0,0,0,0,2500,hco
gruenenthal,Berner Reha Zentrum AG,Heiligenschwendi,Schweiz,Schwendi 299,,0,600,0,0,0,0,600,hco
gruenenthal,CHUV,Lausanne,Schweiz,Rue du Bugnon 21,,0,5020,0,0,0,1059.45,6079.45,hco
gruenenthal,Circolo di Qualita PMB,Riva San Vitale,Schweiz,Via alle Pianche 5,,0,500,0,0,0,0,500,hco
gruenenthal,Circolo Medico Tre Valli,Airolo,Schweiz,Via San Gottardo,,0,1400,0,0,0,0,1400,hco
gruenenthal,CRR SuvaCare,Sion,Schweiz,Avenue Grand-Champsec 90,,0,750,0,0,0,0,750,hco
gruenenthal,CSSC - Centre de Soins et de Sante Communautaire,Sainte-Croix,Schweiz,Rue des Rosiers 29,,0,1700,0,0,0,0,1700,hco
gruenenthal,DOXnet,Uettligen,Schweiz,Ahornweg 5,,0,1000,0,0,0,0,1000,hco
gruenenthal,Ente Ospedaliero Cantonale,Bellinzona,Schweiz,Viale Officina 3,,0,600,0,0,0,0,600,hco
gruenenthal,ESRA - The European Society of Regional Anaesthesia & Pain Therapy,Genève,Schweiz,Rue Daubin 7,,43680.4,38227.7,0,0,0,0,81908.1,hco
gruenenthal,Felix Platter-Spital,Basel,Schweiz,Burgfelderstr. 101,,0,3000,0,0,0,0,3000,hco
gruenenthal,Fortbildungsgruppe Adler,Steckborn,Schweiz,Storchengasse 2,,0,1000,0,0,0,0,1000,hco
gruenenthal,Gesellschaft der Ärztinnen und Ärzte des Kantons Solothurn,Egerkingen,Schweiz,Ferchtweg 1,,0,500,0,0,0,0,500,hco
gruenenthal,Gesundheitszentrum Fricktal,Rheinfelden,Schweiz,Riburgerstr. 12,,0,1000,0,0,0,0,1000,hco
gruenenthal,GFSMM Groupe Francophone Suisse de Medecine Manuelle,Genève,Schweiz,"38, Rue de Vermont",,0,800,0,0,0,0,800,hco
gruenenthal,HFR Fribourg-Hôpital Cantonal,Fribourg,Schweiz,Chemin des Pensionnats 2,,0,3500,0,0,0,0,3500,hco
gruenenthal,"HIB, Site Estavayer-le-Lac",Estavayer-le-Lac,Schweiz,Rue de la Rochette,,0,2000,0,0,0,0,2000,hco
gruenenthal,Hôpital de Morges,Morges,Schweiz,Chemin du Crêt 2,,0,1000,0,0,0,0,1000,hco
gruenenthal,Hôpital du Valais,Sion,Schweiz,Avenue Grand-Champsec 80,,0,2000,0,0,0,0,2000,hco
gruenenthal,Hôpitaux Universitaires Genève,Genève,Schweiz,Rue Gabrielle Perret-Gentil 4,,0,2300,0,0,0,0,2300,hco
gruenenthal,Igomed,Thun,Schweiz,Höheweg 26a,,0,1000,0,0,0,0,1000,hco
gruenenthal,Insel Gruppe AG MA,Bern,Schweiz,Freiburgstr. 18,,0,12814.8,0,0,0,395,13209.8,hco
gruenenthal,Kantonsspital Aarau AG,Aarau,Schweiz,Tellstr. 25,,0,4500,0,0,0,0,4500,hco
gruenenthal,Kantonsspital Graubünden,Chur,Schweiz,Loestr. 170,,0,1200,0,0,0,170,1370,hco
gruenenthal,Kantonsspital St. Gallen,St. Gallen,Schweiz,Rorschacherstr. 95,,0,2000,0,0,0,0,2000,hco
gruenenthal,Klinik Impuls,Wetzikon ZH,Schweiz,Bahnhofstr. 137,,0,1500,0,0,0,0,1500,hco
gruenenthal,Kliniken Valens,Valens,Schweiz,Taminaplatz 1,,0,1000,0,0,0,0,1000,hco
gruenenthal,Luzerner Kantonsspital,Luzern,Schweiz,Spitalstr. 31,,0,2000,0,0,0,0,2000,hco
gruenenthal,Medecin Grimm,Sion,Schweiz,"26, rue Chanoine Berchtold",,0,2000,0,0,0,0,2000,hco
gruenenthal,Médecins de Famille Genève,Genève,Schweiz,"22, ch Beau-Soleil",,0,2500,0,0,0,0,2500,hco
gruenenthal,Oberwalliser Ärztegesellschaft,Brig,Schweiz,Furkastr. 3,,0,2000,0,0,0,0,2000,hco
gruenenthal,Palliative so,Solothurn,Schweiz,St Josefsgasse 7a,,0,500,0,0,0,0,500,hco
gruenenthal,Pallivita Bethanien,Zürich,Schweiz,Buckhauserstr. 36,,0,1000,0,0,0,0,1000,hco
gruenenthal,PizolCare AG,Mels,Schweiz,Flurstr. 12,,0,800,0,0,0,0,800,hco
gruenenthal,Privatklinik Obach AG,Solothurn,Schweiz,Leopoldstr. 5,,0,2160,0,0,0,0,2160,hco
gruenenthal,Reha Rheinfelden,Rheinfelden,Schweiz,Salinenstr. 98,,0,1500,0,0,0,0,1500,hco
gruenenthal,Remed,Genève,Schweiz,"22, ch Beau-Soleil",,0,2500,0,0,0,0,2500,hco
gruenenthal,Rheuma Schweiz,Zürich,Schweiz,Aargauerstr. 250,,0,54230,0,0,0,0,54230,hco
gruenenthal,Schweizerische Gesellschaft für Physikalische Medizin und Rehabilitation,Zürich,Schweiz,Stadelhoferstr. 42,,0,3000,0,0,0,0,3000,hco
gruenenthal,SGSS,Zürich,Schweiz,Aargauerstr. 250,,0,15000,0,0,0,0,15000,hco
gruenenthal,SGUM - Societa Svizzera di Ultrasondoga in Medicina,Mezzovicco,Schweiz,Via Piraree,,0,500,0,0,0,0,500,hco
gruenenthal,Societe medicale du Valais(WÄV),Sion,Schweiz,Route de Vlssigen 70,,500,0,0,0,0,0,500,hco
gruenenthal,Spital Grabs,Grabs,Schweiz,Spitalstr. 44,,0,925.95,0,0,0,0,925.95,hco
gruenenthal,Spital Thurgau AG,Frauenfeld,Schweiz,Waldeggstr. 8 a,,0,1000,0,0,0,0,1000,hco
gruenenthal,Spital Zweisimmen,Zweisimmen,Schweiz,Karl Haueter-Str. 21,,0,1000,0,0,0,0,1000,hco
gruenenthal,Spitalregion Fürstenland Toggenburg SRFT,Will,Schweiz,Fürstenlandstr. 32,,0,2800,0,0,0,0,2800,hco
gruenenthal,Ssipm,Montreux,Schweiz,Avenue des Planches 15,,0,7500,0,0,0,0,7500,hco
gruenenthal,Stiftung für wiss. Forschung Triemli,Zürich,Schweiz,Birmensdorferstr. 497,,0,6799,0,0,0,0,6799,hco
gruenenthal,Swiss Flying Physicians Association,Carouge,Schweiz,Quai Du Cheval Blanc 2,,0,500,0,0,0,0,500,hco
gruenenthal,Tox Info Suisse,Zürich,Schweiz,Freiestr. 16,,500,0,0,0,0,0,500,hco
gruenenthal,Universitätsklinik Balgrist,Zürich,Schweiz,Forchstr. 340,,0,2000,0,0,0,0,2000,hco
gruenenthal,Universitätsspital Basel,Basel,Schweiz,Spitalstr. 21,,0,2950,0,0,0,0,2950,hco
gruenenthal,Universite d'été ENMG,La Chaux-de-Fonds,Schweiz,Avenue Leopold-Robert 86,,0,1000,0,0,0,0,1000,hco
gruenenthal,Alexander Martin,Liestal,Schweiz,Rheinstr. 16,,,,78,128,0,0,206,hcp
gruenenthal,Alfred Witzmann,St. Gallen,Schweiz,Rorschacherstr. 150,,,,78,129,0,0,207,hcp
gruenenthal,André Ljutow,Nottwil,Schweiz,Guido A. Zäch Str. 1,,,,0,370,0,0,370,hcp
gruenenthal,Andreas Siegerthaler,Bern,Schweiz,Bremgartenstr. 117,,,,0,0,700,0,700,hcp
gruenenthal,Angela Hähnsen Uetz,Zürich,Schweiz,Birmensdorferstr. 497,,,,283.2,1073.5,0,0,1356.7,hcp
gruenenthal,Antonia Johanna Klöpfer,Sarnen,Schweiz,Brünigstr. 181,,,,78,0,0,0,78,hcp
gruenenthal,Betty Ming-Lee,Wolhusen,Schweiz,Spitalstr.,,,,78,129,0,0,207,hcp
gruenenthal,Birgit Sojer,Brig,Schweiz,Überlandstr. 14,,,,78,129,0,0,207,hcp
gruenenthal,Caroline Elisabeth Noé,Buchs SG,Schweiz,Bahnhofstr. 57,,,,78,129,0,0,207,hcp
gruenenthal,Catherine Vuala,Vésenaz,Schweiz,Route de Thonon 42,,,,322.47,585.35,0,0,907.82,hcp
gruenenthal,Christine Spring,Vilters,Schweiz,Rosengartenstr. 9,,,,78,128,0,0,206,hcp
gruenenthal,Christoph Ritter,Grabs,Schweiz,Dorfstr. 6,,,,78,129,0,0,207,hcp
gruenenthal,Christopher Zurschmiede,Bad Ragaz,Schweiz,Bahnhofstr. 29,,,,78,129,0,0,207,hcp
gruenenthal,Corinne Wanner Schmid,Zürich,Schweiz,Birmensdorferstr. 497,,,,205.2,527.7,0,0,732.9,hcp
gruenenthal,Daniel Juker,Bern,Schweiz,Monbijoustr. 10,,,,78,128,0,0,206,hcp
gruenenthal,Daniela Iris Kaergel,Sargans,Schweiz,Bahnhofstr. 12,,,,78,129,0,0,207,hcp
gruenenthal,Dariusz Kwiatkowski,Biel/Bienne,Schweiz,Vogelsang 84,,,,78,129,0,0,207,hcp
gruenenthal,David Germann,Zürich,Schweiz,Witellikerstr. 40,,,,78,129,0,0,207,hcp
gruenenthal,Didier Hans,Lausanne,Schweiz,Avenue Pierre-Decker 4,,,,321,537.7,0,0,858.7,hcp
gruenenthal,Dorethee Riescher,Amriswil,Schweiz,Kirchstr. 25,,,,78,128,0,0,206,hcp
gruenenthal,Eli Alon,Rümlang,Schweiz,Lintheschergasse 3,,,,0,0,1612.37,571.94,2184.3,hcp
gruenenthal,Gabriel Jaschko,Rümlang,Schweiz,Obermattenstr. 7,,,,78,128,0,0,206,hcp
gruenenthal,Hansruedi Gugg,Rickenbach b. Wil,Schweiz,Toggenburgerstr. 40,,,,78,128,0,0,206,hcp
gruenenthal,Helena Bagiyuk,Nottwil,Schweiz,Guido A. Zäch Str. 1,,,,78,129,0,0,207,hcp
gruenenthal,Jean-Marc Ory,Nyon,Schweiz,Rue de la Morâche 9,,,,0,0,350,0,350,hcp
gruenenthal,Konrad Maurer,Zürich,Schweiz,Rämistr. 100,,,,205.2,620.5,0,0,825.7,hcp
gruenenthal,Mahmoud Fardin Farschtschian,Oberbüren,Schweiz,Neudorf 8,,,,78,129,0,0,207,hcp
gruenenthal,Marc Suter,Lausanne,Schweiz,Rue du Bugnon 21,,,,0,0,1500,45,1545,hcp
gruenenthal,Maria Grazia Canepa,Mezzovicco,Schweiz,Via Piraree 6,,,,78,79,0,0,157,hcp
gruenenthal,Markus Gerber,Bern,Schweiz,Spitalgasse 29,,,,78,128,0,0,206,hcp
gruenenthal,Markus Lüscher,Goldach,Schweiz,Eschenstr. 1,,,,78,128,0,0,206,hcp
gruenenthal,Markus Senn,Zürich,Schweiz,Schulstr. 37,,,,78,128,0,0,206,hcp
gruenenthal,Michael Krapf,Tafers,Schweiz,Maggenberg 1,,,,78,129,0,0,207,hcp
gruenenthal,Monika Freyer-Mohl,Binningen,Schweiz,Hauptstr. 1,,,,78,129,0,0,207,hcp
gruenenthal,Monika Jaquenod,Zürich,Schweiz,Witellikerstr. 40,,,,78,129,0,0,207,hcp
gruenenthal,Nora Gonzalez-Richter,St. Gallen,Schweiz,Schreinerstr. 7,,,,78,128,0,0,206,hcp
gruenenthal,Olga Schäfer,Glarus,Schweiz,Burgstr. 99,,,,78,128,0,0,206,hcp
gruenenthal,Patric Kurmann,Neuchâtel,Schweiz,Rue Du Seyon 10,,,,0,0,400,0,400,hcp
gruenenthal,Peter Tölle,Basel,Schweiz,Weiherweg 54,,,,78,128,0,0,206,hcp
gruenenthal,Philippe Mavrocordatos,Lausanne,Schweiz,Avenue Louis-Ruchonnet 53,,,,0,650.91,1612.37,513.46,2776.73,hcp
gruenenthal,Pierre Antaki,Lausanne,Schweiz,Route Aloys Fauquez 121,,,,0,0,500,0,500,hcp
gruenenthal,Ralf Peter Schnorr,Zürich,Schweiz,Tödistr. 49,,,,78,128,0,0,206,hcp
gruenenthal,René Zenhäusern,Zürich,Schweiz,Forchstr. 51,,,,78,128,0,0,206,hcp
gruenenthal,Rolf Gerny,Thun,Schweiz,Frutigenstr. 6,,,,78,128,0,0,206,hcp
gruenenthal,Stefan Stöckli,Langnau im Emmental,Schweiz,Bernstr. 13,,,,78,129,0,0,207,hcp
gruenenthal,Sven Brockmüller,Nottwil,Schweiz,Guido A. Zäch Str. 1,,,,0,0,1200,0,1200,hcp
gruenenthal,Thomas Langenegger,Baar,Schweiz,Landhausstr. 11,,,,0,0,4000,210,4210,hcp
gruenenthal,Thierry Ettlin,Rheinfelden,Schweiz,Salinenstr. 98,,,,0,0,3600,190,3790,hcp
gruenenthal,Thomas Blaettner,Laufen,Schweiz,Lochbruggstr. 39,,,,78,129,0,0,207,hcp
gruenenthal,Thomas Wolf,Lachen SZ,Schweiz,Oberdorfstr. 41,,,,78,0,0,0,78,hcp
gruenenthal,Ulrich Böhni,Schaffhausen,Schweiz,Bleicheplatz 3,,,,0,0,1800,140,1940,hcp
gruenenthal,Ursula Schafroth,Thun,Schweiz,Bahnhofstr. 3,,,,78,128,0,0,206,hcp
gruenenthal,Wilfried Schwab,Rheinfelden,Schweiz,Roberstenstr. 31,,,,78,128,0,0,206,hcp
gruenenthal,Zdenek Skruzny,St. Gallen,Schweiz,Schreinerstr. 7,,,,78,128,0,0,206,hcp
