company,name,location,country,address,uci,donations_grants,sponsorship,registration_fees,travel_accommodation,fees,related_expenses,total,type
gsk,AarReha Schinznach,Schinznach Bad,Schweiz,Badstr. 55,,0,500,0,0,0,0,500,hco
gsk,Advisis AG,Bern,Schweiz,Effingerstr. 55,,0,139784.4,0,0,0,0,139784.4,hco
gsk,Allergy & Immunology Update,Bern,Schweiz,Scheibenstr. 14,,0,14580,0,0,0,0,14580,hco
gsk,Ärztegesellschaft des Kantons Luzern,Luzern,Schweiz,Schanenplatz 7,,0,2000,0,0,0,0,2000,hco
gsk,Ärztekongress Arosa,Arosa,Schweiz,Postfach 68,,0,2527.21,0,0,0,0,2527.21,hco
gsk,Ärztequalitätszirkel Niederamt SO,Lostorf,Schweiz,Stüsslingerstr. 16,,0,1200,0,0,0,0,1200,hco
gsk,Ärzteverein Davos,Davos Platz,Schweiz,Promenade 33a,,0,3000,0,0,0,0,3000,hco
gsk,Ärzteverein Werdenberg / Sarganserland,Bad Ragaz,Schweiz,Hans-Albrecht-Str. 1,,0,5376,0,0,0,0,5376,hco
gsk,Ärztevereinigung Sensebezirk,Schmitten,Schweiz,,,0,1500,0,0,0,0,1500,hco
gsk,Association contre le VIH,Basel,Schweiz,Spitalstr. 12,,0,64800,0,0,0,0,64800,hco
gsk,Association Journée Jurassienne de Médecine,Delémont,Schweiz,Avenir 12,,0,2000,0,0,0,0,2000,hco
gsk,Association par les Médecins,Martigny,Schweiz,Av. De la Gare 17,,0,5000,0,0,0,0,5000,hco
gsk,Association Périnatalité Valais,Sion,Schweiz,Rue de l'Agasse 8d,,0,1000,0,0,0,0,1000,hco
gsk,Associazione Medici Internisti Ticinesi,Paradiso,Schweiz,Via General Guisan 10,,0,1000,0,0,0,0,1000,hco
gsk,Associazione Medici Urologi Ticinesi,Mendrisio,Schweiz,Via Lavizzari 4,,0,1000,0,0,0,0,1000,hco
gsk,Associazione Mendrisio Medical Meeting,Bedano,Schweiz,Via Belvedere 10,,0,3000,0,0,0,0,3000,hco
gsk,Associazione Pediatri della Svizzera Italiana,Paradiso-Lugano,Schweiz,Via delle scuole 17,,0,2000,0,0,0,0,2000,hco
gsk,Berner Reha Zentrum AG,Heiligenschwendi,Schweiz,Schwendi 299,,0,500,0,0,0,0,500,hco
gsk,Centre Hospitalier Universitaire Vaudois,Lausanne,Schweiz,Rue du Bugnon 21,,13000,25219,0,0,2004,0,40223,hco
gsk,Centre Médico-Chirurgical de la Broye SA,Payerne Genève,Schweiz,Rue de Guillermaux 8,,0,4000,0,0,0,0,4000,hco
gsk,Centre médico-chirurgical des Eaux-Vives,Genève,Schweiz,Rue du Nant 4-6,,0,2000,0,0,0,0,2000,hco
gsk,Centro Pediatrico del Mendrisiotto,Mendrisio,Schweiz,Via Beroldingen 26,,0,1500,0,0,0,0,1500,hco
gsk,Circolo Medico di Bellinzona,Arbedo,Schweiz,Orbello 22,,0,1500,0,0,0,0,1500,hco
gsk,Circolo Medico Locarno e Dintorni,Ascona,Schweiz,Via Lido 27,,0,3000,0,0,0,0,3000,hco
gsk,Clinique de la Source,Lausanne,Schweiz,Vinet 30,,2500,0,0,0,0,0,2500,hco
gsk,Clinique la Prairie SA,Clarens,Schweiz,Rue du Lac 142,,0,700,0,0,0,0,700,hco
gsk,Conférences de Pneumologie,Martigny,Schweiz,Rue des Morasses 4,,0,3368,0,0,0,0,3368,hco
gsk,Davos Congress,Davos Platz,Schweiz,Talstr. 41,,0,5940,0,0,0,0,5940,hco
gsk,DOXnet Ärztenetzwerk Bern Nord / West,Neuenegg,Schweiz,Oeleweg 2,,0,3000,0,0,0,0,3000,hco
gsk,Ente Ospedale Regionale di Bellinzona e Valli-Bellinzona,Bellinzona,Schweiz,Via Ospedale,,0,540,0,0,0,0,540,hco
gsk,Ente Ospedaliero Cantonale,Bellinzona,Schweiz,Viale Officina 3,,0,3300,0,0,0,0,3300,hco
gsk,European Academy of Allergy and Clinical Immunology,Zürich,Schweiz,Hagenholzstr. 111,,0,187749.27,0,0,0,0,187749.27,hco
gsk,European Academy of Dermatology and Venereology,Lugano,Schweiz,Via S. Balestra 22B,,0,113366.95,0,0,0,0,113366.95,hco
gsk,ERS European Respiratory Society,Lausanne,Schweiz,Av. Ste-Luce 4,,141518.14,863037.49,0,0,0,0,1004555.63,hco
gsk,European Society of Clinical Microbiology and Infectious Diseases,Basel,Schweiz,Aeschenvorstadt 57,,73309.05,0,0,0,0,0,73309.05,hco
gsk,Faculté de Médecine de l'Université de Genève,Genève,Schweiz,Rue Michel-Servet 1,,0,1000,0,0,0,0,1000,hco
gsk,Fondation des Grangettes,Chêne-Bougeries,Schweiz,Chemin des Grangettes,,0,700,0,0,0,0,700,hco
gsk,Fondation pour le Progrès en Microbiologie Médicale et Maladies Infectieuses,Lausanne,Schweiz,Pont Bessières 3,,0,10800,0,0,0,0,10800,hco
gsk,Forum für medizinische Fortbildung,Zug,Schweiz,Ahornstr. 2,,0,94824,0,0,0,0,94824,hco
gsk,Gesundheitszentrum Fricktal,Laufenburg,Schweiz,Spitalstr. 10,,0,1000,0,0,0,0,1000,hco
gsk,Global Research on Infectious Diseases,Küsnacht,Schweiz,Grundwiesstr. 24,,0,0,0,0,0,2309.1,2309.1,hco
gsk,Grisomed AG,Chur,Schweiz,Tittwiesenstr. 29,,0,5000,0,0,0,0,5000,hco
gsk,Groupe du Nord Vaudois,Yverdon-les-Bains,Schweiz,Orbe 27,,0,2400,0,0,0,0,2400,hco
gsk,Groupe Médecine & Hygiène,Chêne-Bourg,Schweiz,Chemin de la Mousse 46,,0,3024,0,0,0,0,3024,hco
gsk,Groupe Romand d'Etude en Pédiatrie Ambulatoire,Nyon,Schweiz,Chemin du joran 8b,,0,1800,0,0,0,0,1800,hco
gsk,Groupement des Médecins des Franches-Montagnes,Saignelégier,Schweiz,Place du 23 Juin 2,,0,2000,0,0,0,0,2000,hco
gsk,Groupement Hospitalier de l'Ouest Lémanique S. A.,Nyon,Schweiz,Chemin Monastier 10,,0,400,0,0,0,0,400,hco
gsk,Groupement Pneumologues Genevois,Genève,Schweiz,Rue Hugo-De-Senger 1,,0,2000,0,0,0,0,2000,hco
gsk,Groupement Vaudois des Spécialistes en Allergologie et Immunologie Clinique,Lausanne,Schweiz,Av. Rumine 27,,0,2000,0,0,0,0,2000,hco
gsk,Gruppo Medico Formazione,Giubiasco,Schweiz,Casella Postale 823,,0,3300,0,0,0,0,3300,hco
gsk,Hôpital du Valais,Sion,Schweiz,Av. Du Gran Champsec 86,,0,4860,0,0,648,0,5508,hco
gsk,Hôpital neuchâtelois,Neuchâtel,Schweiz,Maladière 45,,0,1000,0,0,1600,0,2600,hco
gsk,Hôpitaux Universitaires de Genève,Genève,Schweiz,Rue Gabrielle-Perret-Gentil 4,,15000,41493.8,0,0,648,0,57141.8,hco
gsk,Insel Gruppe AG,Bern,Schweiz,Freiburgstr. 18,,5000,39057.7,0,0,7698,0,51755.7,hco
gsk,Institut für Hausarztmedizin & Community Care Luzern,Luzern,Schweiz,Schwanenplatz 7,,0,5000,0,0,0,0,5000,hco
gsk,Institution de Lavigny,Lavigny,Schweiz,Route du Vignoble 60,,0,1000,0,0,0,0,1000,hco
gsk,International AIDS Society,Genève,Schweiz,Av. De France 23,,2485608.46,0,0,0,0,0,2485608.46,hco
gsk,International Symposium on Pneumococci and Pneumococcal Diseases,Genève,Schweiz,Rue François-Versonnex 7,,0,98767.12,0,0,0,0,98767.12,hco
gsk,Junge Hausärztinnen- und ärzte Schweiz,Bern,Schweiz,Effingerstr. 2,,0,3456,0,0,0,0,3456,hco
gsk,Kantonsspital Aarau AG,Aarau,Schweiz,Tellstr. 25,,0,35645.7,0,0,1300,0,36945.7,hco
gsk,Kantonsspital Baselland,Liestal,Schweiz,Mühlemattstr. 26,,40000,2000,0,0,1300,0,43300,hco
gsk,Kantonsspital Frauenfeld,Frauenfeld,Schweiz,Postfach,,0,2160,0,0,0,0,2160,hco
gsk,Kantonsspital Glarus AG,Glarus,Schweiz,Burgstr. 99,,0,2000,0,0,0,0,2000,hco
gsk,Kantonsspital Münsterlingen,Münsterlingen,Schweiz,Spitalcampus 1,,0,3876,0,0,0,0,3876,hco
gsk,Kantonsspital St. Gallen,St. Gallen,Schweiz,Rorschacher Str. 95,,15120,37092.79,0,0,1728,0,53940.79,hco
gsk,Kinderärzte Schweiz,Zürich,Schweiz,Badenerstr. 21,,0,6300,0,0,0,0,6300,hco
gsk,Klinik Bethesda,Tschugg,Schweiz,(no postal address),,0,2000,0,0,0,0,2000,hco
gsk,Klinik Lengg AG,Zürich,Schweiz,Bleulerstr. 60,,0,4200,0,0,0,0,4200,hco
gsk,Kollegium für Hausarztmedizin,Fribourg,Schweiz,Rue de l'Hôpital 15,,0,8553.6,0,0,0,0,8553.6,hco
gsk,La Tour Reseau de Soins SA,Meyrin,Schweiz,Av. J.-D. Maillard 3,,0,12000,0,0,0,0,12000,hco
gsk,Löwenpraxis,Luzern,Schweiz,Züricherstr. 12,,0,2500,0,0,0,0,2500,hco
gsk,Luzerner Kantonsspital,Luzern,Schweiz,Spitalstr.,,0,4320,0,0,0,0,4320,hco
gsk,Médecins de Famille Fribourg,Farvagny,Schweiz,Impasse du Petit-Crêt 3,,0,2000,0,0,0,0,2000,hco
gsk,Médecins de Famille Genève,Genève,Schweiz,Rue du Conseil-Général 11,,0,4000,0,0,0,0,4000,hco
gsk,Medvis GmbH,Zofingen,Schweiz,Weissensteinstr. 2,,0,97200,0,0,0,0,97200,hco
gsk,Oberwalliser Ärztegesellschaft,Brig,Schweiz,Sandmattenstr. 6,,0,2000,0,0,0,0,2000,hco
gsk,Ordine dei Medici del Canton Ticino,Mezzovico,Schweiz,"Stabile Qui, Via Cantonale 8",,0,2300,0,0,0,0,2300,hco
gsk,Ospedale Regionale di Lugano,Lugano,Schweiz,Via Tesserete 46,,0,3240,0,0,2160,0,5400,hco
gsk,Ostschweizer Infostelle für Reisemedizin,Wittenbach,Schweiz,Weidstr. 17a,,0,0,0,0,1000,0,1000,hco
gsk,pa. or. med ag,Allschwil,Schweiz,Hegenheimermattweg 183,,0,2500,0,0,0,0,2500,hco
gsk,PizolCare AG,Mels,Schweiz,Flurstr. 12,,0,1080,0,0,0,0,1080,hco
gsk,Policlinique Médicale Universitaire,Lausanne,Schweiz,Rue du Bugnon 44,,0,29484,0,0,0,0,29484,hco
gsk,Praxis Tulpenstrasse AG,Kirchberg SG,Schweiz,Tulpenstr. 1,,0,500,0,0,0,0,500,hco
gsk,Quadrimed,Crans-Montana,Schweiz,Case postale 299,,0,30000.04,0,0,0,0,30000.04,hco
gsk,Remed,Genève,Schweiz,Rue du Conseil-Général 11,,0,4000,0,0,0,0,4000,hco
gsk,Réseau de Soins Delta SA,Onex,CH,Route De Chancy 98,,0,1000,0,0,0,0,1000,hco
gsk,Réseau Santé du Balcon du Jura vaudois,Sainte-Crois,CH,Rue des Rosiers 29,,0,2160,0,0,0,0,2160,hco
gsk,Rheuma Schweiz,Zürich,CH,Aargauerstr. 250,,21600,14407.2,0,0,0,0,36007.2,hco
gsk,Schweizerische Epilepsie-Liga,Zürich,CH,Seefeldstr. 84,,0,30000,0,0,0,0,30000,hco
gsk,Schweizerische Gesellschaft für Allgemeine Innere Medizin,Bern,CH,Monbijoustr. 43,,0,15876,0,0,0,0,15876,hco
gsk,Schweizerische Gesellschaft für Infektiologie,Bern,CH,Friedbühlstr. 51,,0,18328,0,0,0,0,18328,hco
gsk,Schweizerische Gesellschaft für Pädiatrie,Fribourg,CH,Rue de l'Hôpital 15,,0,6750,0,0,0,0,6750,hco
gsk,Schweizerische Gesellschaft für Pneumologie,Bern,CH,Chutzenstr. 10,,7500,41471.6,0,0,0,0,48971.6,hco
gsk,Schweizerische Gesellschaft für Spitalhygiene,St. Gallen,CH,Rorschacher Str. 95,,0,18328,0,0,0,0,18328,hco
gsk,Schweizerische Gesellschaft für Urologie,Montreux,CH,Av. De Planches 5,,0,3499.2,0,0,0,0,3499.2,hco
gsk,Schweizerische Gessellschaft für Pulmonale Hypertonie,Basel,CH,Münsterberg 1,,4320,0,0,0,0,0,4320,hco
gsk,Schweizerischer Verband Medizinischer Praxisassistentinnen,Appenzell,CH,Enggenhüttenstrase 113,,0,1500,0,0,0,0,1500,hco
gsk,Schweizerisches Tropen- und Public Health-Insitut,Basel,CH,Socinstr. 57,,0,29900,0,0,0,0,29900,hco
gsk,SeelandNet Solution GmbH,Lyss,CH,Bahnhofstr. 15a,,0,1620,0,0,0,0,1620,hco
gsk,Société Médicale Beaulieu,Genève,CH,Chemin Beau Soleil 20,,0,3000,0,0,0,0,3000,hco
gsk,Société Neuchâteloise de Médecine,Couvet,CH,Grand-Rue 36,,0,2500,0,0,0,0,2500,hco
gsk,Société Vaudoise de Médecine,Lausanne,CH,Chemin de Mornex 38,,0,12420,0,0,0,0,12420,hco
gsk,Solothurner Spitäler AG,Solothurn,CH,Schöngrünstr. 42,,0,3240,0,0,0,0,3240,hco
gsk,Spital Bülach,Bülach,CH,Spitalstr. 24,,0,1200,0,0,0,0,1200,hco
gsk,Spital Herisau Appenzell Ausserrhoden,Herisau,CH,Spitalstr. 6,,0,1620,0,0,0,0,1620,hco
gsk,Spital Schwyz,Schwyz,CH,Waldeggstr. 10,,0,3240,0,0,0,0,3240,hco
gsk,Spital STS AG Spital Thun,Thun,CH,Krankenhausstr. 12,,0,1000,0,0,0,0,1000,hco
gsk,Spital STS AG Zweisimmen,Zweisimmen,CH,Karl Haueter Str. 21,,0,4000,0,0,0,0,4000,hco
gsk,Spital Thurgau AG,Frauenfeld,CH,Waldeggstr. 8a,,0,540,0,0,0,0,540,hco
gsk,Spitalregion Fürstenland Toggenburg SRFT,Will,CH,Fürstenlandstr. 32,,0,7344,0,0,0,0,7344,hco
gsk,St. Claraspital AG,Basel,CH,(no postal address),,0,4320,0,0,0,0,4320,hco
gsk,Stiftung für wissenschaftliche Forschung am Stadtspital Triemli,Zürich,CH,Birmensdorferstr. 497,,0,2000,0,0,0,0,2000,hco
gsk,Stiftung meineimpfungen,Gümligen,CH,Mattenstr. 9,,250000,0,0,0,0,0,250000,hco
gsk,Stiftung Prostatakrebsforschung,Aarau,CH,Postfach,,0,16200,0,0,0,0,16200,hco
gsk,Stiftung WHM,Bern,CH,Weissenbühlweg 8,,0,10000,0,0,0,0,10000,hco
gsk,Swiss Academic Foundation for Education in Infectious Diseases,Bern,CH,Friebühlstr. 51,,125000,80000,0,0,0,0,205000,hco
gsk,Swiss Association of Pharmaceutical Professionals,Bern,CH,Postfach,,0,1000,0,0,0,0,1000,hco
gsk,Swiss Professional Media AG,Basel,CH,Grosspeterstr. 23,,0,32400,0,0,0,0,32400,hco
gsk,The International Society for Biological Standardisation,Genève,CH,Route des Jeunes 9,,0,4887.22,0,0,0,0,4887.22,hco
gsk,Thurgauer Ärztegesellschaft,Frauenfeld,CH,Zeughausstr. 16,,0,3500,0,0,0,0,3500,hco
gsk,TopPharm AG,Münchenstein,CH,Grabenackerstr. 15,,5400,0,0,0,0,0,5400,hco
gsk,Triemlispital,Zürich,CH,Birmensdorferstr. 497,,0,2500,0,0,0,0,2500,hco
gsk,Universität Basel Finanzen & Controlling / Drittmittelverwaltung,Basel,CH,Petersgraben 35,,20000,6000,0,0,0,0,26000,hco
gsk,Universität Bern,Bern,CH,Gesellschaftsstr. 49,,0,1900,0,0,0,0,1900,hco
gsk,Universität Zürich,Zürich,CH,(no postal address),,0,3499.2,0,0,0,0,3499.2,hco
gsk,Universitäts-Kinderspital beider Basel,Basel,CH,Spitalstr. 33,,0,10692,0,0,1500,0,12192,hco
gsk,Universitätsspital Basel,Basel,CH,Petersgraben 4,,40000,21158.8,0,0,0,0,61158.8,hco
gsk,UniversitätsSpital Zürich,Zürich,CH,Rämistr. 100,,20000,12960,0,0,0,0,32960,hco
gsk,Verein Berner Haus- und Kinderärztinnen,Bern,CH,Effingerstr. 2,,0,1900,0,0,0,0,1900,hco
gsk,Verein der Pneumologen des Kantons Bern,Bern,CH,Bremgartenstr. 117,,0,1000,0,0,0,0,1000,hco
gsk,Verein Hausärzte Stadt Zürich,Zürich,CH,(no postal address),,0,2500,0,0,0,0,2500,hco
gsk,Vereinigung Zürcher Internisten,Zollikon,CH,(no postal address),,0,4104,0,0,0,0,4104,hco
gsk,Vereinigung Zürcher Kinder- und Jugendärzte,Zürich,CH,Breitlingerstr. 23,,0,1200,0,0,0,0,1200,hco
gsk,Zürcher Rehazentrum Davos,Davos Platz,CH,Klinikstr. 6,,2000,0,0,0,0,0,2000,hco
gsk,Zürcher Reha Zentrum Wald,Wald,CH,Faltigbergstr. 7,,0,0,0,0,648,0,648,hco
gsk,Zurich Academy of Internal Medicine,Zürich,CH,Grossmünsterplatz 8,,0,10054.8,0,0,0,0,10054.8,hco
gsk,Adriano Martinelli Sagl,Mendrisio,Schweiz,Via Rizzi 1,7601000902559,,,0,0,1000,0,1000,hcp
gsk,Alain Sauty,Lausanne,Schweiz,Av. De Rumine 31,7601000029263,,,0,0,2350,0,2350,hcp
gsk,Andrea Azzola,Sonvico (Lugano),Schweiz,Strada de Puntim 6,7601000361585,,,0,0,600,0,600,hcp
gsk,Andreas Altmann,Riehen,Schweiz,In den Neumatten 63,7601000678980,,,0,0,1250,0,1250,hcp
gsk,Andreas Paky,St. Gallen,Schweiz,Brauerstr. 95a,7601000262378,,,0,0,800,0,800,hcp
gsk,Andreas Piecyk,Zürich,Schweiz,Witellikerstr. 40,7601000758224,,,0,0,2200,0,2200,hcp
gsk,Angelo Juliano,Genève,Schweiz,Place des Charmilles 3,7601000023254,,,0,0,1250,0,1250,hcp
gsk,Beat Pfäffli,Bern,Schweiz,Waldheimstr. 6,7601000110008,,,0,0,1890,0,1890,hcp
gsk,Claudia Steurer-Stey,Zürich,Schweiz,Rotbuchstr. 46,7601000222923,,,0,0,1800,0,1800,hcp
gsk,Daniel Güntert,Wattwil,Schweiz,Bahnhofstr. 4,7601000220561,,,0,0,756,0,756,hcp
gsk,Daniel Ritscher,Zürich,Schweiz,Albisstr. 53,7601000224408,,,0,0,600,0,600,hcp
gsk,Daniela Studer,Brig,Schweiz,Rhonesandstr. 6,7601000644312,,,0,0,400,0,400,hcp
gsk,Gaudenz Bachmann,Winterthur,Schweiz,Freiestr. 11,7601000204721,,,0,0,1100,0,1100,hcp
gsk,Jürg Barandun,Zürich,Schweiz,Witellikerstr. 40,7601000195906,,,0,0,600,0,600,hcp
gsk,Jürg Bartenstein,Egg Bei Zürich,Schweiz,Weiherweg 17,7601000247285,,,0,0,864,0,864,hcp
gsk,Lionel Jacquier,Martigny,Schweiz,Avenue de la Gare 17,7601000641557,,,0,0,1250,0,1250,hcp
gsk,Markus Herold,Luzern,Schweiz,Maihofstr. 1,7601000442710,,,0,0,1200,0,1200,hcp
gsk,Markus Solèr,Basel,Schweiz,"St. Claraspital, Kleinriehenstr. 30",7601000122070,,,0,0,600,0,600,hcp
gsk,Martin Frey,Rombach,Schweiz,Gislifluhweg 12,7601000158338,,,0,0,1400,0,1400,hcp
gsk,Martin Leitl,Unterseen,Schweiz,Spitalweg 17,7601000931269,,,0,0,1250,0,1250,hcp
gsk,Michael Jung,Dallenwil,Schweiz,Haltenstr. 31,7601000722935,,,0,0,1250,0,1250,hcp
gsk,Michael Tamm,Basel,Schweiz,Petersgraben 4,7601000122643,,,0,0,600,0,600,hcp
gsk,Oliver Arun Camillo Das,Zürich,Schweiz,Baumackerstr. 46,7601000899811,,,0,0,1250,0,1250,hcp
gsk,Pascal Gache,Genève,Schweiz,Rue des Deux-Ponts 20,7601000447531,,,0,0,6000,0,6000,hcp
gsk,Patrick Brun,Heiligenschwendi,Schweiz,Berner Reha Zentrum AG,7601000479013,,,0,0,600,0,600,hcp
gsk,Patrick Fachinger,Erlinsbach,Schweiz,Gehrenstr. 21a,7601000727886,,,0,0,450,0,450,hcp
gsk,Peter Eggenberger,Fribourg,Schweiz,Rue Marcello 9,7601000174147,,,0,0,1250,0,1250,hcp
gsk,Peter Schmid,Oberwil Bei Zug,Schweiz,Räbmatt 19b,,,,0,0,1000,0,1000,hcp
gsk,Rolf Lindt,Lyss,Schweiz,Aarbergstr. 50,7601000103925,,,0,0,400,0,400,hcp
gsk,Roman Lehner,Buchs,Schweiz,Schulweg 17,7601000158543,,,0,0,300,0,300,hcp
gsk,Rudolf Louma,Bern,Schweiz,Südbahnhofstr. 2,7601000083395,,,0,0,300,0,300,hcp
gsk,Semun Abdili,Emmetten,Schweiz,Dorfstr. 27,7601000365163,,,0,0,300,0,300,hcp
gsk,Thomas Rothe,Davos,Schweiz,Grüenistr. 17h,7601000116352,,,0,0,600,0,600,hcp
gsk,Thomas Schmid,Solothurn,Schweiz,Werkhofstr. 4,7601000148155,,,0,0,450,0,450,hcp
gsk,Thomas Szucs,Basel,Schweiz,"University of Basel, Switzerland",7601000408266,,,0,0,1800,0,1800,hcp
gsk,Tobias Burkhardt,Männedorf,Schweiz,Glärnischstr. 154,7601000435903,,,0,0,2410,0,2410,hcp
gsk,Toni Miotti,Horw,Schweiz,Bärhalten 4,7601000171436,,,0,0,1250,0,1250,hcp
gsk,Tullio Sulser,Meilen,Schweiz,Obere Kirchgasse 18,7601000227263,,,0,0,3240,0,3240,hcp
gsk,Yvonne Peter,Luzern,Schweiz,Zürichstr. 9,7601000712288,,,0,0,300,0,300,hcp
