company,name,location,country,address,uci,donations_grants,sponsorship,registration_fees,travel_accommodation,fees,related_expenses,total,type
ipsen,CHUV,Lausanne,CH,Rue du Bugnon 21,,30000,,,,,519.74,30519.74,hco
ipsen,Inselspital,Bern,CH,Freiburgstr. 18,,46773,,900,9446.41,,,57119.41,hco
ipsen,Kantonsspital St. Gallen,St. Gallen,CH,Rorschacherstr. 95,,,2269,,,,,2269,hco
ipsen,Stadtspital Triemli,Zürich,CH,Birmensdorferstr. 497,,,2500,,,,,2500,hco
ipsen,Andrea Ebert,St. Gallen,CH,Kantonsspital Münsterlingen Spitalcampus 1,,,,500,633.43,,,1133.43,hcp
ipsen,Bernard Chappuis,Burgdorf,CH,Oberburgstr. 54,,,,,199.02,,,199.02,hcp
ipsen,Bettina Winzeier,Basel,CH,Petersgraben 4,,,,400,86.95,,,486.95,hcp
ipsen,Birgit Gerda Bucher,Aarau,CH,Tellstr. 25,,,,,104.05,,,104.05,hcp
ipsen,Christoph Schmid,Zürich,CH,Rämistr. 100,,,,1479,6021.11,,,7500.11,hcp
ipsen,Damian Wild,Basel,CH,Petersgraben 4,,,,,317.59,1360.42,87,1765.01,hcp
ipsen,Donat Dürr,Zürich,CH,Birmensdorferstr. 497,,,,520,403.18,,,923.18,hcp
ipsen,Emanuela Salati,Monthey,CH,Route de Morgins 54,,,,,492.81,,,492.81,hcp
ipsen,Fabian Meienberg,Basel,CH,Petersgraben 4,,,,,260.2,,,260.2,hcp
ipsen,Faiza Lamine,Lausanne,CH,Avenue de la Sallaz 8,,,,,879.43,,,879.43,hcp
ipsen,Francesco Martucci,Bellinzona,CH,Via Ospedale,,,,246.67,599.21,,,845.88,hcp
ipsen,François Pierre Pralong,Lausanne,CH,Avenue de la Sallaz 8,,,,,487.95,,,487.95,hcp
ipsen,Georgios Papadakis,Lausanne,CH,Avenue de la Sallaz 8,,,,600,940.36,,,1540.36,hcp
ipsen,Guillaume Nicolas,Basel,CH,Petersgraben 4,,,,,5975.6,5814.98,101.21,11891.79,hcp
ipsen,Ilaria Marinoni,Bern,CH,Murtenstr. 31,,,,,1042.4,,,1042.4,hcp
ipsen,Ina Krull,St. Gallen,CH,Rorschacherstr. 95,,,,400,516.99,,,916.99,hcp
ipsen,Jean-Jacques Grimm,Delémont,CH,Rue du Temple 45,,,,,326.98,,,326.98,hcp
ipsen,Julie Refardt,Basel,CH,Petersgraben 4,,,,,104.05,,,104.05,hcp
ipsen,Karin Jung,St. Gallen,CH,Frohbergstr. 3,,,,,185.91,,,185.91,hcp
ipsen,Kuno Lehmann,Zürich,CH,Rämistr. 100,,,,400,378.93,,,778.93,hcp
ipsen,Kwadwo Antwi,Basel,CH,Petersgraben 4,,,,,531.25,,,531.25,hcp
ipsen,Massimo Bongiovanni,Lausanne,CH,Rue du Bugnon 25,,,,400,486.85,,,886.85,hcp
ipsen,Matthias Hepprich,Basel,CH,Petersgraben 4,,,,,229.61,,,229.61,hcp
ipsen,Mercedes Samira Sadowski,Genève,CH,Rue Gabrielle-Perret -Gentil 4 HUG,,,,,480.9,,,480.9,hcp
ipsen,Natalija Mayer,Luzern,CH,Zürichstr. 5,,,,,104.05,,,104.05,hcp
ipsen,Nathalie Vionnet,Lausanne,CH,Rue Du Bugnon 7A,,,,,288.98,,,288.98,hcp
ipsen,Oliver Tschopp,Zürich,CH,Rämistr. 100,,,,400,437.95,,,837.95,hcp
ipsen,Pierre Bohanes,Lausanne,CH,Avenue Vinet 28,,,,500,590.74,,,1090.74,hcp
ipsen,Ralph Winterhalder,Luzern,CH,"Luzerner Kantonsspital, Spitalstr. 31",,,,,475.64,,,475.64,hcp
ipsen,Raphael Leopold Delaloye,Zürich,CH,Rämistr. 100,,,,480,747.82,,,1227.82,hcp
ipsen,René Ludwig Bernays,Zürich,CH,Klinik Hirslanden Witellikerstr. 40,,,,1079,4190.6,,,5269.6,hcp
ipsen,Safia Masmoudi,Neuchâtel,CH,Rue de la Maladière 45,,,,480,1621.01,,,2101.01,hcp
ipsen,Sara De Dosso,Bellinzona,CH,Via Ospedale Ospedale San Giovanni,,,,400,459.84,,,859.84,hcp
ipsen,Stefan Fischli,Luzern,CH,Spitalstr. 31,,,,300,322.49,,,622.49,hcp
ipsen,Tarek Boussaha,Morges,CH,Chemin du Crêt 2,,,,400,493.83,,,893.83,hcp
ipsen,Thomas Clerici,St. Gallen,CH,"Rorschacherstr. 95, Kantonsspital",,,,400,516.99,,,916.99,hcp
ipsen,Werner Knisel,Zürich,CH,Birmensdorferstr. 497,,,,700,724.35,,,1424.35,hcp
