company,name,location,country,address,uci,donations_grants,sponsorship,registration_fees,travel_accommodation,fees,related_expenses,total,type
janssen,Associazione Medici Urologi,Mendrisio,CH,Via Lavizzari 4,,,1500,0,0,0,0,1500,hco
janssen,Centre de Chimiothérapie CCAC SA,Lausanne,CH,Avenue d'Ouchy 35,,,1000,0,0,0,0,1000,hco
janssen,Centre Neuchâtelois de Psychiatrie,Marin-Epagnier,CH,,,,4000,0,0,0,0,4000,hco
janssen,CHUV,Lausanne,CH,Rue du Bugnon 21,,0,26650,0,0,8230,29,34909,hco
janssen,Circolo di Qualita PMB,Coldrerio,CH,Via Mercole 2b,,0,1000,0,0,0,0,1000,hco
janssen,Circolo medico di Locarno,Ascona,CH,Via al Lido 27,,,1500,0,0,0,0,1500,hco
janssen,Clinica Psichiatrica Cantonale,Mendrisio,CH,Via Agostino Maspoli 6,,,1500,0,0,0,0,1500,hco
janssen,Dermatologische Gesellschaft,St. Gallen,CH,Kugelgasse 8,,,2000,0,0,0,0,2000,hco
janssen,EASL,Genève,CH,Rue Daubin 7,,122486,0,0,0,0,0,122486,hco
janssen,Ecms Foundation,Zürich,CH,Bleicherweg 45,,447340,0,0,0,0,0,447340,hco
janssen,European Academy Dermatology Venereology,Lugano,CH,Via delle Scuole 12,,111904,12461,0,0,0,0,124365,hco
janssen,European Dermatology Forum,Zürich,CH,Gloriastr. 31,,26627,0,0,0,0,0,26627,hco
janssen,European League Against Rheumatism,Kilchberg ZH,CH,Seestr. 240,,392620,62308,0,0,10000,0,464928,hco
janssen,European Society Dermatological Research,Genève,CH,Rue Cingria 7,,31953,0,0,0,0,0,31953,hco
janssen,ESMO European Society for Medical Oncology,Viganello,CH,Via L. Taddei 4,,170416,0,0,0,0,0,170416,hco
janssen,Fammid,Lausanne,CH,Pont Charles Bessieres 3,,0,10000,0,0,0,0,10000,hco
janssen,Forum f. medizinische Fortbildung,Zug,CH,Ahornstr. 2,,0,0,0,0,1300,0,1300,hco
janssen,Ges. phys. Med./Rehab./Rheumatol.,Kreuzlingen,CH,Hauptstr. 38/40,,0,900,0,0,0,0,900,hco
janssen,Gioti,Breganzona,CH,Via Carà  11,,0,1000,0,0,0,0,1000,hco
janssen,HFR Fribourg-Hôpital Cantonal,Fribourg,CH,Chemin des Pensionnats 2,,0,7000,0,0,0,0,7000,hco
janssen,Hnhcp,Winterthur,CH,,,0,0,0,0,5000,0,5000,hco
janssen,Hôpital du Jura,Porrentruy,CH,Chemin de l'Hôpital 9,,0,1500,0,0,0,0,1500,hco
janssen,Hôpital du Valais,Sion,CH,Avenue Grand-Champsec 80,,0,10000,0,0,0,0,10000,hco
janssen,Hôpitaux Universitaires Genève,Genève,CH,Rue Gabrielle Perret-Gentil 4,,18500,18788,0,0,3150,0,40438,hco
janssen,IELSG Unità Linfomi,Bellinzona,CH,Via Ospedale,,10000,0,0,0,0,0,10000,hco
janssen,Inhsu,Zürich,CH,Konradstr. 32,,7988,0,0,0,0,0,7988,hco
janssen,Inselspital,Bern,CH,Freiburgstr. 18,,0,12000,0,0,4520,0,16520,hco
janssen,IOSI,Bellinzona,CH,Via Ospedale,,0,5000,0,0,0,0,5000,hco
janssen,IPW- Psychiatrie-Zentrum Hard,Embrach,CH,Römerweg 51,,0,2000,0,0,0,0,2000,hco
janssen,Kantonale Psychiatrische Dienste,Wil SG,CH,Zürcherstr. 30,,0,2000,0,0,0,0,2000,hco
janssen,Kantonsspital Aarau AG,Aarau,CH,Tellstr. 25,,0,1200,0,0,1000,0,2200,hco
janssen,Kantonsspital Baselland,Liestal,CH,Rheinstr. 26,,0,0,0,0,1507,0,1507,hco
janssen,Kantonsspital Graubünden,Chur,CH,Loestr. 170,,0,5000,0,0,0,0,5000,hco
janssen,Kantonsspital Schaffhausen,Schaffhausen,CH,Geissbergstr. 81,,0,2500,0,0,0,0,2500,hco
janssen,Kantonsspital St. Gallen,St. Gallen,CH,Rorschacherstr. 95,,50000,11000,0,0,9582,0,70582,hco
janssen,Kantonsspital Winterthur,Winterthur,CH,Brauerstr. 15,,0,7500,0,0,0,0,7500,hco
janssen,Klinik Hirslanden,Zürich,CH,Witellikerstr. 40,,0,0,0,0,1000,0,1000,hco
janssen,Luzerner Kantonsspital,Luzern,CH,Spitalstr. 31,,600,1400,0,0,1456,0,3456,hco
janssen,Luzerner Psychiatrie,St. Urban,CH,Schafmattstr. 1,,0,3000,0,0,0,0,3000,hco
janssen,Medipress Medical Publishing Gmb,Zug,CH,Gartenstr. 2,,0,10000,0,0,0,0,10000,hco
janssen,Onkologiepflege Schweiz,Kleinandelfingen,CH,Hirstigstr. 13,,0,3250,0,0,0,0,3250,hco
janssen,Ospedale Bellinzona e Valli EOC,Bellinzona,CH,Via Ospedale,,0,4500,0,0,2656,0,7156,hco
janssen,Ostschweizer Kinderspital,St. Gallen,CH,Claudiusstr. 6,,0,0,0,0,1500,0,1500,hco
janssen,Pharmazeutische Gesellschaft Basel,Blauen,CH,Sodackerweg 2,,0,1500,0,0,0,0,1500,hco
janssen,PizolCare AG,Mels,CH,Flurstr. 12,,0,1500,0,0,0,0,1500,hco
janssen,Psychiatrie Baselland,Liestal,CH,Bienentalstr. 7,,0,4000,0,0,3820,0,7820,hco
janssen,Psychiatrische Dienste Aargau AG,Windisch,CH,Zürcherstr. 241,,2000,0,0,0,0,0,2000,hco
janssen,Psychiatrische Klinik Wil,Wil SG,CH,Zürcherstr. 30,,0,3000,0,0,0,0,3000,hco
janssen,QualiCCare,Baden,CH,Rütistr. 3a,,0,10000,0,0,0,0,10000,hco
janssen,RFSM,Fribourg,CH,Rue de Morat 8,,0,2777,0,0,0,0,2777,hco
janssen,Safe-Id,Bern,CH,Friedbühlstr. 51,,50000,0,0,0,0,0,50000,hco
janssen,SAKK,Bern,CH,Effingerstr. 33,,30000,17500,0,0,0,0,47500,hco
janssen,Samo - Geschäftsstelle,Bern,CH,Effingerstr. 40,,0,4500,0,0,0,0,4500,hco
janssen,Sanatorium Kilchberg AG,Kilchberg ZH,CH,Alte Landstr. 70,,0,2000,0,0,0,0,2000,hco
janssen,Schweizerische Fachgesellschaft ADHS,Büren an der Aare,CH,Mühlematt 11,,0,1000,0,0,0,0,1000,hco
janssen,Schweizerische Gesellschaft für Intensive Dynamische Kurzpsychotherapie,Bern,CH,Sulgeneckstr. 38,,0,4750,0,0,0,0,4750,hco
janssen,SCQM Foundation Swiss Clinical Quality Management,Zürich,CH,Aargauerstr. 250,,64350,0,0,0,0,0,64350,hco
janssen,SGAMSP,Zürich,CH,Stadelhoferstr. 42,,5000,0,0,0,0,0,5000,hco
janssen,SGDV,Bern,CH,Dalmazirain 11,,0,28600,0,0,0,0,28600,hco
janssen,SGG/SSG,Bern,CH,Wattenwylweg 21,,0,2850,0,0,0,0,2850,hco
janssen,Sgr-Ssr,Zürich,CH,Josefstr. 92,,0,5040,0,0,0,0,5040,hco
janssen,SGU Schweizerische Gesellschaft für Urologie,Montreux,CH,Avenue des Planches 15,,0,19000,0,0,0,0,19000,hco
janssen,SIOG,Genève,CH,Route des Morillons 1-5,,80415,0,0,0,0,0,80415,hco
janssen,Solothurner Spitäler AG soH,Solothurn,CH,Schöngrünstr. 42,,0,5500,0,0,0,0,5500,hco
janssen,Spital Wil,Wil SG,CH,Fürstenlandstr. 32,,0,500,0,0,0,0,500,hco
janssen,Ssp sgp,Fribourg,CH,Rue de l'Hôpital 15,,0,2550,0,0,0,0,2550,hco
janssen,Ssps-Si,Lugano,CH,Via Clemente Maraini 13b,,0,750,0,0,0,0,750,hco
janssen,St. Claraspital AG,Basel,CH,Kleinriehenstr. 30,,0,2000,0,0,0,0,2000,hco
janssen,Stadtspital Triemli,Zürich,CH,Birmensdorferstr. 497,,0,9400,0,0,0,0,9400,hco
janssen,STDV - Società ticinese,Lugano,CH,Via Frasca 10,,0,1000,0,0,0,0,1000,hco
janssen,Stiftung für wiss. Forschung Triemli,Zürich,CH,Birmensdorferstr. 497,,0,3000,0,0,0,0,3000,hco
janssen,Stiftung Prostatakrebsforschung,Aarau,CH,,,6048,0,0,0,0,0,6048,hco
janssen,Stiftung SONK St. Gallen Oncology Conferences,St. Gallen,CH,Rorschacherstr. 150,,0,4450,0,0,0,0,4450,hco
janssen,Stiftung Urologische Forschung,Zürich,CH,Claridenstr. 25,,0,3000,0,0,0,0,3000,hco
janssen,STPP,Coldrerio,CH,Via Campagnola 112,,0,1500,0,0,0,0,1500,hco
janssen,SwaPP,Basel,CH,Blumenrain 23,,0,1650,0,0,0,0,1650,hco
janssen,Swiss HIV Cohort Study Research,Lausanne,CH,Pont Bessières 3,,37000,0,0,0,0,0,37000,hco
janssen,Therapeutische Vereinigung fÃ¼r Erwachsene mit ADHS,Ehrendingen,CH,Mühlebuck 29,,0,4700,0,0,0,0,4700,hco
janssen,Universitäre Psych. Kliniken UPK,Basel,CH,Wilhelm Kleinstr. 27,,0,1500,0,0,0,0,1500,hco
janssen,Universität Basel,Basel,CH,Petersplatz 1,,20000,2000,0,0,0,0,22000,hco
janssen,Universität Zürich,Zürich,CH,Rämistr. 71,,0,6500,0,0,0,0,6500,hco
janssen,Universitätsspital Basel,Basel,CH,Spitalstr. 21,,21362,12500,0,0,3750,0,37612,hco
janssen,UniversitätsSpital Zürich,Zürich,CH,Rämistr. 100,,10000,64000,0,0,0,0,74000,hco
janssen,UPD Bern,Bern,CH,Bolligenstr. 111,,0,3000,0,0,0,0,3000,hco
janssen,Verein Förd. Wissensch./Ausbild.,Basel,CH,Kleinriehenstr. 30,,0,2000,0,0,0,0,2000,hco
janssen,World Psychiatric Association,Chêne-Bourg,CH,Chemin du Petit-Bel-Air 2,,14422,0,0,0,0,0,14422,hco
janssen,Zmed Zürcher Aerzte Gemeinschaft AG,Zürich,CH,Grütlistr. 36,,0,1200,0,0,0,0,1200,hco
janssen,Charlotte Engström,Schlieren,CH,Rütistr. 19,,,,0,0,800,27,827,hcp
janssen,Christoph Renner,Zürich,CH,Witellikerstr. 40,,,,0,0,1704,44,1748,hcp
janssen,Cornelia Frei,Luzern,CH,St. Annastr. 32,,,,501,499,0,0,1000,hcp
janssen,Daniel Bielinski,Burgdorf,CH,Oberburgstr. 54,,,,0,0,2420,0,2420,hcp
janssen,Daniel Georgiev Koychev,Rapperswil SG,CH,Alte Jonastr. 24,,,,0,0,800,0,800,hcp
janssen,Emanuele Zucca,Bellinzona,CH,Via Ospedale,,,,0,0,1704,102,1806,hcp
janssen,Erika Lerch,Bellinzona,CH,Via Ospedale,,,,0,0,800,41,841,hcp
janssen,Hans Hassler,Wil SG,CH,Blumenaustr. 3,,,,0,227,0,0,227,hcp
janssen,Jean-François Lambert,Nyon,CH,Chemin Monastier 10,,,,0,0,910,0,910,hcp
janssen,Johannes Kasper,Luzern,CH,Hirschengraben 13,,,,0,0,1300,0,1300,hcp
janssen,Johannes Rogger,Luzern,CH,Spitalstr.,,,,409,632,0,0,1041,hcp
janssen,Karoline Aebi-Popp,Bern,CH,SchOnburgstr. 19,,,,0,0,0,50,50,hcp
janssen,Marc Heizmann,Aarau,CH,Tellstr. 25,,,,0,249,0,0,249,hcp
janssen,Maria Ziembrowski,Frauenfeld,CH,Kurzfeldstr. 1,,,,0,227,0,0,227,hcp
janssen,Mario Bargetzi,Aarau,CH,Tellstr. 25,,,,0,0,1690,0,1690,hcp
janssen,Mario Shlomo Kuntze,Jegenstorf,CH,Bernstr. 12,,,,0,0,880,0,880,hcp
janssen,Mathias Clemens Drach,Zürich,CH,Gloriastr. 31,,,,0,303,0,0,303,hcp
janssen,Michele Moro,Bellinzona,CH,Via Ospedale,,,,346,866,0,0,1212,hcp
janssen,Nathan Cantoni,Aarau,CH,Tellstr. 25,,,,0,0,800,56,856,hcp
janssen,Stephan Brand,St. Gallen,CH,Rorschacherstr. 95,,,,0,0,1200,103,1303,hcp
janssen,Tamas Fél,Zürich,CH,Frauenklinikstr. 10,,,,372,0,0,0,372,hcp
janssen,Thomas Müller,Meiringen,CH,Willigen,,,,0,0,3300,93,3393,hcp
janssen,Urs Hepp,Winterthur,CH,Wieshofstr. 102,,,,0,0,2546,0,2546,hcp
