company,name,location,country,address,uci,donations_grants,sponsorship,registration_fees,travel_accommodation,fees,related_expenses,total,type
leo,Centre de Dermatologie Rive,Genève,CH,Cours de Rive 2,,,350,,,,,350,hco
leo,CHUV,Lausanne,CH,Rue du Bugnon 21,,,4550,,,,,4550,hco
leo,Collège des médecins de Rolle-Aubonne-Gimel,Rolle,CH,"Präsident Dr. D. Bosshard, Avenue de la Gare 1, Rolle",,,1000,,,,,1000,hco
leo,Dermatologie und Allergologie,St. Gallen,CH,Rorschacherstr. 95,,,1851.85,,,,,1851.85,hco
leo,Dermatologische Gesellschaft Ostschweiz,St. Gallen,CH,"DGO, Kugelgasse 8",,,800,,,,,800,hco
leo,Ente Ospedaliero Cantonale,Bellinzona,CH,Viale Officina 3,,,500,,,,,500,hco
leo,European Academy of Dermatology and Venereology,Lugano,CH,Via S. Balestra 22B,,,41420,,,,,41420,hco
leo,European Association of Dermato-Oncology,Zürich-Glattburg,CH,Flughofstr. 54,,24564.24,19456.5,,,,,44020.74,hco
leo,GDNE (groupe des dermatologues de Neuchâtel et environs),La Chaux-de-Fonds,CH,"GDNE, Dr Ghislain Faivre",,,600,,,,,600,hco
leo,Groupe Dermatologues Vaudois,Vevey,CH,"Präsident Dr. S. Vollenweider, rue de Lausanne 15",,,1199.73,,,,,1199.73,hco
leo,Hôpital du Valais,Sion,CH,Avenue Grand-Champsec 80,,,2000,,,,,2000,hco
leo,Hôpitaux Universitaires Genève,Genève,Schweiz,Rue Gabrielle Perret-Gentil 4,,,2777.78,,,,,2777.78,hco
leo,Inselspital,Bern,Schweiz,Freiburgstr. 18,,,14502.25,,,,,14502.25,hco
leo,Kantonsspital St. Gallen,St. Gallen,Schweiz,Rorschacherstr. 95,,,800,,,,,800,hco
leo,OFCT,Lugano,Schweiz,Via Al Forte 3,,,,,,1150,,1150,hco
leo,Pallas Kliniken AG,Olten,Schweiz,Louis Giroud-Str.,,,2500,,,,,2500,hco
leo,Privatklinik Linde AG,Biel/Bienne,Schweiz,Blumenrain 105,,,574.08,,,,,574.08,hco
leo,Privatklinik Obach AG,Solothurn,Schweiz,Leopoldstr. 5,,,2000,,,,,2000,hco
leo,SGDV,Bern,Schweiz,Dalmazirain 11,,,60205,,3900,,,64105,hco
leo,Societa Ticinese Di Dermatologia E Venerologia,Lugano,Schweiz,"Società Ticinese di Dermatologia e Venereologia, Segretario STDV",,,1000,,,,,1000,hco
leo,Stadtspital Triemli,Zürich,Schweiz,Birmensdorferstr. 497,,,3000,,,,,3000,hco
leo,Schweizerischer Verband Medizinischer PraxisAssistentinnen SVA,Bern,Schweiz,"SVA-Zentralsekretariat, Monbijoustr. 35 / Postfach , CH-3001",,,1000,,,,,1000,hco
leo,Swiss Hidradenitis Suppurativa Foundation,Bern,Schweiz,"Swiss Hidradenitis Suppurativa Foundation, Präsident SHSF",,,3500,,,,,3500,hco
leo,Universitätsspital Basel,Basel,Schweiz,Spitalstr. 21,,,6000,,,,,6000,hco
leo,UniversitätsSpital Zürich,Zürich,Schweiz,Rämistr. 100,,,8750,,,,,8750,hco
leo,Verband Stadtzürcher Apotheken,Zürich,Schweiz,Rotbuchstr. 83,,,2200,,,,,2200,hco
leo,Zürcher Dermatologen Gesellschaft,Uster,Schweiz,Oberlandstr. 100,,,3500,,,,,3500,hco
leo,Ahmad Jalili,Zürich,CH,Limmatstr. 252,,,,,,4300,,4300,hcp
leo,Anne-Karine Lapointe,Lausanne,CH,Avenue du Théatre 7,,,,,,900,326.8,1226.8,hcp
leo,Carlo Mainetti,Bellinzona,CH,Via Parco 3,,,,,,900,,900,hcp
leo,Christian Surber,Basel,CH,Transdermic International Inc.,,,,,,7120,856.6,7976.6,hcp
leo,Christophe François Hsu,Genève,CH,Boulevard James-Fazy 4,,,,210,790,,,1000,hcp
leo,Cristina Mangas de Arriba,Bellinzona,CH,Via Ospedale,,,,,,300,,300,hcp
leo,Curdin Conrad,Lausanne,CH,Avenue de Beaumont 29,,,,,,1000,,1000,hcp
leo,Elizabeth Gaviria Morales,Bellinzona,CH,Via Ospedale,,,,,,300,,300,hcp
leo,Evangelia Tzika,Genève,CH,Rue Gabrielle-Perret-Gentil 4,,,,593.44,782.54,,,1375.98,hcp
leo,Florian Anzengruber,Zürich,CH,Gloriastr. 31,,,,,,900,,900,hcp
leo,Francesca Ghitti,Bellinzona,CH,Via Ospedale,,,,,,300,,300,hcp
leo,Günther Hofbauer,Wetzikon ZH,CH,Guyer-Zeller-Str. 10,,,,,544.44,2683,953.31,4180.75,hcp
leo,Julia-Tatjana Maul,Zürich,CH,Gloriastr. 31,,,,,,900,14.7,914.7,hcp
leo,Lorenzo Grizzetti,Bellinzona,CH,Via Ospedale,,,,,,300,,300,hcp
leo,Marcus Maassen,Luzern,CH,"Prof. Dr. Marcus Maassen, HNO Center Luzern AG",,,,,,900,,900,hcp
leo,Marguerite Krasovec Rahmann,Schlieren,CH,Uitikonerstr. 9,,,,,,900,14,914,hcp
leo,Matilde Iorizzo,Bellinzona,CH,Viale Stazione 16,,,,,,300,,300,hcp
leo,Nikhil Yawalkar,Bern,CH,Freiburgstr. 18,,,,,,5975,97,6072,hcp
leo,Patrizia Carrozza,Bellinzona,CH,Viale Stazione 16,,,,,,300,,300,hcp
leo,Peter Häusermann,Basel,CH,Petersgraben 4,,,,,,1125,,1125,hcp
leo,Pierre Piletta,Genève,CH,Rond-point de Plainpalais 5,,,,,,1000,,1000,hcp
leo,Ralph Trüeb,Wallisellen,CH,Bahnhofplatz 1a,,,,,,2125,,2125,hcp
leo,Rocco Carlo Riccardo Della Torre,Bern,CH,Freiburgstr. 18,,,,,,2000,,2000,hcp
leo,Wolf-Henning Boehncke,Genève,CH,Rue Gabrielle-Perret-Gentil 4,,,,,,239.8,,239.8,hcp
