company,name,location,country,address,uci,donations_grants,sponsorship,registration_fees,travel_accommodation,fees,related_expenses,total,type
lundbeck,Amicale TTC Valais Romand c/o Dr. Daniel Antonioli,Sion,Schweiz,Reue de la Dixence 21,,,550,,,,,550,hco
lundbeck,Ärztegesellschaft Gäu,Wolhusen,Schweiz,Wolhusen,,,1000,,,,,1000,hco
lundbeck,Ärztekongress Arosa,Arosa,Schweiz,Postfach 68,,,3369,,,,,3369,hco
lundbeck,Ärztenetzwerk Grauholz c/o Dr. Urs Schwyzer,Ittigen,Schweiz,Worbentalstr. 99,,,2160,,,,,2160,hco
lundbeck,Ärztequalitätszirkel Niederamt SO,Lostorf,Schweiz,Stüsslingerstr. 16,,,1200,,,,,1200,hco
lundbeck,Ärztlicher Notfallkreis Sissach / Gelterkinden,Läufelfingen,Schweiz,Hirzenfeldweg 14,,,5000,,,,,5000,hco
lundbeck,Asana Gruppe AGSpital Menziken,Menziken,Schweiz,Spitalstr. 1,,,1000,,,,,1000,hco
lundbeck,Asi-Adoc,Paradiso,Schweiz,Viale San Salvatore 7 Casella postale 501,,,1000,,,,,1000,hco
lundbeck,"Ass, Romonde Psychosomatique et psychosociale / ARFMPP",Genève,Schweiz,rue Jean-Calvin 7,,,1000,,,,,1000,hco
lundbeck,Associazione Discorsi Relazionali DiRe,Lugano,Schweiz,Lugano,,,1500,,,,,1500,hco
lundbeck,Associazione MMM Mendrisio Medical Meeting,Bedano,Schweiz,Via Belvedere 10,,,800,,,,,800,hco
lundbeck,Atelier Psy&Psy Psychiatrie Zentrum Werdenberg-Sarganserland,Trübbach,Schweiz,Hauptstr. 27,,,1250,,,,,1250,hco
lundbeck,atf-Schweiz Klinik Südhang,Kirchlindach,Schweiz,Südhang 1,,,2500,,,,,2500,hco
lundbeck,BBS Congress GmbH,Bern,Schweiz,Rabbentalstr. 83,,,6480,,,,,6480,hco
lundbeck,Be Perfect Eagle GmbH,Wien,Schweiz,Bonygasse,,,1500,,,,,1500,hco
lundbeck,Centre Hospitalier Universitaire Vaudois,Lausanne,Schweiz,Rue du Bugnon 21,,,13800,,,5500,204,19504,hco
lundbeck,Circolo di Qualita PMB,Riva San Vitale,Schweiz,Via alle Pianche 5,,,700,,,,,700,hco
lundbeck,Circolo Medico del Bellinzonese,Arbedo,Schweiz,Via Orbello 22,,,1000,,,,,1000,hco
lundbeck,Clinica Luganese Moncucco SA,Lugano,Schweiz,Via Moncucco 10,,,1000,,,,,1000,hco
lundbeck,Clinica Psichiatrica Cantonale,Mendrisio,Schweiz,Via Agostino Maspoli 8,,,,,,800,,800,hco
lundbeck,DOXnet.ch Ärztenetzwerk Bern Nord / Westc/o Dr. Roland Segginger,Bremgarten,Schweiz,Aeschenbrunnmattstr. 9,,,3000,,,,,3000,hco
lundbeck,DOXnet.ch Ärztenetzwerk Bern Nord / Westc/o Dr. Roland Segginger,Hinterkappelen,Schweiz,Kappelenring 6,,,3000,,,,,3000,hco
lundbeck,Editions Médecine & Hygiène,Chêne-Bourg,Schweiz,Chemin de la Mousse 46,,,2160,,,,,2160,hco
lundbeck,Forel Klinik AG,Ellikon an der Thur,Schweiz,Islikonerstr. 5,,,2500,,,,,2500,hco
lundbeck,Forum für medizinische Fortbildung,Zug,Schweiz,Ahornstr. 2,,,6480,,,,,6480,hco
lundbeck,Forum Managed Care,Neuägeri,Schweiz,Zugerstr. 193,,,16200,,,,,16200,hco
lundbeck,Frauenklinik Kantonsspital Glarus,Glarus,Schweiz,Burgstr. 99,,,1000,,,,,1000,hco
lundbeck,Geschäftsstelle Kollegium für Hausarztmedizin / Medworld AG,Steinhausen,Schweiz,Sennweidstr. 46,,,37368,,,,,37368,hco
lundbeck,Gesundheitsdepartement Kt,St. Gallen,Schweiz,Oberer Graben 32,,,1500,,,,,1500,hco
lundbeck,Groupement des Psychiatres et Psychothérapeutes Vaudois,Lausanne,Schweiz,,,,2500,,,,,2500,hco
lundbeck,Gruppo Medico Formazione,Giubiasco,Schweiz,Casella Postale 823,,,3300,,,,,3300,hco
lundbeck,HAV St,Basel,Schweiz,Römergasse 7,,,4320,,,,,4320,hco
lundbeck,Hôpital du Valais,Sion,Schweiz,Av du Grand Champsec 86,,,1384,249,682,249,,2564,hco
lundbeck,Hôpitaux Universitaires de Genève,Genève,Schweiz,Rue de Lausanne 67,,,1608,577,602,577,,3364,hco
lundbeck,HUG Hôpitaux Universitaires Genève,Genève,Schweiz,Rue du Grand Pré,,,4580,,,,,4580,hco
lundbeck,IGOMED Ärztenetzwerk Raum Thun,Thun,Schweiz,c/o Dr Theodor Rohrer Buchholzstr. 7A,,,1080,,,,,1080,hco
lundbeck,IMK Institut für Medizin und Kommunikation AG,Basel,Schweiz,Münsterberg 1,,,4698,,,,,4698,hco
lundbeck,Integrierte Psychiatrie Winterthur _ Zürcher Unerland,Winterthur,Schweiz,Wieshofstrasse102,,,2000,,,,,2000,hco
lundbeck,Intervisionsgruppe,Lenzburg,Schweiz,Niederlenzer Kirchweg 3,,,3400,,,,,3400,hco
lundbeck,Journées Franco-Suisses de Pharmacie Hospitalière,Lausanne,Schweiz,,,,3000,,,,,3000,hco
lundbeck,Kantonsspital Frauenfeld Spital Thurgau AG,Frauenfeld,Schweiz,Postfach,,,1080,,,,,1080,hco
lundbeck,Frauenklinik Kantonsspital Glarus,Glarus,Schweiz,Burgstr. 99,,,1000,,,,,1000,hco
lundbeck,Kantonsspital Graubünden,Chur,Schweiz,Loestr. 170,,,4320,,,,,4320,hco
lundbeck,Kantonsspital St. Gallen,St. Gallen,Schweiz,Rorschacherstr. 95,,,1620,,,,,1620,hco
lundbeck,Kantonsspital Winterthur,Winterthur,Schweiz,Brauerstr. 15Postfach 834,,,540,,,,,540,hco
lundbeck,Klinik für Psychiatrie u,Basel,Schweiz,Clarastr. 6,,,2500,,,,,2500,hco
lundbeck,Klinik im Hasel AG,Gontenschwil,Schweiz,Hasel 837,,,800,,,,,800,hco
lundbeck,Klinik Lengg AG,Zürich,Schweiz,Bleulerstr. 60,,,1500,,,,,1500,hco
lundbeck,Kompetenznetzwerk Forensische Psychologie AG,Wilen SZ,Schweiz,Hungerstr. 47,,,6500,,,,,6500,hco
lundbeck,Luzerner Psychiatrie,Luzern,Schweiz,Löwengraben 20,,,8500,,,,,8500,hco
lundbeck,Medworld AG,Steinhausen,Schweiz,Sennweidstr. 46,,,7495,,,,,7495,hco
lundbeck,MentAge GmbH,Basel,Schweiz,Gerbergasse 16,,,2000,,,,,2000,hco
lundbeck,Ordine dei Medici del Canton Ticino OMCT,Mezzovico,Schweiz,Via Cantonale 8 - 680,,,1600,,,,,1600,hco
lundbeck,Organizers Schweiz GmbH,Magden,Schweiz,Obere Egg 2,,,10800,,,,,10800,hco
lundbeck,Organizzazione Sociopsichiatrica Cantonale,Mendrisio,Schweiz,Agostino Maspoli 6,,,,,,500,,500,hco
lundbeck,Organizzazione sociopsichiatrica cantonale / Clinica psichiatrice cantonale,Mendrisio,Schweiz,Cia Agostino Maspoli 8,,,2000,,,,,2000,hco
lundbeck,Ospedale Reg,Mendrisio,Schweiz,Casella postale,,,1200,,,,,1200,hco
lundbeck,PizolCareAG Verein zur Vörderung der PizolCare,Mels,Schweiz,Flurstr. 12,,,7500,,,,,7500,hco
lundbeck,Privatklinik Hohenegg AG,Meilen,Schweiz,Hohenegg 1,,,2000,,,,,2000,hco
lundbeck,Privatklinik Wyss AG,Münchenbuchsee,Schweiz,Fellenbergstr. 34,,,2700,,,,,2700,hco
lundbeck,Psychiatrie & Psychotherapie Pizol,Bad Ragaz,Schweiz,Bad Ragaz,,,1500,,,,,1500,hco
lundbeck,Psychiatrie Baselland,Liestal,Schweiz,Bienentalstr. 7,,,6000,,,,,6000,hco
lundbeck,Psychiatrische Dienste Aargau AG,Baden,Schweiz,Zentrum Psychiatrie und Psychotherapie ambulant Ambulatorium Baden Haselstr. 1,,,2160,,,,,2160,hco
lundbeck,Psychiatrische Klinik Königsfelden Psychiatrische Dienste Aargau AG,Brugg AG,Schweiz,Postfach 432,,,6320,,,,,6320,hco
lundbeck,Psychiatrische Universitätsklinik Zürich,Zürich,Schweiz,Selnaustr. 9,,,,,,1500,,1500,hco
lundbeck,Psychiatrische Universitätsklinik Zürich,Zürich,Schweiz,"Lenggstr. 31, Postfach",,,16500,,,1400,378,18278,hco
lundbeck,Psychiatrisches Zentrum Appenzell Ausserrhoden,Herisau,Schweiz,Krombach 3,,,1080,,,,,1080,hco
lundbeck,Pulsus,Luzern,Schweiz,Lidostr. 6 Postfach,,,500,,,,,500,hco
lundbeck,Quadrimed,Crans-Montana,Schweiz,Case postale 299,,,9100,,,,,9100,hco
lundbeck,Reha Rheinfelden,Rheinfelden,Schweiz,Salinenstr. 98,,,1500,,,,,1500,hco
lundbeck,Sanatorium Kilchberg AG,Kilchberg,Schweiz,Alte Landstr. 70,,,1135,,,,,1135,hco
lundbeck,Schweizerische Gesellschaft für Anst und Depression,Zürich,Schweiz,Hermetschloostrass 73,,,4000,,,,,4000,hco
lundbeck,Schweizerische Gesellschaft für intensive dynamische Kurztpsychotherapie,Bad Ragaz,Schweiz,Fläscherstr. 37,,,1250,,,,,1250,hco
lundbeck,Schweizerische Gesellschaft für Zwangsstörungen,Zürich,Schweiz,Culmannstr. 8,,,2000,,,,,2000,hco
lundbeck,Schweizerische Gesellschaft für Zwangsstörungen c/o Klinik für Psychiatrie & Psychotherapie USZ,Zürich,Schweiz,Culmannstr. 8,,,2000,,,,,2000,hco
lundbeck,Schweizerischer Verband Medizinischer Praxisassistentinnen,Bern,Schweiz,Monbijoustr. 35 Postfach,,,2592,,,,,2592,hco
lundbeck,Schweizerischer Verband Medizinischer PraxisAssistentinnen Sektion Solothurn,Solothurn,Schweiz,Schöngrünstr. 29,,,500,,,,,500,hco
lundbeck,See-Spital Horgen,Horgen,Schweiz,Asylstr. 19,,,3500,,,,,3500,hco
lundbeck,Services psychiatriques Jura bernois,Bellelay,Schweiz,Bellelay,,,1000,,,,,1000,hco
lundbeck,SGAMSP Schweizerische Gesellschaft für Arzneimittelsicherheit in der Psychiatrie,Zürich,Schweiz,Stadelhofstr. 42,,,5000,,,,,5000,hco
lundbeck,SGPP c/o Organizers Schweiz GmbH,Magden,Schweiz,Obere Egg 2,,,40770,,,,,40770,hco
lundbeck,Società Ticiniese di Psichiatria e Psicoterapia c/o Markusa Ferrari,Coldrerio,Schweiz,Via Campagnola 112,,,1500,,,,,1500,hco
lundbeck,Société Neuchâteloise de Médecine,Hauterive,Schweiz,Les Theyers 2,,,1500,,,,,1500,hco
lundbeck,Solothurner Spitäler AG / Psychiatrische Dienste,Solothurn,Schweiz,Weissensteinstr. 102,,,8360,,,,,8360,hco
lundbeck,Soziale Dienste Sarganserland,Sargans,Schweiz,Ragazerstr. 11,,,500,,,,,500,hco
lundbeck,St. Gallische Kantonale Psychiatrische Dienste,Wil SG,Schweiz,Zürcherstr. 30,,,15300,,,,,15300,hco
lundbeck,SwAPP Swiss Association of Pharmaceutical Professionals,Basel,Schweiz,Blumenrain 23,,,1000,,,,,1000,hco
lundbeck,Tagesklinik Sanatorium Kilchberg AG,Kilchberg,Schweiz,Alte Landstr. 70,,,4500,,,,,4500,hco
lundbeck,TI-PSISO Gruppo regionale della Società Svizzera di medicina psicosomatica e psicosociale,Locarno,Schweiz,Via Alfredo Pioda 15,,,1000,,,,,1000,hco
lundbeck,Universitäre Psych,Bern,Schweiz,Zieglerstr. 7,,,800,,,,,800,hco
lundbeck,Universitäre Psych,Bern,Schweiz,Murtenstr. 21,,,2160,,,,,2160,hco
lundbeck,Universitäre Psychiatrische Dienste Bern,Bern,Schweiz,Murtenstr. 21,,,2500,,,,,2500,hco
lundbeck,Universität Zürich,Zürich,Schweiz,Rämistr. 71,,,22680,,,,,22680,hco
lundbeck,Université de Genève,Genève,Schweiz,Rue Michel-Servet 1,,,2000,,,2600,,4600,hco
lundbeck,UPK Basel Universitäte Psychiatrische Kliniken,Basel,Schweiz,Wilhelm Kleinstr. 27,,,1500,,,,,1500,hco
lundbeck,Verein who is who c/o Dr. Klaus Rüdy,Zürich,Schweiz,Grossackerstr. 98,,,1200,,,,,1200,hco
lundbeck,World Psychiatric Association,Genève,Schweiz,Chemin du Petit-Bel-Air 2,,10544,,,,,,10544,hco
lundbeck,Zürcher Psychotraumatologie_Tagung,Zürich,Schweiz,Culmannstr. 8,,,3500,,,,,3500,hco
lundbeck,Alexander Pinzello-Hürlimann,Bülach,Schweiz,Grabengasse 12,,,,,,1200,,1200,hcp
lundbeck,Allan Daniel Salzberg,Zürich,Schweiz,Forchstr. 92,,,,242,705,242,,1189,hcp
lundbeck,André Kuntz,Marsens,Schweiz,Réseau fribourgeois de santé mentale c/o Centre de soins hospitaliers Case postale 90,,,,249,682,249,,1180,hcp
lundbeck,Andreas Canziani,Zürich,Schweiz,Mühlegasse 11,,,,161,680,161,,1002,hcp
lundbeck,Andrei Cicotti,Vésenaz,Schweiz,Route d'Hermance 2,,,,577,784,577,,1938,hcp
lundbeck,Anja Mackensen,Brugg AG,Schweiz,Psychiatrische Dienste Aargau AG Postfach 432,,,,,,1200,,1200,hcp
lundbeck,Anke Berg,Winterthur,Schweiz,Postfach 144,,,,205,870,205,,1280,hcp
lundbeck,Anne Lévy,Basel,Schweiz,UPK Basel Universitäte Psychiatrische Kliniken Wilhelm Klein-Str. 27,,,,,,1200,,1200,hcp
lundbeck,Antje Kemter,Basel,Schweiz,Basel (UPK) Universitäre Psychiatrische Kliniken Postfach,,,,129,493,129,,751,hcp
lundbeck,Axel Baumann,Chur,Schweiz,"Psychiatrische Dienste Graubünden, Loëstr. 220",,,,,146,1900,,2046,hcp
lundbeck,Barbara Hochstrasser,Meiringen,Schweiz,Privatklinik Meiringen Willigen,,,,,,1400,,1400,hcp
lundbeck,Beat Nick,Solothurn,Schweiz,"Behandlungszentrum für Psychosen Psychiatrische Dienste, Weissensteinstr. 102",,,,,,4900,,4900,hcp
lundbeck,Bernhard Kohler,Heerbrugg,Schweiz,Ambulatorium Psychiatrie-Zentrum Rheintal Balgacherstr. 202,,,,,,100,,100,hcp
lundbeck,Bernhard Winkler,Wil SG,Schweiz,Psychiatrische Klinik Will Postfach 573,,,,161,484,161,,806,hcp
lundbeck,Bruno Kägi,Zürich,Schweiz,Beckenhofstr. 6,,,,205,870,205,,1280,hcp
lundbeck,Btsa Ridinger,Pfäffikon SZ,Schweiz,Churerstr. 12,,,,,,1500,,1500,hcp
lundbeck,Carlo Calanchini,Lugano,Schweiz,Via Giacomo Luvini 7,,,,,,2200,,2200,hcp
lundbeck,Cäsar Bernhar Spisla,Wetzikon ZH,Schweiz,Clienia Schlössli AG Psychiatrisches Zentrum Spitalstr. 60,,,,,,1000,,1000,hcp
lundbeck,Christian Huber,Basel,Schweiz,UPK Basel Universitäte Psychiatrische Kliniken Wilhelm Klein-Str. 27,,,,205,870,205,,1280,hcp
lundbeck,Christian Imboden,Solothurn,Schweiz,Psychiatrische Dienste Weissensteinstr. 102,,,,,,1200,,1200,hcp
lundbeck,Christoph Montanari,Cham,Schweiz,Schmiedstr. 17,,,,,,100,,100,hcp
lundbeck,Christoph Salathé,Marsens,Schweiz,Réseau fribourgeois de santé mentale c/o Centre de soins hospitaliers Case postale 90,,,,577,602,577,,1756,hcp
lundbeck,Clara Kronqvist,Windisch,Schweiz,Psychiatrische Dienste Aargau AG Zürcherstr. 241,,,,366,870,366,,1602,hcp
lundbeck,Claudia Gröttrup,Münsterlingen,Schweiz,Seeblickstr. 15,,,,,,100,,100,hcp
lundbeck,Claus Aichmüller,Meiringen,Schweiz,Privatklinik Meiringen Willigen,,,,161,481,161,,803,hcp
lundbeck,Cyrus Hazeghi,Genève,Schweiz,Rue du Robert de Traz 7,,,,,,800,,800,hcp
lundbeck,Damiano Venturelli,Locarno,Schweiz,Via Vallemaggia 5,,,,,,500,,500,hcp
lundbeck,Daniel Smaga,Genève,Schweiz,Avenue Krieg 15,,,,,,500,,500,hcp
lundbeck,Daniel Thommen,Zürich,Schweiz,Sonnhaldenstr. 3,,,,388,870,388,,1646,hcp
lundbeck,Dominik Schönborn,Luzern,Schweiz,Zinggentorstr. 6,,,,205,870,205,,1280,hcp
lundbeck,Dominique Baettig,Delémont,Schweiz,Rue de Fer 6,,,,577,784,577,,1938,hcp
lundbeck,Edith Holsboer-Trachsler,Basel,Schweiz,Wilhelm Kleinstr. 27,,,,,160,6900,,7060,hcp
lundbeck,Eduard Zander,Untersiggenthal,Schweiz,Dorfstr. 23,,,,,,300,,300,hcp
lundbeck,Eleni Charitonidi,Genève,Schweiz,Hôpitaux Universitaires de Genève Rue de Lyon 89-91,,,,249,655,249,,1153,hcp
lundbeck,Elisa Kaufmann,Brugg AG,Schweiz,Psychiatrische Klinik Königsfelden Psychiatrische Dienste Aargau AG Postfach 432,,,,,,1000,,1000,hcp
lundbeck,Elizabeth Cicotti,Genève,Schweiz,Rue Henri-Blanvalet 1,,,,577,784,577,,1938,hcp
lundbeck,Emmanuelle De Felice,Neuchâtel,Schweiz,Rue de Vieux-Châtel 18-20,,,,577,784,577,,1938,hcp
lundbeck,Enrico Fraschini,Lausanne,Schweiz,Avenue Juste-Olivier 10,,,,577,784,577,,1938,hcp
lundbeck,Eric Jeunet,Nyon,Schweiz,Avenue Alfred Cortot 7D,,,,249,655,249,,1153,hcp
lundbeck,Eric Lenouvel,Montreux,Schweiz,Fondation de Nant Avenue des Alpes 66,,,,249,682,249,,1180,hcp
lundbeck,Erich Seifritz,Zürich,Schweiz,"Lenggstr. 31, Post Office Box",,,,,,5600,,5600,hcp
lundbeck,Felix Stickel,Bern,Schweiz,Hirslanden Bern AG Klinik Beau-Site,,,,,,1200,,1200,hcp
lundbeck,Franziska Rittel Freuler,Biel/Bienne,Schweiz,Zentralstr. 47,,,,205,870,205,,1280,hcp
lundbeck,Frédéric Bressy,Martigny,Schweiz,Avenue du Grand-St-Bernard 8,,,,,,500,,500,hcp
lundbeck,Friederike Boudriot,Winterthur,Schweiz,Stadthausstr. 97,,,,366,870,366,,1602,hcp
lundbeck,Georges Klein,Monthey,Schweiz,Route de Morgins 10,,,,577,784,577,,1938,hcp
lundbeck,Gerhard Wiesbeck,Basel,Schweiz,Basel (UPK) Universitäre Psychiatrische Kliniken Postfach,,,,,,1500,,1500,hcp
lundbeck,Gerhard Wolfgang Dammann,Münsterlingen,Schweiz,Psychiatrische Dienste Thurgau Postfach 154,,,,,,1400,,1400,hcp
lundbeck,Ghazi Kardous,Yverdon-les-Bains,Schweiz,UTAD Unité de traitement des addictions Secteur psychiatrique nord case postale 103,,,,249,682,249,,1180,hcp
lundbeck,Gregor Hasler,Bern,Schweiz,"Universitätsklinik für Psychiatrie und Psychotherapie, Bolligenstr. 111",,,,,70,3400,,3470,hcp
lundbeck,Hans-Peter Eberhard,Schaffhausen,Schweiz,Praxis Schifflände Freier Platz 6,,,,161,680,161,,1002,hcp
lundbeck,Hans-Ulrich Karli,Lenzburg,Schweiz,Niederlenzer Kirchweg 3,,,,161,680,161,,1002,hcp
lundbeck,Hansjörg Weissenrieder,Zug,Schweiz,Bundesstr. 6,,,,366,675,366,,1407,hcp
lundbeck,Helge Horn,Bern,Schweiz,IPP Bern AG Waisenhausplatz 25,,,,,,1600,,1600,hcp
lundbeck,Henrika Rohr-Gerhards,Zürich,Schweiz,Forchstr. 364,,,,388,870,388,,1646,hcp
lundbeck,Ines Perez,Bern,Schweiz,Morgenstr. 83,,,,366,870,366,,1602,hcp
lundbeck,Ingo Butzke,Münsingen,Schweiz,"Psychiatriezentrum Münsingen PZM, Hunzigenallee 1",,,,,,1400,,1400,hcp
lundbeck,Ingvar Nicolai Hegland,Dielsdorf,Schweiz,Buchserstr. 7,,,,388,870,388,,1646,hcp
lundbeck,Irène Bonada,Genève,Schweiz,Rue du Robert de Traz 7,,,,,,800,,800,hcp
lundbeck,Jacobo Thurthaler,Rheinfelden,Schweiz,Kaiserstr. 8,,,,,,800,,800,hcp
lundbeck,Jacques-Philippe Blanc,Ponte Capriasca,Schweiz,Palazzo Comunale Via alle Scuole,,,,,,500,,500,hcp
lundbeck,Jarno Zierle,St. Gallen,Schweiz,Brauerstr. 54,,,,366,870,366,,1602,hcp
lundbeck,Jasminka Cvetanovic,St. Gallen,Schweiz,Neugasse 30,,,,,,100,,100,hcp
lundbeck,Javier Camarasa,Marin-Epagnier,Schweiz,CNP Centre neuchâtel de psychiatrie,,,,,,100,,100,hcp
lundbeck,Joachim Leupold,Bad Ragaz,Schweiz,Bartholoméplatz 3,,,,242,705,242,,1189,hcp
lundbeck,Jochen Mutschler,Zürich,Schweiz,Zentrum für Abhängigkeitserkrankungen Psychiatrische Universitätsklinik Zürich Selnaustr. 9,,,,,680,,,680,hcp
lundbeck,Johann Steurer,Zürich,Schweiz,Pestalozzistr. 24,,,,,,2500,,2500,hcp
lundbeck,Johanna Hajnik Thurnheer,Wil SG,Schweiz,Psychiatrische Klinik Wil Akut- und Notfallpsychiatrie Zürcherstr. 30,,,,,,500,,500,hcp
lundbeck,Jörg Bitter,Wil SG,Schweiz,Psychiatrische Klinik Wil Postfach 573,,,,,,1500,,1500,hcp
lundbeck,Jörg Hummen,Zürich,Schweiz,Praevmedic AG Resttelbergstr. 25,,,,366,870,366,,1602,hcp
lundbeck,Karel Kraan-Lang,Luzern,Schweiz,Luzerner Psychiatrie Löwengraben 20,,,,,,1400,,1400,hcp
lundbeck,Katarzyna Fischmann,Luzern,Schweiz,Zinggentorstr. 1A,,,,205,870,205,,1280,hcp
lundbeck,Khadija Ammar Boukadida,Genève,Schweiz,Centre Phénix Grand-Pré Fondation Phénix Rue du Grand-Pré 72,,,,577,784,577,,1938,hcp
lundbeck,Klauspeter Stark,Liestal,Schweiz,Psychiatrie Baselland Zentrum für Abhängigkeitserkrankungen Ambulatorium Liestal Wiedenhubstr. 55,,,,161,582,161,,904,hcp
lundbeck,Laszio Gueth,Solothurn,Schweiz,Psychiatrische Dienste Weissensteinstr. 102,,,,,,500,,500,hcp
lundbeck,Logos Curtis,Genève,Schweiz,"Hôpitaux Universitaire de Genève, Rue de Lausanne 67",,,,,,1250,,1250,hcp
lundbeck,Lorenza Bolzani,Pregassona,Schweiz,Via Ceresio 34b,,,,249,815,249,,1313,hcp
lundbeck,Manuel Moser,Langenthal,Schweiz,Marktgasse 18,,,,205,870,205,,1280,hcp
lundbeck,Marc Hofmann,Grüningen,Schweiz,Klinik Sonnhalde - Pflegeheim Gerbi-Str. 9,,,,,,100,,100,hcp
lundbeck,Marco Gebbers,Rain,Schweiz,Wydemattrain 9,,,,,,1000,,1000,hcp
lundbeck,Marina Reznik,Basel,Schweiz,Leimenstr. 17,,,,366,870,366,,1602,hcp
lundbeck,Markus Kohler,Krankenhausstrasse 12,Schweiz,Psychiatrische Dienste Spital STS AG,,,,161,484,161,,806,hcp
lundbeck,Markus Maggi,Richterswil,Schweiz,Adlergasse 3,,,,,,800,,800,hcp
lundbeck,Martin Kammerer,Rüschlikon,Schweiz,Dorfstr. 3,,,,161,624,161,,946,hcp
lundbeck,Martin Minder,Münchenbuchsee,Schweiz,Fellenbergstr. 34,,,,205,870,205,,1280,hcp
lundbeck,Masseod Bazeghy,Bellinzona,Schweiz,Via Giovanni Nizzola 11,,,,,,1200,,1200,hcp
lundbeck,Matteo Preve,Mendrisio,Schweiz,Clinica psichiatrica cantonale Via Agostino Maspoli 6,,,,577,784,577,,1938,hcp
lundbeck,Matthias Hilpert,Brugg,Schweiz,Psychiatrische Klinik Königsfelden Psychiatrische Dienste Aargau AG Postfach 432,,,,,,1400,,1400,hcp
lundbeck,Michael Prapotnik,Buchs SG,Schweiz,Bahnhofstr. 43,,,,161,325,161,,647,hcp
lundbeck,Michel Dang,Windisch,Schweiz,Psychiatrische Klinik Königsfelden Zürcherstr. 241,,,,388,675,388,,1451,hcp
lundbeck,Michele Mattia,Paradiso,Schweiz,Viale San Salvatore 7 Casella postale 501,,,,577,784,577,,1938,hcp
lundbeck,Michele Schuierer,Lommiswil,Schweiz,Selzacherstr. 1,,,,,,650,,650,hcp
lundbeck,Michelle Montani-Novotni,Marin,Schweiz,CNP - Site de Préfargier,,,,577,784,577,,1938,hcp
lundbeck,Miguel Marset-Fernandez,Genève,Schweiz,Rue de la Terrassière 58,,,,249,655,249,,1153,hcp
lundbeck,Mihran Lacinoglu,Biel/Bienne,Schweiz,Bahnhofstr. 1,,,,205,870,205,,1280,hcp
lundbeck,Monika Ridinger,Postfach 432,Schweiz,Psychiatrische Klinik Königsfelden,,,,,,5500,,5500,hcp
lundbeck,Myron Valvis,Yverdon-les-Bains,Schweiz,Rue des Jordils 63,,,,577,784,577,,1938,hcp
lundbeck,Nexhat Rrustemi,Bulle,Schweiz,Route de Riaz 8,,,,,,500,,500,hcp
lundbeck,Niccolò Morandotti,Pregassona,Schweiz,Clinica Viarnetto Via Ceresio 34b,,,,,836,,,836,hcp
lundbeck,Nicolas Bonvin,Locarno,Schweiz,Via Giov Antonio Orelli 19,,,,,,500,,500,hcp
lundbeck,Nina Schlager,Heerbrugg,Schweiz,Ambulatorium Psychiatrie-Zentrum Rheintal Balgacherstr. 202,,,,161,643,161,,965,hcp
lundbeck,Olaf Hentrich,Sursee,Schweiz,HeTo GmbH Buchenstr. 8,,,,366,870,366,,1602,hcp
lundbeck,Olivier Wenger,Chêne-Bourg,Schweiz,Hôpitaux Universitaires de Genève Chemin du Petit-Bel-Air 2,,,,249,655,249,,1153,hcp
lundbeck,Othman Sentissi,Genève,Schweiz,Hôpitaux Universitaires de Genève Rue des Bains 35,,,,,,1000,,1000,hcp
lundbeck,Pascal Gache,Genève,Schweiz,Rue des Deux-Ponts 20,,,,,,2000,,2000,hcp
lundbeck,Paul-Richard Guzek,Wil SG,Schweiz,Untere Bahnhofstr. 19,,,,205,229,205,,639,hcp
lundbeck,Peter Allemann,Kirchlindach,Schweiz,"Klinik Südhang, Südhang 1",,,,,,3000,,3000,hcp
lundbeck,Peter Grafe,Schaffhausen,Schweiz,Vorstadt 40/42,,,,366,870,366,,1602,hcp
lundbeck,Philipp Eich,Psychotherapie,Schweiz,Klinik für Psychiatrie u,,,,,,1400,,1400,hcp
lundbeck,Philipp Kloimstein,Wattwil,Schweiz,Psychiatrisches Zentrum Wattwil,,,,205,870,205,,1280,hcp
lundbeck,Pierre-André Fauchère,Sion,Schweiz,Avenue de Pratifori 14,,,,,,800,,800,hcp
lundbeck,Rafael Traber,Viganello,Schweiz,Via Luganetto 5,,,,,112,1400,,1512,hcp
lundbeck,Raffaella Pozzi,Lugano,Schweiz,Corso Enrico Pestalozzi 4A,,,,249,815,249,,1313,hcp
lundbeck,Renata Werlen,Biel/Bienne,Schweiz,Zentralstr. 47,,,,366,870,366,,1602,hcp
lundbeck,Riaz Ahmad Khan,Genève,Schweiz,Hôpitaux Universitaires de Genève Rue de Lausanne 20 bis,,,,249,655,249,,1153,hcp
lundbeck,Robert Maier,Kilchberg ZH,Schweiz,"Sanatorium Kilchberg AG, Alte Landstr. 70",,,,,,100,,100,hcp
lundbeck,Robert Mc Shine,Winterthur,Schweiz,Zentrum Hard Integrierte Psychiatrie Winterthur Postfach 144,,,,366,870,366,,1602,hcp
lundbeck,Roland Vauth,Kornhausgasse 7,Schweiz,Universitäre Psychiatrische Kliniken Basel,,,,,,1000,,1000,hcp
lundbeck,Roland von Känel,Barmelweid,Schweiz,Klinik Barmelweid AG,,,,205,705,205,,1115,hcp
lundbeck,Sabine Abele,Luzern,Schweiz,"St,-Leodegar-Str. 2",,,,161,680,161,,1002,hcp
lundbeck,Sehal Poyraz,Zürich,Schweiz,Zentrum für Abhängigkeitserkrankungen Psychiatrische Universitätsklinik Zürich Selnaustr. 9,,,,132,680,132,,944,hcp
lundbeck,Serge Zumbach,Marsens,Schweiz,Réseau fribourgeois de santé mentale c/o Centre de soins hospitaliers Case postale 90,,,,577,784,577,,1938,hcp
lundbeck,Sérgio Lenoir,St,Schweiz,Zürcherstr. 170,,,,161,598,161,,920,hcp
lundbeck,Simonetta Colmegna,Agno,Schweiz,Clinica Psichiatrica di Giorno Via Lugano 1,,,,577,784,577,,1938,hcp
lundbeck,Slavica Romancuk-Bacinski,Glattbrugg,Schweiz,Wright-Str. 34,,,,,,500,,500,hcp
lundbeck,Stefan Kaiser,Lenggstrasse 31,Schweiz,Psychiatrische Universitätsklinik Zürich,,,,,,1000,,1000,hcp
lundbeck,Stéphane Favre,Aigle,Schweiz,"Policlinique psych,adulte Centre du Grand-Chêne Chemin du Grand-Chêne 1",,,,577,784,577,,1938,hcp
lundbeck,Susanne Harfmann,Brig,Schweiz,Überlandstr. 14,,,,,675,,,675,hcp
lundbeck,Sven Brockmüller,Zäch Strasse 1,Schweiz,Zentrum für Schmerzmedizin Schweizer Paraplegiker-Zentrum Guido A,,,,,870,,,870,hcp
lundbeck,Svjetlana Vinkovic-Glodjajic,Chur,Schweiz,Poststr. 36,,,,205,870,205,,1280,hcp
lundbeck,Tarek Bdeir Ibanez,Avenue des Mousquines 4,Schweiz,Les Toises Centre de Psychiatrie & Psychothérapie,,,,577,784,577,,1938,hcp
lundbeck,Tatiana Miusskaya Fehr,Chur,Schweiz,Psychiatrische Dienste Graubünden Klinik Waldhaus Loëstr. 220,,,,366,870,366,,1602,hcp
lundbeck,Tatjana Zafirovska,Lugano,Schweiz,Via delle Scuole 1,,,,826,1599,826,,3251,hcp
lundbeck,Thi Nguyen,Lausanne,Schweiz,Avenue de Chailly 25,,,,,,300,,300,hcp
lundbeck,Thilo Beck,Konradstrasse 32,Schweiz,Arud Geschäftsstelle Zürich,,,,,,1500,,1500,hcp
lundbeck,Thomas Jörg Müller,Bern,Schweiz,Uniklinik und Poliklinik Universitäre Psych,,,,,,1400,,1400,hcp
lundbeck,Thomas Jörg Müller,Bern,Schweiz,Uniklinik und Poliklinik Universitäre Psych,,,,,,1000,,1000,hcp
lundbeck,Thomas Leyhe,Basel,Schweiz,UPK Basel Universitäte Psychiatrische Kliniken Wilhelm Klein-Str. 27,,,,,,1500,,1500,hcp
lundbeck,Thomas Lüddeckens,Hasel 837,Schweiz,Klinik Im Hasel AG,,,,,,1500,,1500,hcp
lundbeck,Thorsten Mikoteit,Basel,Schweiz,UPK Basel Universitäte Psychiatrische Kliniken Wilhelm Klein-Str. 27,,,,,,1000,,1000,hcp
lundbeck,Urs Fromm,Wohlen AG,Schweiz,Zentralstr. 55a,,,,205,870,205,,1280,hcp
lundbeck,Vera Popadic,Wil,Schweiz,Bronschohofenstr. 20,,,,205,870,205,,1280,hcp
lundbeck,Walter Heuberger,Wil SG,Schweiz,Psychiatrische Klinik Wil Postfach 573,,,,161,605,161,,927,hcp
lundbeck,Wilhelm Breit,Brugg,Schweiz,Psychiatrische Klinik Königsfelden Postfach 432,,,,366,675,366,,1407,hcp
