company,name,location,country,address,uci,donations_grants,sponsorship,registration_fees,travel_accommodation,fees,related_expenses,total,type
mepha,Aarg. Apothekerverband,Fahrwangen,Schweiz,Bahnhofstr. 10,,,2500,,,,,2500,hco
mepha,ADEL Association D'Esculape En Lavaux,Lutry,Schweiz,Rue Verdaine,,,2000,,,,,2000,hco
mepha,Ärzteverein Davos,Davos Platz,Schweiz,Prommenade 4,,,3000,,,,,3000,hco
mepha,"APFCT"" Corsi di aggiornamento Assistenti di Farmacia",Claro,Schweiz,Case postale,,,2500,,,,,2500,hco
mepha,Appenzellische Ärztegesellschaft,Bühler,Schweiz,,,,2000,,,,,2000,hco
mepha,"ARF ""Association Romande de Formation "" et ARFMPP",Genève,Schweiz,rue Calvin 7,,,2000,,,,,2000,hco
mepha,Argomed,Lenzburg,Schweiz,Bahnhofstr. 24,,,8500,,,,,8500,hco
mepha,Ärztenetzwerk Bantiger,Ittigen,Schweiz,Talgut-Zentrum 34,,,4200,,,,,4200,hco
mepha,Ärztenetzwerk Grauholz,Urtenen-Schönbühl,Schweiz,,,,4400,,,,,4400,hco
mepha,Ärzteverein Davos,Feraltdorf,Schweiz,Im Baumgarten 1,,,6000,,,,,6000,hco
mepha,Ärztezentrum Attiswil-Wiedlisbach AG,Wiedlisbach,Schweiz,Oelenweg 3,,,1350,,,,,1350,hco
mepha,Ärztezentrum Jegenstorf AG,Jegenstorf,Schweiz,Bernstr. 12,,,1800,,,,,1800,hco
mepha,Ärztezentrum Oberdiessbach,Oberdiessbach,Schweiz,Krankenhausstr. 14,,,1070,,,,,1070,hco
mepha,ASANA Gruppe AG,Menziken,Schweiz,Spitalstr. 1,,,1852,,,,,1852,hco
mepha,Association Medecins de la Côte,Nyon,Schweiz,Rue Neuve 6,,,750,,,,,750,hco
mepha,Associazione Mendrisio Medical Meeting,Bedano,Schweiz,Via Belvedere 10,,,3000,,,,,3000,hco
mepha,Atelier Psy&Psy Psychiatrie Zentrum Werdenberg-Sarganserland,Trübbach,Schweiz,Hauptstr. 27,,,1250,,,,,1250,hco
mepha,Ausbildungsinstitut für ganzheitliche Therapien IKP,Zürich,Schweiz,Kanzleistr. 17,,,2500,,,,,2500,hco
mepha,Berner Fachhochschule,Bern,Schweiz,Murtenstr. 10,,,2000,,,,,2000,hco
mepha,Bündner Ärzteverein,Chur,Schweiz,St. Martinsplatz 8,,,2000,,,,,2000,hco
mepha,Center da sandà Val Müstair,Sta. Val Müstair,Schweiz,,,,2000,,,,,2000,hco
mepha,CHUV Centre Hospitalier Universitaire Vaudois,Lausanne,Schweiz,Rue du Bugnon 21,,,2000,,,,,2000,hco
mepha,CHUV Centre Hospitalier Universitaire Vaudois,Prilly,Schweiz,Site de Cery,,,,,,1500,,1500,hco
mepha,Clinica ARS Medica,Gravesano,Schweiz,Via Grumo 16,,,1000,,,,,1000,hco
mepha,Clinica Luganese Moncucco SA,Lugano,Schweiz,Via Muncucco 10,,,800,,,,,800,hco
mepha,"CMTC ""Circolo medico tre Valli",Dongio,Schweiz,Via Lucomagno 50,,,700,,,,,700,hco
mepha,Colloaues régionaux du mardi,Crans,Schweiz,10a Ch. du Levant,,,1000,,,,,1000,hco
mepha,Congrès des JFSPH,Lausanne,Schweiz,Rue du Bugnon 46,,,4200,,,,,4200,hco
mepha,"CPR Schulung ""Daniel Harder",Meiringen,Schweiz,Liechtenenweg,,,700,,,,,700,hco
mepha,Dermatologische Gesellschaft Ostschweiz,St. Gallen,Schweiz,Kugelgasse 8,,,1000,,,,,1000,hco
mepha,Destination Davos Klosters,Davos,Schweiz,Talstr. 41,,,2750,,,,,2750,hco
mepha,Edition Médecine & Hygiène,Chêne-Bourg,Schweiz,Chemin de la Mousse,,,2800,,,,,2800,hco
mepha,Ente Ospedaliero Cantonale,Bellinzona,Schweiz,Via Lugano 4b,,,600,,,,,600,hco
mepha,EPGL / pharmaGenève,Genève,Schweiz,Boulevard d'Yvoy,,,2500,,,,,2500,hco
mepha,Externer Psychiatrischer Dienst Münsterlingen,Münsterlingen,Schweiz,Seeblickstr. 1,,,1000,,,,,1000,hco
mepha,fmc - das Schweizerische Forum für Integrierte Versorgung,Neuägeri Zug,Schweiz,Zugerstr. 193,,,7300,,,,,7300,hco
mepha,Fortbildungsgruppe Adler,Steckborn,Schweiz,Storchengässli 2,,,1000,,,,,1000,hco
mepha,Fortbildungsverein Uroclinic,Wetzikon,Schweiz,Kirchgasse 4,,,1500,,,,,1500,hco
mepha,Gesundes Rheintal,Oberriet,Schweiz,Ballengasse 9,,,1000,,,,,1000,hco
mepha,"GRIMM ""groupemet de médecin valaisans",Sion,Schweiz,Rue du Chanoine Berchtold 26,,,2200,,,,,2200,hco
mepha,Groupement des Gynecoloques Vaudois,Lausanne,Schweiz,Rue de la Vigie 5,,,2000,,,,,2000,hco
mepha,"GRSSGO ""Groupement Romand de la société Suisse",Cheseaux,Schweiz,Rue de Pâquis 1,,,2410,,,,,2410,hco
mepha,Gruppo Medico Formazione,Giubiasco,Schweiz,Casella Postale 823,,,3300,,,,,3300,hco
mepha,"GSA "" Intressensgemeinschaft Schweizer Aerzte",Luzern,Schweiz,Denkmalstr. 2,,,1000,,,,,1000,hco
mepha,Hareso Hausärzte Region Solothurn AG,Solothurn,Schweiz,Niklaus-Konrad-Str.,,,14400,,,,,14400,hco
mepha,Hausärzte Qualitätszirkel Liestal,Liestal,Schweiz,Kesselweg 40,,,600,,,,,600,hco
mepha,Hausärzte QZ Region Bülach Embrach Lufingen,Embrach,Schweiz,Römerweg 51,,,200,,,,,200,hco
mepha,Hausärzteverein Bremgarten Mutschellen Kelleramt,Widen,Schweiz,Neumattstr. 16,,,2500,,,,,2500,hco
mepha,Hausärztlicher Qualitätszirkel Oberthurgau Ost,Steinach,Schweiz,Birkenweg 8,,,3500,,,,,3500,hco
mepha,Hausarztverein Schaffhausen,Schaffhausen,Schweiz,Vorstadt 17,,,2000,,,,,2000,hco
mepha,hawadoc Ärzteorganisation,Winterthur,Schweiz,Garnmarkt 1,,,18440,,,,,18440,hco
mepha,HFR Fribourg,Fribourg,Schweiz,Case postale,,,1000,,,,,1000,hco
mepha,HFR hôpital fribourgeois,Fribourg,Schweiz,Chemins des Pensionnats 2,,,1000,,,,,1000,hco
mepha,Hirslanden AG,Zürich,Schweiz,Seestr. 220,,,2500,,,,,2500,hco
mepha,Hôpital du Jura Bernois SA,Moutier,Schweiz,Beausite 49,,,2500,,,,,2500,hco
mepha,Hôpital du Valais,Sion,Schweiz,Case postale 696,,,600,,,,,600,hco
mepha,Hôpital du Valais,Sion,Schweiz,Av. Du Grand-Champsec 80,,,1000,,,,,1000,hco
mepha,Igomed,Thun,Schweiz,Goldiwilstr. 36 a,,,4000,,,,,4000,hco
mepha,iNetz,Zürich,Schweiz,Bahnhofplatz 4,,,6000,,,,,6000,hco
mepha,Inselspital,Bern,Schweiz,,,,1000,,,,,1000,hco
mepha,Institut für Hausarzmedizin & Community Care Luzern,Luzern,Schweiz,Schwanenplatz 7,,,11000,,,,,11000,hco
mepha,Junge Hausärztinnen- und ärzte Schweiz,Bern,Schweiz,Effingerstr. 2,,,43346,,,,,43346,hco
mepha,Kantonsspital Baselland,Liestal,Schweiz,Mühlenmattstr. 26,,,,,,1500,,1500,hco
mepha,Kantonsspital Münsterlingen,Münsterlingen,Schweiz,Spitalcampus 1,,,1000,,,,,1000,hco
mepha,Kantonsspital St. Gallen,St. Gallen,Schweiz,Rorschacherstr. 95,,,1389,,,,,1389,hco
mepha,Kantonsspital St. Gallen,St. Gallen,Schweiz,Rorschacherstr. 95,,,1500,,,,,1500,hco
mepha,Kollegium für Hausarztmedizin KHM / CMPR,Fribourg,Schweiz,Rue de l'Hôpital,,,30000,,,,,30000,hco
mepha,Kollegium für Hausarztmedizin KHM / CMPR,Fribourg,Schweiz,Rue de l'Hôpital 15,,,15000,,,,,15000,hco
mepha,Kongressverein Arosa zugunsten von Ärztekongress Arosa,Arosa,Schweiz,Postfach 68,,,19391,,,,,19391,hco
mepha,Kopfwehzentrum Hirslanden Zürich,Zollikon,Schweiz,Forchstr. 424,,,500,,,,,500,hco
mepha,leSwiss Medical & Surgical Centre,St. Gallen,Schweiz,Brauerstr. 97,,,2000,,,,,2000,hco
mepha,Lindenhofspital,Bern,Schweiz,Bremgartenstr. 117,,,8000,,,,,8000,hco
mepha,Löwenpraxis,Luzern,Schweiz,Zürichstr. 12,,,2500,,,,,2500,hco
mepha,Luzerner Kantonsspital Sursee,Sursee,Schweiz,Spitalstr. 16a,,,1000,,,,,1000,hco
mepha,Luzerner Psychiatrie,Luzern,Schweiz,Spitalstr. 11,,,1000,,,,,1000,hco
mepha,Luzerner Psychiatrie,Luzern,Schweiz,Spitalstr. 11,,,2500,,,,,2500,hco
mepha,Max Zeller Söhne AG,Romanshorn,Schweiz,Seeblickstr. 4,,,500,,,,,500,hco
mepha,Medecins de famille Valais,Saxon,Schweiz,Gottefray 11,,,1000,,,,,1000,hco
mepha,Medizinischer Verein vom Linthgebiet,Weesen,Schweiz,,,,2000,,,,,2000,hco
mepha,mfe Médecins de famille et de l'enfance Valais,Conthey,Schweiz,av. De la Gare 39,,,800,,,,,800,hco
mepha,Mini Spec,Stans,Schweiz,Robert Durrerstr. 2,,,1500,,,,,1500,hco
mepha,Notfallkreis Gelterkinden / Sissach,Läufelfingen,Schweiz,Hirzenfeldweg 14,,,5000,,,,,5000,hco
mepha,"ONP ""Ordre Neuchâtelois des Pharmaciens",Neuchâtel,Schweiz,Case postale,,,2000,,,,,2000,hco
mepha,Ordine dei Medici del Canton Ticino,Mezzovico,Schweiz,Via Cantonale 8,,,1600,,,,,1600,hco
mepha,ORL Fortbildung,Basel,Schweiz,Blumenrain 20,,,1000,,,,,1000,hco
mepha,Pharmacentrum,Basel,Schweiz,Klingelbergstrase 50,,,2315,,,,,2315,hco
mepha,Pharmaciens sans frontières Suisse,Gränichen,Schweiz,Bahnhofstr. 1,,,7000,,,,,7000,hco
mepha,Pharmaciens sans frontières Suisse,Gränichen,Schweiz,Bahnhofstr. 1,,10348,,,,,,10348,hco
mepha,PharmActuel,Binningen,Schweiz,Bleicherweg 5,,,1000,,,,,1000,hco
mepha,Pharmactuel c/o OFCT,Lugano,Schweiz,Casella postale,,,2500,,,,,2500,hco
mepha,Pharmactuel Regiogruppe Bern,Zollikofen,Schweiz,Postfach,,,2500,,,,,2500,hco
mepha,Pharmactuel Regiogruppe Bern,Zollikofen,Schweiz,Postfach,,,2500,,,,,2500,hco
mepha,Pharmactuel Regiogruppe Bern,Zollikofen,Schweiz,Postfach,,,2500,,,,,2500,hco
mepha,pharmActuel Vaud,Morrens,Schweiz,Chemin du Crochet 10,,,2000,,,,,2000,hco
mepha,pharmaSuisse,Bern-Liebefeld,Schweiz,Stationstrassel 2,,,12000,,,,,12000,hco
mepha,pharmaSuisse,Bern-Liebefeld,Schweiz,Stationstrassel2,,,4300,,,,,4300,hco
mepha,Pharmavalais,Granges,Schweiz,Route du Robinson 43,,,3000,,,,,3000,hco
mepha,Pharmazeutische Gesellschaft Basel,Birsfelden,Schweiz,Burenweg 39,,,3000,,,,,3000,hco
mepha,PMES Réseau Romand de Médécin de l'Exercice et du Sport,Meyrin,Schweiz,Avenue Jean Daniel Maillard 3,,,1500,,,,,1500,hco
mepha,Policlinique Médicale Universitaire,Lausanne,Schweiz,Rue du Bugnon 44,,,4000,,,,,4000,hco
mepha,Privatklinik Hohenegg AG,Meilen,Schweiz,Hohenegg 1,,,1500,,,,,1500,hco
mepha,Privatklinik Obach AG,Solothurn,Schweiz,Leopoldstr. 5,,,2000,,,,,2000,hco
mepha,"PSOMA ""psychosomatik Board",Bern,Schweiz,Hochfeldstr. 41,,,1000,,,,,1000,hco
mepha,Quadrimed,Crans-Montana,Schweiz,Case postale 299,,,11375,,,,,11375,hco
mepha,Réseau Santé Balcon du Jura. vd,Sainte-Croix,Schweiz,Rue des Rosiers 29,,,300,,,,,300,hco
mepha,Schweizerisch,Bern,Schweiz,Balmerstr. 12,,,3000,,,,,3000,hco
mepha,Schweizerische Ärztegesellschaft für Manuelle Medizin,St. Gallen,Schweiz,Kolumbanstr. 2,,,9000,,,,,9000,hco
mepha,Schweizerische Epilepsie-Liga,Zürich,Schweiz,Seefeldstr. 84,,,3000,,,,,3000,hco
mepha,Schweizerische Gesellschaft für Allgemeine Innere Medizin,Bern,Schweiz,Monbijoustr. 43,,,15680,,,,,15680,hco
mepha,Schweizerische Gesellschaft für Psychiatrie und Psychotherapie,Bern,Schweiz,Altenbergstr. 29,,,18750,,,,,18750,hco
mepha,SGAD Schweizerische Gesellschaft für Angst,Zürich,Schweiz,Ringstr. 70,,,20000,,,,,20000,hco
mepha,"SGGM Tagung ""schweizerische Gesellschaft für Gebirgsmedizin",Lauterbrunnen,Schweiz,Dokterhuus,,,1000,,,,,1000,hco
mepha,SGSM Schweizerischer Verein für Sportmedizin,Bern,Schweiz,Rabbentalstr. 83,,,1000,,,,,1000,hco
mepha,"SNP"" Soctiété neuchâteloise de Pédiatrie",Marin,Schweiz,Verger-en-Joran 4,,,750,,,,,750,hco
mepha,Societé Vaudoise de Pharmacie,Paudex,Schweiz,Route Du Lac 2,,,2200,,,,,2200,hco
mepha,Solothurner Spitäler AG,Solothurn,Schweiz,Weissensteinstr. 102,,,2500,,,,,2500,hco
mepha,Spital Herisau Appenzell Ausserrhoden,Herisau,Schweiz,Spitalstr. 6,,,1000,,,,,1000,hco
mepha,Spital Zweisimmen,Zweisimmen,Schweiz,Karl Haueter-Str. 21,,,4000,,,,,4000,hco
mepha,Spitalregion Fürstenland Toggenburg SRFT,Bronschhofen,Schweiz,Eggwilerstr. 16b,,,1500,,,,,1500,hco
mepha,Spitalregion Fürstenland Toggenburg SRFT,Will,Schweiz,Fürstenlandstr. 32,,,2000,,,,,2000,hco
mepha,SRFT,Wil,Schweiz,Fürstenlandstr. 32,,,4000,,,,,4000,hco
mepha,Stiftung zur Förderung der Medizin im Engadin,Scuol,Schweiz,Bogn Engiadina Scuol,,,7500,,,,,7500,hco
mepha,swiss Young Pharmadsts Group c/o pharmasuisse,Bern-Liebefeld,Schweiz,Stationstrassel2,,,75000,,,,,75000,hco
mepha,swiss Young Pharmadsts Group c/o pharmasuisse,Bern-Liebefeld,Schweiz,Stationstrassel2,,,75000,,,,,75000,hco
mepha,swiss YPG Swiss Young Pharmacists Group c/o pharmaSuisse,Bern-Liebefeld,Schweiz,Stationstr. 12,,,3000,,,,,3000,hco
mepha,Universität Zürich,Zürich,Schweiz,Culmannstr. 8,,,3000,,,,,3000,hco
mepha,Universitätsspital Basel,Basel,Schweiz,Petersgraben 4,,,2000,,,,,2000,hco
mepha,Universitätsspital Basel,Basel,Schweiz,Petersgrabe 4,,,,,,1500,,1500,hco
mepha,Universitätsspital Basel,Basel,Schweiz,Petersgrabe 4,,,,,,9800,432,10232,hco
mepha,UniversitätsSpital Zürich,Zürich,Schweiz,Rämistr. 100,,,2000,,,,,2000,hco
mepha,"Verein ""Kinderärzte",Winterthur,Schweiz,Albaniastr. 24,,,1500,,,,,1500,hco
mepha,Verein Hausärzte Stadt Zürich,Zürich,Schweiz,,,,3000,,,,,3000,hco
mepha,Vereinigung Zürcher Internisten,Zürich,Schweiz,Birmensdorferstr. 497,,,3800,,,,,3800,hco
mepha,"VHZ ""Verein Hausärzte Stadt Zürich",Zürich,Schweiz,,,,5000,,,,,5000,hco
mepha,"VLuHa ""Vereinigung Luzerner Hausärzte",Luzern,Schweiz,Schwanenplatz 7,,,1500,,,,,1500,hco
mepha,zu:care,Unterägeri,Schweiz,Seestr. 9,,,4000,,,,,4000,hco
mepha,Zurich Academy of Internal Medicine,Steinhausen,Schweiz,Sennweidstr. 46,,,3540,,,,,3540,hco
mepha,Adrian Ciurea,Zürich,Schweiz,Gloriastr. 25,,,,,,1000,,1000,hcp
mepha,Adrian Forster,Winterthur,Schweiz,Brauerstr. 15,,,,,,1500,,1500,hcp
mepha,Alex Stalder,Bottmingen,Schweiz,Baslerstr. 13,,,,,,1500,,1500,hcp
mepha,Alexandra Buchbauer-Kollar,Nuolen,Schweiz,Ochsenbodenweg 1b,,,,64,,,,64,hcp
mepha,Alexandre Cavin,Nyon,Schweiz,Rue de la Gare 43,,,,,,450,,450,hcp
mepha,Alfred Chappuis,Laupen,Schweiz,Bahnweg 2,,,,,,450,,450,hcp
mepha,Amalia Kerl-Skurka,Zürich,Schweiz,Altstetterstr. 142,,,,64,,,,64,hcp
mepha,Andrea Stärkle-Bär,Nürensdorf,Schweiz,Bohnackerstr. 21,,,,64,,,,64,hcp
mepha,Andreas Dietsche,St. Moritz,Schweiz,Piazza Paracelsus 2,,,,64,,,,64,hcp
mepha,Andreas Flammer,Schwerzenbach,Schweiz,Sonnenbergstr. 53,,,,,,1500,,1500,hcp
mepha,Andreas Krebs,Zürich,Schweiz,Gloriastr. 25,,,,,,1000,,1000,hcp
mepha,Andreas Von Planta,Chur,Schweiz,Vazerolgasse 12,,,,64,,,,64,hcp
mepha,Andreas Wüest,Wädenswil,Schweiz,Bahnhofstr. 4,,,,64,,,,64,hcp
mepha,Andrej Golovatyuk,Luzern,Schweiz,Franziskanerplatz 5,,,,64,,,,64,hcp
mepha,Anja Weibel,Zürich,Schweiz,Dunantstr. 1,,,,77,,,,77,hcp
mepha,Anne Mayer,Zofingen,Schweiz,Mühlemattstr. 5,,,,64,,,,64,hcp
mepha,Annkatrin Scheller,Tägerwilen,Schweiz,Poststr. 20,,,,64,,,,64,hcp
mepha,Antoinette J. Föhr-Keller,Pfäffikon,Schweiz,Rietbrunnen 26,,,,64,,,,64,hcp
mepha,Antonio Cozzio,St. Gallen,Schweiz,Rorschacher Str. 95,,,,,,1000,,1000,hcp
mepha,Ariane Meyer,Richterswil,Schweiz,Freiherrenstr. 7,,,,64,,,,64,hcp
mepha,Armin Zgraggen,Zürich,Schweiz,Werdstr. 56,,,,64,,,,64,hcp
mepha,Balthasar Fehr,Landquart,Schweiz,Bahnhofstr. 3,,,,64,,,,64,hcp
mepha,Barbara Fuchs,Basel,Schweiz,Bärenfelserstr. 8,,,,64,,,,64,hcp
mepha,Beat A. Michel,Winterthur,Schweiz,Sonnenbergstr. 12,,,,,,8800,197,8997,hcp
mepha,Beat A. Michel,Zürich,Schweiz,Toblerstr. 51,,,,,,6000,,6000,hcp
mepha,Beat Baumann,Zug,Schweiz,Industriestr. 13b,,,,,,600,,600,hcp
mepha,Beat Schweizer,Münchenstein,Schweiz,Im Steinenmüller 4,,,,64,,,,64,hcp
mepha,Beatrice Amann-Vesti,Zürich,Schweiz,Rämistr. 100,,,,,,2500,,2500,hcp
mepha,Beatrice Wirtner,Richterswil,Schweiz,Seestr. 11,,,,64,,,,64,hcp
mepha,Beatrice Würmli Gloor,Köniz,Schweiz,Waldrainstr. 12a,,,,64,,,,64,hcp
mepha,Bernard Surial,Bern,Schweiz,Gutenbergstr. 9,,,,64,,,,64,hcp
mepha,Bernhard Müller,Menziken,Schweiz,Sagiweg 6,,,,,,450,,450,hcp
mepha,Bertrand Deschenaux,Fribourg,Schweiz,Place de l'Hôtel-de-Ville 1,,,,,,450,,450,hcp
mepha,Bich Huynh,Lausanne,Schweiz,Route Aloys Fauquez 87,,,,,,450,,450,hcp
mepha,Birgitt Wais,Stan,Schweiz,Aemättlihof 105,,,,64,,,,64,hcp
mepha,Blaise Bourrit,Genève,Schweiz,Rue Adrien-Lachenal 12,,,,,,450,,450,hcp
mepha,Boris Federlein,Häggingen,Schweiz,Vorstadt 17,,,,64,,,,64,hcp
mepha,Brigitta Wössmer,Basel,Schweiz,Hebelstr. 3,,,,,,1500,,1500,hcp
mepha,Brigitte Gantschnig,Bern,Schweiz,Freiburgstr. 8,,,,,,500,,500,hcp
mepha,Britta Massmann,Aarau,Schweiz,Laurenzenvorstadt 25,,,,64,,,,64,hcp
mepha,Britta Maurer,Zürich,Schweiz,Gloriastr. 25,,,,,,1500,,1500,hcp
mepha,Carina Luzzi Conti Bleisch,Grüningen,Schweiz,Auf der Büechlen 33,,,,64,,,,64,hcp
mepha,Carl Gennheimer,Visp,Schweiz,Kantonsstr. 14,,,,64,,,,64,hcp
mepha,Catherine Thiel,Kloten,Schweiz,Kalchengasse 7,,,,64,,,,64,hcp
mepha,Christian Albert Steinmann,Wangen a. d. Aare,Schweiz,Stadthof 1,,,,,,450,,450,hcp
mepha,Christian Aubort,Moudon,Schweiz,Avenue de la Gare 1a,,,,,,450,,450,hcp
mepha,Christian Graf,Will,Schweiz,Bahnhofstr. 45,,,,,,600,,600,hcp
mepha,Christian Hoppe,Bad Ragaz,Schweiz,Hans Albrecht-Str.,,,,64,,,,64,hcp
mepha,Christian Kriegbaum,Splügen,Schweiz,Italienische Str. 35,,,,64,,,,64,hcp
mepha,Christian Rogenmoser,St' Margrethen SG,Schweiz,Neudorfstr. 60,,,,,,450,,450,hcp
mepha,Christian Schlegel,Bad Ragaz,Schweiz,Grand Resort Bad Ragaz,,,,,,2500,,2500,hcp
mepha,Christina Ryser,Aarau,Schweiz,Tellstr.,,,,64,,,,64,hcp
mepha,Christoph Imhof,Fiesch,Schweiz,Furkastr. 42,,,,,,450,,450,hcp
mepha,Christoph Thalmann,Mollis,Schweiz,Fronalpstr. 5,,,,64,,,,64,hcp
mepha,Christoph Tschupp,Brugg,Schweiz,Bahnhofstr. 14,,,,,,600,,600,hcp
mepha,Christophe Berger,Lausanne,Schweiz,Place de la Navigation 6,,,,,,494,,494,hcp
mepha,Christophe Berger,Lausanne,Schweiz,Place de la Navigation 6,,,,,,494,173,667,hcp
mepha,Christophe Berger,Lausanne,Schweiz,Place de la Navigation,,,,,,494,,494,hcp
mepha,Christopher Marti,Caslano,Schweiz,Via Prati 25,,,,64,,,,64,hcp
mepha,Claude Bavaud,Einsiedeln,Schweiz,Furrenmatte 4,,,,64,,,,64,hcp
mepha,Claude-Désirée Mourey,Vallorbe,Schweiz,Grand-Rue 6,,,,,,450,,450,hcp
mepha,Cornel Stöckli,Bremgarten,Schweiz,Zürcherstr. 8,,,,64,,,,64,hcp
mepha,Cristina Vaida,Würenlingen,Schweiz,Bachstr. 19,,,,64,,,,64,hcp
mepha,Daniel Grob,Winterthur,Schweiz,Gernstr. 31b,,,,64,,,,64,hcp
mepha,Daniel Moesch,Bern,Schweiz,Ostring 4,,,,,,450,,450,hcp
mepha,Daniel Müller,Dietlikon,Schweiz,Bromackerstr. 9,,,,64,,,,64,hcp
mepha,Daniel Wanner,Muttenz,Schweiz,Pestalozzistr. 33,,,,64,,,,64,hcp
mepha,Daniella Bachmann,Bad Ragaz,Schweiz,Bahnhofstr. 36,,,,64,,,,64,hcp
mepha,Delphine Renard,Lausanne,Schweiz,Rue du Bugnon 21,,,,,,1500,,1500,hcp
mepha,Diana Frey,Zürich,Schweiz,Gloriastr. 25,,,,,,1000,,1000,hcp
mepha,Dieter Breil,Basel,Schweiz,Burgfelderstr. 101,,,,,,1500,,1500,hcp
mepha,Dieter Frey,Basel,Schweiz,Schafgässlein 6,,,,,,800,,800,hcp
mepha,Dominique Eich-Höchli,Zürich,Schweiz,Lenggstr. 31,,,,,,1500,,1500,hcp
mepha,Donata Bardelli,Lugano,Schweiz,Viale dei Faggi 8,,,,,,694,,694,hcp
mepha,Dora Ammon,Emmetten,Schweiz,Höhenweg 29,,,,64,,,,64,hcp
mepha,Dragana Jakob,Bad Ragaz,Schweiz,Maienfelderstr. 11,,,,64,,,,64,hcp
mepha,Elisabeth Bandi-Ott,Zürich,Schweiz,Universitätsstr. 100,,,,,,450,,450,hcp
mepha,Elisabeth Künzler,Hombrechtikon,Schweiz,Rickenstr. 9j,,,,64,,,,64,hcp
mepha,Elisabeth Reinle,Ennetbaden,Schweiz,Badstr. 8,,,,64,,,,64,hcp
mepha,Elizabeth Steinemann,Winterthur,Schweiz,"Arztpraxis, Zürcherstr. 120",,,,64,,,,64,hcp
mepha,Ellen Dür,Hausen a. A.,Schweiz,Zugerstr. 1,,,,64,,,,64,hcp
mepha,Emiliano Bona,Chur,Schweiz,Loestr. 106,,,,64,,,,64,hcp
mepha,Eric Bussat,Genève,Schweiz,Rue de Saint-Jean 2,,,,,,450,,450,hcp
mepha,Esther Juzi,Volketswil,Schweiz,Grindelstr. 4,,,,64,,,,64,hcp
mepha,Eva Ditrych,Bern,Schweiz,Zähringerstr. 28,,,,64,,,,64,hcp
mepha,Evelyne Wettstein,Hinwil,Schweiz,Täusistr. 23,,,,64,,,,64,hcp
mepha,Evmarie Zeiner,Basel,Schweiz,Leimenstr. 78,,,,77,,,,77,hcp
mepha,Fédéric Emery,Yverdon-les-Bains,Schweiz,Rue du Lac 27,,,,,,450,,450,hcp
mepha,Felix Bosshart,Steinhausen,Schweiz,Bahnhofstr. 2,,,,64,,,,64,hcp
mepha,Felix Wermelinger,Bern,Schweiz,Freiburgstr. 18,,,,,,1000,,1000,hcp
mepha,Florian Kuss,Ossingen,Schweiz,Trutterstrass 19,,,,64,,,,64,hcp
mepha,Florian Winkler,Bern,Schweiz,Vereinsweg 5,,,,64,,,,64,hcp
mepha,Francesco Maisano,Zürich,Schweiz,"Universitätsspital Zürich, HOER D 41",,,,,,1500,,1500,hcp
mepha,Francis Hildbrand,Oron-Ia-Ville,Schweiz,La Grande Maison Le Bourg 16,,,,,,450,,450,hcp
mepha,Frank Bossert,Bischofszell,Schweiz,Poststr. 58,,,,64,,,,64,hcp
mepha,Frank Eggel,Naters,Schweiz,Landstr. 2,,,,,,450,,450,hcp
mepha,Frank Schindelek,Suhr,Schweiz,Alte Gasse 8,,,,64,,,,64,hcp
mepha,Franziska Häfner,Thalwil,Schweiz,Alte Landstr. 130,,,,64,,,,64,hcp
mepha,Franziska Müller,Basel,Schweiz,Dornacherstr. 1,,,,77,,,,77,hcp
mepha,Georg Brunner,Jegenstorf,Schweiz,Bernstr. 12,,,,64,,,,64,hcp
mepha,Gerda Hajnos,Zürich,Schweiz,Witellikerstr. 40,,,,64,,,,64,hcp
mepha,Gerhard Schenk,Valens,Schweiz,Kirchplatz 3,,,,64,,,,64,hcp
mepha,Gerhard Weber,Zürich,Schweiz,Buchzeigstr. 446,,,,,,450,,450,hcp
mepha,Giorgio Binda,Chiasso,Schweiz,Via Soldini 14,,,,64,,,,64,hcp
mepha,Giovanni Grattarola,Pontresina,Schweiz,Via Rondo 3,,,,64,,,,64,hcp
mepha,Gottfried Hoby,Rheineck,Schweiz,Poststr. 2b,,,,,,500,,500,hcp
mepha,Gregor Goldinger,Mendrisio,Schweiz,Maspoli 37,,,,64,,,,64,hcp
mepha,Guido Bondolfi,Genève,Schweiz,Rue Gabrielle Perret-Gentil 4,,,,,,4500,,4500,hcp
mepha,Guido Hueber,Fahrwangen,Schweiz,Bahnhofstr. 10,,,,,,600,,600,hcp
mepha,Gustav Andreisek,Münsterlingen,Schweiz,Spitalcampus 1,,,,,,1000,,1000,hcp
mepha,Gustav Farner,Einsiedeln,Schweiz,Hintere Luegeten,,,,64,,,,64,hcp
mepha,Hakan Sarikaya,Reinach,Schweiz,Langenhagweg 12,,,,,,1500,,1500,hcp
mepha,Hans Dietiker,Mellingen,Schweiz,Bahnhofstr. 10,,,,,,450,,450,hcp
mepha,Hans Koller,Zofingen,Schweiz,Luzernerstr. 43,,,,64,,,,64,hcp
mepha,Hans R. Pfander,Ostermundigen,Schweiz,Dennigkofenweg 156,,,,64,,,,64,hcp
mepha,Hans Stocker,Uznach,Schweiz,Zürcherstr. 25,,,,64,,,,64,hcp
mepha,Hans-Heinrich Jung,Zürich,Schweiz,Rämistr. 100,,,,,,2500,,2500,hcp
mepha,Hans-Jürgen Poths,Senzach,Schweiz,Birchstr. 2,,,,64,,,,64,hcp
mepha,Hans-Ruedi Mächler,Schindellegi,Schweiz,Dorfstr. 3,,,,64,,,,64,hcp
mepha,Hanspeter Oechslin,Schönenbuch,Schweiz,Siebenbettliweg 16,,,,64,,,,64,hcp
mepha,Heinz Fallert,Naters,Schweiz,Furkastr. 39,,,,,,450,,450,hcp
mepha,Heinz Matti,Thun,Schweiz,Allmendingenstr.,,,,,,450,,450,hcp
mepha,Helga Kreiter,Binnigen,Schweiz,Hauptstr. 109,,,,64,,,,64,hcp
mepha,Helmut Plunien,Nottwil,Schweiz,Obereyweg 10,,,,64,,,,64,hcp
mepha,Isabella Sudano,Zürich,Schweiz,"Universitätsspital Zürich, RAE 30",,,,,,1500,,1500,hcp
mepha,Jacques Paratte,Val-d'llliez,Schweiz,Place de la Cure 5,,,,,,450,,450,hcp
mepha,Javier Blanco,Dussnang,Schweiz,Kurhausstr. 34,,,,64,,,,64,hcp
mepha,Jean-Bernard Daeppen,Lausanne,Schweiz,Avenue de Beaumont 21 bis Bâtiment P2,,,,,,1500,,1500,hcp
mepha,Jean-Marc Besse,St-Maurice/VS,Schweiz,Grand-Rue 4,,,,,,450,,450,hcp
mepha,Jennifer Celio,Lausanne,Schweiz,Rue du Bugnon 44,,,,,,741,,741,hcp
mepha,Jennifer Celio,Lausanne,Schweiz,Rue du Bugnon 44,,,,,,741,,741,hcp
mepha,Jennifer Celio,Lausanne,Schweiz,Rue du Bugnon 44,,,,,,741,,741,hcp
mepha,Jeroen van Amelsfoort,Versam,Schweiz,Haus Signina,,,,64,,,,64,hcp
mepha,Johanna Maria Oth,St. Gallen,Schweiz,Vadianstr. 26,,,,64,,,,64,hcp
mepha,Jörg Alexander Kuoni,Chur,Schweiz,Paradiesgasse 1,,,,64,,,,64,hcp
mepha,Joseph Brügger,Eschenbach,Schweiz,Luzernstr. 9,,,,64,,,,64,hcp
mepha,Jules Desmeules,Genève,Schweiz,Rue Gabrielle Perret-Gentil 4,,,,,,1500,,1500,hcp
mepha,Julio Sanchez,Zürich,Schweiz,Gloriastr. 25,,,,,,1000,,1000,hcp
mepha,Jürg Bollhalder,Schattdorf,Schweiz,Rissliweg 10,,,,64,,,,64,hcp
mepha,Jürg Sempf,Brienz,Schweiz,Hauptstr. 105,,,,,,450,,450,hcp
mepha,Jürg Stebler,Buchs ZH,Schweiz,Dielsdorferstr. 2,,,,64,,,,64,hcp
mepha,Jürg Wick,Bad Ragaz,Schweiz,Pizolstr. 7a,,,,64,,,,64,hcp
mepha,Kamil Budik,Bern,Schweiz,Bubenbergplatz 10,,,,64,,,,64,hcp
mepha,Karin Fünfschilling,Niederglatt,Schweiz,Grafschaftstr. 8,,,,,,450,,450,hcp
mepha,Kathi Ging,Buchs,Schweiz,Aarauerstr. 8,,,,77,,,,77,hcp
mepha,Klaus Bally,Basel,Schweiz,St. Johanns-Parkweg 2,,,,,,800,,800,hcp
mepha,Kuno Andermatt,Rothenburg,Schweiz,Bertiswilstr. 26,,,,,,450,,450,hcp
mepha,Leonore Novotny,Männedorf,Schweiz,Im Russer 66,,,,64,,,,64,hcp
mepha,lna Schmid,Zug,Schweiz,Baarerstr. 8,,,,64,,,,64,hcp
mepha,Lorenz Schmid,Zürich,Schweiz,Poststr. 6,,,,,,450,,450,hcp
mepha,Lorenza Ferrari,Lugano,Schweiz,Viale dei Faggi 8,,,,,,278,,278,hcp
mepha,Lukas Wildi,Zürich,Schweiz,Gloriastr. 25,,,,,,1500,,1500,hcp
mepha,Lukas Zollinger,Winterthur,Schweiz,Glärnischweg 21,,,,77,,,,77,hcp
mepha,Luzia Meder,Zofingen,Schweiz,Mühlemattstr. 5,,,,64,,,,64,hcp
mepha,lzabela Interewicz,Wettswil,Schweiz,Eggstr. 7,,,,64,,,,64,hcp
mepha,Maja Bjelan,Bad Ragaz,Schweiz,Am Platz 8,,,,64,,,,64,hcp
mepha,Manfred Schultheiss,Zürich,Schweiz,Dolderstr. 14,,,,64,,,,64,hcp
mepha,Marc Erismann,St. Gallen,Schweiz,Rorschacherstr. 150,,,,64,,,,64,hcp
mepha,Marc Sager,Winterthur,Schweiz,Stadthausstr. 12,,,,,,450,,450,hcp
mepha,Marcus Grossenbacher-Villiger,Ringgenberg,Schweiz,Hagenstr. 11,,,,64,,,,64,hcp
mepha,Margrit Caprez,Einsiedeln,Schweiz,Spitalstr. 15,,,,64,,,,64,hcp
mepha,Marie-Christine Devaud,Fribourg,Schweiz,Boulevard De Pérolles 7,,,,,,450,,450,hcp
mepha,Marie-Jeanne Gard Meichtry,Le Châble,Schweiz,Route de Verbier 11,,,,,,450,,450,hcp
mepha,Marie-Theres Schmid-Huber,Siebner,Schweiz,Landigweg 16,,,,64,,,,64,hcp
mepha,Marion Hofmann,Basel,Schweiz,Holbeinstr. 21,,,,64,,,,64,hcp
mepha,Markus Hegglin,Bremgarten,Schweiz,Risiweg 3,,,,64,,,,64,hcp
mepha,Markus Hellmüller,Dottikon,Schweiz,Bahnhofstr. 23,,,,,,450,,450,hcp
mepha,Markus Lüscher,Goldach,Schweiz,Eschenstr. 11,,,,64,,,,64,hcp
mepha,Markus Weber,Aesch,Schweiz,Ettingerstr. 1,,,,,,2500,,2500,hcp
mepha,Markus Zahner,Hombrechtikon,Schweiz,Im Zentrum 10,,,,64,,,,64,hcp
mepha,Marlis Gassner-Sager,Winterthur,Schweiz,Obere Kirchgasse 2,,,,,,450,,450,hcp
mepha,Martin Buess,Thusis,Schweiz,Alte Str. 1,,,,64,,,,64,hcp
mepha,Martin Moro,Bülach,Schweiz,Rössligasse 11,,,,64,,,,64,hcp
mepha,Martin Toniolo,Zürich,Schweiz,Bellariastr. 38,,,,,,1500,,1500,hcp
mepha,Martin Ziehmann,Zürich,Schweiz,Schaffhauserstr. 34,,,,64,,,,64,hcp
mepha,Martin-Josef Mueller,Niederurnen,Schweiz,Fronalpstr. 15,,,,64,,,,64,hcp
mepha,Matthias Koller,Zollikon,Schweiz,Alte Landstr. 42,,,,64,,,,64,hcp
mepha,Matthias Wissler,Schaffhausen,Schweiz,Bleicheplatz 3,,,,64,,,,64,hcp
mepha,Mentor Arapi,Zürich,Schweiz,Bahnhaldenstr. 7,,,,77,,,,77,hcp
mepha,Michael Andor,Zürich,Schweiz,Walchestr. 15,,,,64,,,,64,hcp
mepha,Michael Pfänder,Zürich,Schweiz,Blümlisalpstr. 48,,,,64,,,,64,hcp
mepha,Michael Seitz,Bern,Schweiz,Freiburgstr. 18,,,,,,4500,197,4697,hcp
mepha,Michael Soyka,Meiringen,Schweiz,Willigen,,,,,,2000,,2000,hcp
mepha,Michael Soyka,Meiringen,Schweiz,Willigen,,,,,,6500,,6500,hcp
mepha,Michael Zwahlen,Jona,Schweiz,Johannisbergstr. 27,,,,64,,,,64,hcp
mepha,Michel Pithon,Echallens,Schweiz,Chemin de la Pépinière 6,,,,,,450,,450,hcp
mepha,Michèle Jung,Pully,Schweiz,Chemin du Pré-de-la-Tour 10,,,,,,450,,450,hcp
mepha,Milica Milovanovic,Baar,Schweiz,Burgmatt 6,,,,77,,,,77,hcp
mepha,Milos Antic,Zürich,Schweiz,Bellrivestr. 38,,,,64,,,,64,hcp
mepha,Minh-Hiep Dao,Lausanne,Schweiz,Avenue d'Echallens 61,,,,,,450,,450,hcp
mepha,Miriam Huber-Wenger,Wetzikon,Schweiz,Kirchgasse 4,,,,64,,,,64,hcp
mepha,Mona Riebe,Chur,Schweiz,Albulastr. 37,,,,64,,,,64,hcp
mepha,Monica Furlenmeier,Bubendorf,Schweiz,Reservoirstr. 7,,,,77,,,,77,hcp
mepha,Monika Jaquenod-Linder,Zürich,Schweiz,Witellikerstr. 40,,,,,,2500,,2500,hcp
mepha,Moshe Rosenthal,Basel,Schweiz,Steinengraben 67,,,,64,,,,64,hcp
mepha,Muriel Alig,Oberrieden,Schweiz,Kirchstr. 11,,,,77,,,,77,hcp
mepha,Nader Perroud,Genève,Schweiz,Rue de Lausanne 20,,,,,,1500,,1500,hcp
mepha,Natalie Ortega,Zürich,Schweiz,Gloriastr. 25,,,,77,,,,77,hcp
mepha,Nicolas Kossmann,Rheinfelden,Schweiz,Roberstenstr. 31,,,,64,,,,64,hcp
mepha,Nicolaus Andratschke,Zürich,Schweiz,Rämistr. 100,,,,,,1000,,1000,hcp
mepha,Nicole Schneeberger,Niederurnen,Schweiz,Espenstr. 8,,,,64,,,,64,hcp
mepha,Nicole Stern,Sulz,Schweiz,Brunnenweg 13a,,,,64,,,,64,hcp
mepha,Nicole Werder,Baar,Schweiz,Grabenstr. 5b,,,,64,,,,64,hcp
mepha,Niklaus Egloff,Bern,Schweiz,Freiburgstr. 8,,,,,,1500,,1500,hcp
mepha,Oktay Kocagöncü,Basel,Schweiz,Güterstr. 229,,,,64,,,,64,hcp
mepha,Olaf Riebenstahl,Lübben/Spreewald,Schweiz,Am Graben 23,,,,64,,,,64,hcp
mepha,Olga Schäfer,Glarus,Schweiz,Burgstr. 99,,,,64,,,,64,hcp
mepha,Oliver Bilke-Hentsch,Winterthur,Schweiz,Zum Park 20,,,,,,1500,,1500,hcp
mepha,Oliver Distler,Zürich,Schweiz,Gladbachstr. 103,,,,,,2900,235,3135,hcp
mepha,Oliver Senn,Zürich,Schweiz,Pestalozzistr. 24,,,,,,1000,,1000,hcp
mepha,Olivier Bugnon,Lausanne,Schweiz,Rue du Bugnon 44,,,,,,1852,,1852,hcp
mepha,Olivier Bugnon,Lausanne,Schweiz,Rue du Bugnon 44,,,,,,1852,173,2025,hcp
mepha,Olivier Bugnon,Lausanne,Schweiz,Rue du Bugnon 44,,,,,,1852,,1852,hcp
mepha,Olivier Diener,Winterthur,Schweiz,Eulachstr. 8,,,,64,,,,64,hcp
mepha,Pascal Rippstein,Zürich,Schweiz,Lengghalde 2,,,,,,1500,,1500,hcp
mepha,Patrick Roth,Zürich,Schweiz,Bühlstr. 45,,,,64,,,,64,hcp
mepha,Paul Krauer,Luzern,Schweiz,Dufourstr. 12,,,,64,,,,64,hcp
mepha,Peter Kurt Messerli,Zürich,Schweiz,Hofwiesenstr. 3,,,,,,450,,450,hcp
mepha,Peter Villiger,Bern,Schweiz,Freiburgstr. 18,,,,,,7100,197,7297,hcp
mepha,Petra Pfrunder,Thalwil,Schweiz,Gotthardstr. 13,,,,64,,,,64,hcp
mepha,Philippe Laurent,Bercher,Schweiz,Rue du Village 3,,,,,,450,,450,hcp
mepha,Pierre-Alain Jotterand,Bussigny-près-Lausanne,Schweiz,Rue Saint-Germain 7,,,,,,450,,450,hcp
mepha,Pietro L'Abate,Ennenda,Schweiz,Villastr. 18,,,,64,,,,64,hcp
mepha,Pius Brühlmann,Zürich,Schweiz,Toblerstr. 51,,,,,,4000,,4000,hcp
mepha,Predrag Spasojevic,Oberglatt,Schweiz,Erlenstr. 27,,,,64,,,,64,hcp
mepha,Rahel Zimmermann,Glarus,Schweiz,Postgasse 22,,,,64,,,,64,hcp
mepha,Ralf Kunas,Heerbrugg,Schweiz,Marktstr. 4,,,,64,,,,64,hcp
mepha,Raphael Jeker,Chur,Schweiz,Loestr. 170,,,,64,,,,64,hcp
mepha,Raphael Micheroli,Mollis,Schweiz,Erlenstr. 4,,,,77,,,,77,hcp
mepha,Regula Puri,Binningen,Schweiz,Hauptstr. 109,,,,64,,,,64,hcp
mepha,Reinhard Künstner,Ostermundigen,Schweiz,Nobsstr. 5,,,,64,,,,64,hcp
mepha,René Blumenthal,Naters,Schweiz,Kelchbachstr. 18,,,,64,,,,64,hcp
mepha,René Julen,Glis,Schweiz,Gliserallee 8,,,,,,450,,450,hcp
mepha,René Lacher,Niedergösgen,Schweiz,Schlossrainstr. 5,,,,64,,,,64,hcp
mepha,René Raus,Eschenbach SG,Schweiz,Bürgstr. 4,,,,64,,,,64,hcp
mepha,René Schläpfer,Zürich,Schweiz,Mühlebachstr. 20,,,,,,450,,450,hcp
mepha,Reto Guetg,Bern,Schweiz,Monbijoustr. 39,,,,,,450,,450,hcp
mepha,Reto Ludwig,Altdorf,Schweiz,Bahnhofstr. 51,,,,64,,,,64,hcp
mepha,Richard Biggoert,Uster,Schweiz,Oberlandstr.,,,,64,,,,64,hcp
mepha,Rita-Maria Rojas-Müller,Zürich,Schweiz,Stauffacherstr. 234,,,,64,,,,64,hcp
mepha,Robert Guggisberg,Wabern,Schweiz,Seftigenstr. 370,,,,64,,,,64,hcp
mepha,Robert Putzi,Regensdorf,Schweiz,Stationsstr. 20,,,,64,,,,64,hcp
mepha,Roberto Brioschi,Bad Zurzach,Schweiz,Quellenstr. 34,,,,,,1500,,1500,hcp
mepha,Roland Kugler,Oberkulm,Schweiz,Unterfeldstr. 6,,,,64,,,,64,hcp
mepha,Roland Wellauer,Winterthur,Schweiz,Zürcherstr. 120,,,,64,,,,64,hcp
mepha,Rucsandra Cristina Dobrota,Zürich,Schweiz,"Bolleystr. 28, Apt 302",,,,77,,,,77,hcp
mepha,Rudolf Argay,Therwil,Schweiz,Mittlerer Kreis 2,,,,64,,,,64,hcp
mepha,Ruedi Näf,Ipsach,Schweiz,Kirschbaumweg 17,,,,64,,,,64,hcp
mepha,Sabina Francia,Satigny,Schweiz,Route d'Aire-la-Ville 212,,,,,,450,,450,hcp
mepha,Sabine Adler,Bern,Schweiz,Freiburgstr. 8,,,,,,3000,,3000,hcp
mepha,Sabine Wyss-Signorelli,Bern,Schweiz,Frohbergweg 1,,,,77,,,,77,hcp
mepha,Sandra Blumhardt,Zürich,Schweiz,Gloriastr. 25,,,,,,1000,,1000,hcp
mepha,Sandra Stäheli,Uster,Schweiz,Im Bachofen 5,,,,64,,,,64,hcp
mepha,Sebastian Euler,Basel,Schweiz,Wilhelm Kleinstr. 27,,,,,,800,,800,hcp
mepha,Sébastien Jotterand,Aubonne,Schweiz,Rte de Trévelin 38,,,,,,648,,648,hcp
mepha,Sébastien Jotterand,Aubonne,Schweiz,Rte de Trévelin 38,,,,,,648,,648,hcp
mepha,Seline Voney,Biel,Schweiz,"Spitalzentrum Biel, Vogelsang 84",,,,64,,,,64,hcp
mepha,Serena Galli,Fribourg,Schweiz,Rue du pont suspendu 8,,,,77,,,,77,hcp
mepha,Serge Mayer,Bremgarten,Schweiz,Zürcherstr. 8,,,,64,,,,64,hcp
mepha,Stefan Kuchen,Bern,Schweiz,Freiburgstr. 8,,,,,,2500,,2500,hcp
mepha,Stefan Mariacher-Gehler,Zollikerberg,Schweiz,Trichtenhauserstr.,,,,,,1500,,1500,hcp
mepha,Stefan Persili,Chur,Schweiz,Gäuggelistr. 37,,,,64,,,,64,hcp
mepha,Stefan Pfister,Bülach,Schweiz,Marktgasse 2,,,,64,,,,64,hcp
mepha,Stefan Schären,Basel,Schweiz,Spitalstr. 21,,,,,,1500,,1500,hcp
mepha,Steffen Lang,Landschlacht,Schweiz,Vorderdorfstr. 28,,,,64,,,,64,hcp
mepha,Stella Schaffstein,Zürich,Schweiz,Schaffhauserstr. 76,,,,77,,,,77,hcp
mepha,Stephan Remer,Savognin,Schweiz,Spital Savognin,,,,64,,,,64,hcp
mepha,Stephan Vavricka,Zürich,Schweiz,Birmensdorferstr. 497,,,,,,1500,,1500,hcp
mepha,Stojanka Gavric,Neuenhof,Schweiz,Stockstr. 7,,,,77,,,,77,hcp
mepha,Susanna Enderlin Steiger,Zürich,Schweiz,Bederstr. 51,,,,,,1000,,1000,hcp
mepha,Susanna Bischoff,Zürich,Schweiz,Giessereistr. 18,,,,64,,,,64,hcp
mepha,Susanne Delmenico,Zürich,Schweiz,Magnusstr. 23,,,,64,,,,64,hcp
mepha,Susanne Siegfried,Richterswil,Schweiz,Speerstr. 55,,,,64,,,,64,hcp
mepha,Thierry Ettlin,Rheinfelden,Schweiz,Salinenstr. 98,,,,,,6000,,6000,hcp
mepha,Thomas Böni,Zürich,Schweiz,Forchstr. 340,,,,,,1500,,1500,hcp
mepha,Thomas Furrer / Cindy Geissmann,Sarmenstorf,Schweiz,Kirchweg 31,,,,64,,,,64,hcp
mepha,Thomas John Place,Adliswil,Schweiz,Albisstr. 29,,,,64,,,,64,hcp
mepha,Thomas Langenegger,Baar,Schweiz,Landhausstr. 11,,,,,,1500,,1500,hcp
mepha,Thomas Thölen,Zürich,Schweiz,Bahnhaldenstr. 7,,,,64,,,,64,hcp
mepha,Thomas Zünd,Zürich,Schweiz,Klausstr. 10,,,,,,450,,450,hcp
mepha,Udo Fähnrich,Speicher,Schweiz,Obere Hinterwies 2,,,,64,,,,64,hcp
mepha,Ueli Schindler,Herzogenbuchsee,Schweiz,Finstergasse 2,,,,64,,,,64,hcp
mepha,Ulrich Brunner,Kloten,Schweiz,Kalchengasse 7,,,,,,2500,,2500,hcp
mepha,Ulrich Nägeli,Bilten,Schweiz,Käsernstr. 3,,,,64,,,,64,hcp
mepha,Undine Lang,Basel,Schweiz,Wilhelm Kleinstr. 27,,,,,,1500,,1500,hcp
mepha,Urs Gübelin,Luzern,Schweiz,Moosstr. 2,,,,64,,,,64,hcp
mepha,Urs Humbel,Neuenhof,Schweiz,Albertstr. 4,,,,,,600,,600,hcp
mepha,Urs Humbel,Neuenhof,Schweiz,Albertstr. 4,,,,,,450,,450,hcp
mepha,Urs Hürlimann,Zürich,Schweiz,Thuraguerstr. 36/38,,,,64,,,,64,hcp
mepha,Vesna Vlajnic,Bettingen,Schweiz,Hohe Str. 30,,,,64,,,,64,hcp
mepha,Werner Fuchs,Meilen,Schweiz,Dorfstr. 122,,,,64,,,,64,hcp
mepha,Willi Gehrig,Chur,Schweiz,Gürtelstr. 70,,,,64,,,,64,hcp
mepha,Wolf-Dietmar Roeske,Wattwil,Schweiz,Bahnhofstr. 4,,,,64,,,,64,hcp
mepha,Y. Serdar Bilir,Bubikon,Schweiz,Dorfstr. 18,,,,64,,,,64,hcp
mepha,Yves Auf der Maur,Siebnen,Schweiz,Bahnhofstr. 27,,,,64,,,,64,hcp
mepha,Yvonne Holzmann,Zürich,Schweiz,Eintrachtstr. 16,,,,64,,,,64,hcp
mepha,Zoltan Kisgyörgy,Zürich,Schweiz,Letzigraben 142,,,,64,,,,64,hcp
