company,name,location,country,address,uci,donations_grants,sponsorship,registration_fees,travel_accommodation,fees,related_expenses,total,type
merck,360 deg,Zollikon,Schweiz,Alte Landstr. 112,,,1000,,,,,1000,hco
merck,aha! Allergiezentrum Schweiz,Bern,Schweiz,Scheibenstr. 20,,,6480,,,,,6480,hco
merck,Arbeitsgruppe Pädiatrischen Immunologie /Allergologie Schweiz,Morges,Schweiz,les Vergers de la Cottaz 19,,,1000,,,,,1000,hco
merck,Associazione Mendrisio Medical Meeting,Bedano,Schweiz,Via Belvedere 10,,,2000,,,,,2000,hco
merck,Beupdated-Helbling Consulting and Research AG,Kilchberg,Schweiz,Alte Landstrasse55,,,10000,,,,,10000,hco
merck,Centre de chimithérapie CCAC,Lausanne,Schweiz,Avenue d'Ouchy 35,,,1000,,,,,1000,hco
merck,Centre de Procréation Médicalement Assisté,Lausanne,Schweiz,Rue de la Vigie5,,,7000,,,,,7000,hco
merck,Centro Pediatrico del Mendrisiotto,Mendrisio,Schweiz,Via Beroldingen 26,,,1000,,,,,1000,hco
merck,CHUV Centre Hospitalier Universitaire Vaudois,Lausanne,Schweiz,Rue du Bugnon 21,,45000,26681.8,2573.23,10083.39,8709.14,327.93,93375.49,hco
merck,Circolo Medico del Bellinzonese,Arbedo,Schweiz,Via Orbello 22,,,1500,,,,,1500,hco
merck,Clinique romande de réadaptation CPMA,Sion,Schweiz,Avenue Grand-Champsec 90,,,5000,558.8,803.07,,,6361.87,hco
merck,EAACI Headquarters,Zürich,Schweiz,Hagenholzstrasse111,,,191877.59,,,,,191877.59,hco
merck,Ente Ospedaliero Cantonale,Bellinzona,Schweiz,Viale Officina 3,,,1500,,,,,1500,hco
merck,EOC - Ente Ospedaliero Cantonale,Bellinzona,Schweiz,Ospedale San Giovanni,,,1200,,,,,1200,hco
merck,EORTC GI Group,Genève,Schweiz,Rue Gabrielle-Perret-Gentil 4,,,1000,,,,,1000,hco
merck,ESMO European Society for Medical Oncology,Lugano,Schweiz,Via L. Taddei 4,,,91485.33,,,,,91485.33,hco
merck,ESMO European Society for Medical Oncology,Viganello-Lugano,Schweiz,Via Luigi Taddei4,,,304868.05,,,,,304868.05,hco
merck,EXCEMED,Genève,Schweiz,14. rue du Rhône,,3137021.54,,,,,,3137021.54,hco
merck,Fachgruppe Neurologie. Neurochirurgie und Neuroradiologie,Gränichen,Schweiz,c/o Dr med Silke Biethahn. Rüthofstr 22,,,250,,,,,250,hco
merck,Fachverband Adipositas im Kindes- und Jugendalter akj,Aarau,Schweiz,Augustin-Keller-Str. 1,,,2000,,,,,2000,hco
merck,Fondation FABER,Lausanne,Schweiz,Rue de la Vigie,,30000,,,,,,30000,hco
merck,Fondation USCADE,Pully,Schweiz,Av De Chantemerle 10,,,8500,,,,,8500,hco
merck,FoROMe,Lausanne,Schweiz,Av Pierre-Decker 2. PAV1-02-21,,,1500,,,,,1500,hco
merck,Forum für medizinische Fortbildung,Zug,Schweiz,Industriestrasse47,,,22032,,,,,22032,hco
merck,Genolier,Genolier,Schweiz,Rte du Muids 3,,,2000,,,,,2000,hco
merck,Groupe Romand d'Etude en Pédiatrie Ambulatoire,Nyon,Schweiz,Ch du joran 8b,,,1800,,,,,1800,hco
merck,Groupement des neuologues libéraux de Suisse romande c /o Dr Eric Berrut,Monthey,Schweiz,Ave Du Crochetan 2,,,2500,,,,,2500,hco
merck,Gruppo Medico Formazione,Giubiasco,Schweiz,Postfach 823,,,3300,,,,,3300,hco
merck,Gyne am See / Gyne invitro,Küsnacht,Schweiz,Kohlrainstrasse10,,,2000,,,,,2000,hco
merck,H ibourg,Fribourg,Schweiz,Case postale,,,2000,,,,,2000,hco
merck,Hôpital du Valais CHCVS,Sion,Schweiz,Avenue du Grand-Champsec 80,,,2000,,,,,2000,hco
merck,Hôpital neuchâtelois La Chaux-de-Fonds,La Chaux-de-Fonds,Schweiz,Rue Chasseral 20,,,2000,,,,,2000,hco
merck,Hôpital neuchâtelois La Chaux-de-Fonds,La Chaux-de-Fonds,Schweiz,Rue Chasseral 20,,,750,,,,,750,hco
merck,HUG Hôpitaux Universitaires de Genève,Genève,Schweiz,Rue Gabrielle-Perret-Gentil 4,,30000,4500,1435.08,9271.78,1125,,46331.86,hco
merck,IMK Institut für Medizin und Kommunikation AG,Basel,Schweiz,Münsterberg 1,,,9158.4,,,,,9158.4,hco
merck,Inselspital. Insel-Gruppe AG,Bern,Schweiz,eiburgstr.,,115000,29865,1311.42,4870.01,4550,,155596.43,hco
merck,Institution de Lavigny,Lavigny,Schweiz,Route duvignoble 60,,,1000,,,,,1000,hco
merck,IOSI - Inst Oncologico della Svizzera Italiana,Bellinzona,Schweiz,Ospedale SanGiovanni,,,6000,,,,,6000,hco
merck,Kantonsspital Aarau AG,Aarau,Schweiz,Tellstr.,,30000,8100,615.88,1653.79,750,,41119.67,hco
merck,Kantonsspital Baden AG,Baden,Schweiz,Im Ergel 1,,,1000,,,,,1000,hco
merck,Kantonsspital Baselland,Liestal,Schweiz,Mühlemattstrasse26,,500,,,,,,500,hco
merck,Kantonsspital Graubünden,Chur,Schweiz,Loëstr. 70,,30000,3000,,,750,,33750,hco
merck,Kantonsspital Münsterlingen,Münsterlingen,Schweiz,Spitalcampus 1,,,,615.45,999.07,,,1614.52,hco
merck,Kantonsspital Olten,Olten,Schweiz,Baslerstrasse150,,,,253.42,428.73,,,682.15,hco
merck,Kantonsspital St. Gallen,St. Gallen,Schweiz,Rorschacherstr. 95,,20000,8851.85,715.5,1442.7,2600,,33610.05,hco
merck,Kantonsspital Winterthur,Winterthur,Schweiz,Brauerstr. 15,,,5163.05,,,,,5163.05,hco
merck,Kenes International,Genève,Schweiz,1-3 rue deChantepoulet,,,78148.64,,,,,78148.64,hco
merck,Kinderärzte Schweiz,Zürich,Schweiz,Badenerstrasse21,,,4080,,,,,4080,hco
merck,Kinderspital Luzern,Luzern,Schweiz,Spitalstr.,,,1000,,,,,1000,hco
merck,Kinderwunschpraxen Sahli,Bern,Schweiz,Bremgartenstr. 115,,,2500,,,,,2500,hco
merck,Klinik Bethesda,Tschugg,Schweiz,,,,1388.89,,,,,1388.89,hco
merck,Klinik Hirslanden,Zürich,Schweiz,Witellikerstr. 40,,,5600,,,,,5600,hco
merck,Löwenpraxis,Luzern,Schweiz,Zürichstr. 12,,,2500,,,,,2500,hco
merck,Luzerner Kantonsspital,Luzern,Schweiz,Spitalstr.,,,18350,616.37,404.25,5875.6,,25246.22,hco
merck,Neurologische Praxis Luzern. Klink St Anna,Luzern,Schweiz,St Anna Str 32,,,2300,,,,,2300,hco
merck,Neurozentrum Bellevue AG,Zürich,Schweiz,Theaterstr. 8,,,2000,,,,,2000,hco
merck,OMCT,Mezzovico,Schweiz,Via Cantonale,,,400,,,,,400,hco
merck,Onkologiepflege Schweiz,Kleinandelfingen,Schweiz,Hirstigstrasse13,,,12750,,,,,12750,hco
merck,Ospedale Regionale di Lugano,Lugano,Schweiz,Via Tesserete 46,,44916.65,9000,477.96,2968.55,3000,201,60564.16,hco
merck,Ostschweizer Kinderspital,St. Gallen,Schweiz,Claudiusstrasse6,,10000,,,,,,10000,hco
merck,OVA IVF Clinic Zürich AG,Zürich,Schweiz,Hardturmstrasse11,,,3500,,,,,3500,hco
merck,Pädiatrischer Notfalldienst Lausanne und Umgebung,Ecublens,Schweiz,Rte du Bois 17,,,1500,,,,,1500,hco
merck,PEZZ Pädiatrisch-Endokrinologisches Zentrum Zürich,Zürich,Schweiz,Möhrlistr. 69,,48000,,,,,,48000,hco
merck,ProCrea Swiss Infertility Center,Lugano,Schweiz,Via ClementeMaraini 8,,,2000,,,,,2000,hco
merck,Quadrimed,Crans-Montana,Schweiz,Postfach,,,1820,,,,,1820,hco
merck,S. Grasso Consulting,Lindau,Schweiz,Fischerbachstr. 17,,,300,,,,,300,hco
merck,SAKK,Bern,Schweiz,Effingerstrasse40,,,29000,,,,,29000,hco
merck,SAMO c/o IBCSG,Bern,Schweiz,Effingerstrasse40,,,1500,,,,,1500,hco
merck,SAMO c/o Klinik für Onkologie eiburg,Fribourg,Schweiz,Chemin des Pensionnats 2-6,,,1500,,,,,1500,hco
merck,Schweiz. Gesellschaft für Endokrinologie und Diabetologie,Baden,Schweiz,Rütistr. 3a,,,2500,,,,,2500,hco
merck,Schweiz Gesellschaft für Reproduktionsmedizin SGRM,Worb,Schweiz,Postfach 754,,10000,11000,,,,,21000,hco
merck,Schweizerische Gesellschaft für Allergologie und Immunologie,Bern,Schweiz,Scheibenstr. 20,,,14580,,,,,14580,hco
merck,SfwF,Zürich,Schweiz,Birmensdorferstr. 497,,,3000,,,,,3000,hco
merck,SGP c/o BBS Congress GmbH,Bern,Schweiz,Postfach 604,,,5211,,,,,5211,hco
merck,Spital Langenthal,Langenthal,Schweiz,St. Urbanstr. 67,,,1000,,,,,1000,hco
merck,Spital Linth,Uznach,Schweiz,Gasterstr. 25,,,2500,28962,48606,,,80068,hco
merck,Ssedp-Sgped,Baden,Schweiz,Rütistr. 3a,,,4000,,,,,4000,hco
merck,St. Gallen Oncology Conferences,St. Gallen,Schweiz,Rorschacherstr. 150,,,7700,,,,,7700,hco
merck,Swiss lnstitute for New concepts and Treatments. SINCT,Richterswil,Schweiz,Dorfbachstr. 22,,,1000,,,,,1000,hco
merck,Swiss Tumor Board,Lindau,Schweiz,Fischeracherstra sse017,,,2000,,,,,2000,hco
merck,Swiss Tumor Institute,Zürich,Schweiz,Seefeldstrasse214,,,22900,,,,,22900,hco
merck,SwissSlnstitute for New Concepts and Treatments,Zürich,Schweiz,Bertastrasse034,,,2000,,,,,2000,hco
merck,Universitäts-Kinderspital beider Basel,Basel,Schweiz,Spitalstr. 33,,,3825,,,,,3825,hco
merck,UniversitätsSpital Zürich,Zürich,Schweiz,Rämistr. 100,,,36809.5,208,2934.08,750,,40701.58,hco
merck,UniversitätsSpital Zürich,Zürich,Schweiz,auenklinikstr.,,,,285,617,,,902,hco
merck,UniversitätsSpital Zürich,Zürich,Schweiz,Gloriastr. 31,,,1080,,,,,1080,hco
merck,Université d'été ENMG c/o Dr F Ochsner,La Chaux-de-Fonds,Schweiz,Ave Léopold Robert 66,,,1000,,,,,1000,hco
merck,Verein Lunge Zürich,Zürich,Schweiz,Wiliedstrasse7,,,5220,,,,,5220,hco
merck,Verein PostADA/PostENDO CRINE,Bern,Schweiz,c/o Prof Peter Diem. Optingerstr 44,,,28858.46,,,,,28858.46,hco
merck,Zur Rose Suisse AG,auenfeld,Schweiz,Walzmuehlestr. 60,,,,122.65,,,,122.65,hco
merck,Abdelhafid Mekideche,Genève,Schweiz,Rue Jean-Ant-Gautie r 13,,,,353.9,1129.5,1625,,3108.4,hcp
merck,Adriano Bont,Winterthur,Schweiz,Brunngasse 6,,,,253.42,478.73,,,732.15,hcp
merck,Alain Chanson,Lausanne,Schweiz,Rue de la Vigie5,,,,381.35,1653.1,,,2034.45,hcp
merck,Alexandra Jäggi,Fribourg,Schweiz,Route deBeaumont 6,,,,,104.86,,,104.86,hcp
merck,André Dupont,Riehen,Schweiz,Eisenbahnweg 41,,,,204.9,512.28,,,717.18,hcp
merck,Andreas Barth,Solothurn,Schweiz,Schöngrünstrasse38,,,,,,750,,750,hcp
merck,Anna Geiger,Au,Schweiz,Hauptstr. 94,,,,,104.86,,,104.86,hcp
merck,Antonella Richetti,Bellinzona,Schweiz,Via Ospedale,,,,,,750,,750,hcp
merck,anz Roessler,St. Gallen,Schweiz,Neumarkt 5,,,,211.46,569,,,780.46,hcp
merck,Axel Mischo,Lachen,Schweiz,Oberdorfstrasse41,,,,130,934,,,1064,hcp
merck,Bashar Yanes,La Chaux-de-Fonds,Schweiz,Rue de Chasseral20,,,,430,703,,,1133,hcp
merck,Bénédicte Weiss,Zollikon,Schweiz,Alte Landstrasse112,,,,358.75,1483.4,,,1842.15,hcp
merck,Carlo Albani,Zürich,Schweiz,Bahnhofplatz 5,,,,353.9,1194.2,1500,,3048.1,hcp
merck,Catherine Bay Mengis,Brig,Schweiz,Überlandstrasse14,,,,408.8,1190.75,,,1599.55,hcp
merck,Cécile Solèr,Wil,Schweiz,Dufourstr. 9,,,,,68.26,,,68.26,hcp
merck,Christian De Pree,Genève,Schweiz,22 chemin deBeau-Soleil,,,,,,750,,750,hcp
merck,Christoph Jakob Ackermann,St. Gallen,Schweiz,Rorschacherstr. 95,,,,79,1695,,,1774,hcp
merck,Christoph Maurer,Solothurn,Schweiz,Obachstr. 23,,,,,,300,,300,hcp
merck,Daniel Georgiev Koychev,Rapperswil-Jona,Schweiz,Alte Jonastrasse24,,,,,,1500,,1500,hcp
merck,Daniel Rauch,Thun,Schweiz,Krankenhausstr. 12,,,,,,1750,,1750,hcp
merck,Dominique Schneeberger,FrFribourg,Schweiz,Boulevard des Pérolles 5,,,,244.61,739.88,,,984.49,hcp
merck,Doris Höping,Winterthur,Schweiz,Lagerhausstrasse10,,,,,104.86,,,104.86,hcp
merck,Elisabeth Huberle,Schwyz,Schweiz,Maria Hilf-Str 9,,,,,,1000,,1000,hcp
merck,Eva-Maria Voss,Luzern,Schweiz,Haldenstr. 11,,,,122.76,915.31,,,1038.07,hcp
merck,France Laurencet,Carouge,Schweiz,Rue Jacques-Grosselin 25,,,,,,750,,750,hcp
merck,Gabriela Studer,Zürich,Schweiz,Rämistr. 100,,,,,,800,,800,hcp
merck,Gaël Déplanque,Vevey,Schweiz,Ave de laPrairie 3,,,,,,750,,750,hcp
merck,Gerhard Rogler,Zürich,Schweiz,Rämistr. 100,,,,,,700,,700,hcp
merck,Gilles Eperon,Genève,Schweiz,Rue GabriellePerret-Gentil 6,,,,,,1125,,1125,hcp
merck,Grit Richartz,Solothurn,Schweiz,Schöngrünstrasse38,,,,,,750,,750,hcp
merck,Hanna Barmettler,Langenthal,Schweiz,St Urbanstrasse67,,,,408.8,1024.6,,,1433.4,hcp
merck,Ina Strüpling,Kriens,Schweiz,Pilatusstrasse15,,,,271.25,436.8,,,708.05,hcp
merck,Jan Kruetzfeldt,Zürich,Schweiz,General-Wille-Str. 17,,,,333.55,3321.55,,,3655.1,hcp
merck,Jurij Pitako,Glarus,Schweiz,Burgstr. 99,,,,,,750,,750,hcp
merck,Karsten Beer,Wil,Schweiz,ObereBahnhofstr 49,,,,253.43,444.73,500,,1198.16,hcp
merck,Kurt Beretta,Rheinfelden,Schweiz,Kaiserstr. 8,,,,,,750,,750,hcp
merck,Lara Erba,Aarau,Schweiz,Tellstr.,,,,,,400,,400,hcp
merck,Lucas Widmer,Zürich,Schweiz,Witellikerstr. 40,,,,288,1208,,,1496,hcp
merck,Martina Nordin,Baden-Dättwil,Schweiz,Mellingerstrasse207,,,,539.6,1623.65,,,2163.25,hcp
merck,Marysa Emery,Lausanne,Schweiz,Rue de la Vigie5,,,,293.85,1290.55,,,1584.4,hcp
merck,Michel Cauderay,Pully,Schweiz,Av deChantemerle 10,,,,328.1,725.1,,,1053.2,hcp
merck,Michael Jemec,Bellinzona,Schweiz,Via GiovanniNizzola 1,,,,255.75,376.15,,,631.9,hcp
merck,Mirjam Faulenbach,Zürich,Schweiz,Witellikerstr. 36,,,,330.95,2265.6,,,2596.55,hcp
merck,Monika Fäh,Winterthur,Schweiz,Brauerstr. 15,,,,124.25,212.6,,,336.85,hcp
merck,Monika Kernen Iseli,Bern,Schweiz,eiburgstrasse18,,,,52.2,255.2,,,307.4,hcp
merck,Nicola Doldi,Bellinzona,Schweiz,Via GiovanniNizzola 1,,,,768.55,1299,,,2067.55,hcp
merck,Nina Fravi,Bern,Schweiz,Spitalackerstr. 68,,,,253.43,475.39,,,728.82,hcp
merck,Olgun Elicin,Bern,Schweiz,Radio-Onkologie,,,,,,750,,750,hcp
merck,Paul Isler,Zürich,Schweiz,Klosbachstr 2,,,,,,1000,,1000,hcp
merck,Pavel Nanu,La Chaux-de-Fonds,Schweiz,AvenueLéopold-Robert 12,,,,204.9,619.83,,,824.73,hcp
merck,Peter Christian Wyss,Winterthur,Schweiz,Gertrudstr. 1,,,,245.35,589.3,500,,1334.65,hcp
merck,Peter Diem,Bern,Schweiz,Optingenstrasse44,,,,327.45,5067.25,,,5394.7,hcp
merck,Peter Villiger,Chur,Schweiz,Loestr. 170,,,,,,750,,750,hcp
merck,Pierre Hösli,Yverdon,Schweiz,Rue d'Entremont11,,,,,,750,,750,hcp
merck,Raffael à Wengen,Zürich,Schweiz,Tièchestr. 99,,,,79,1716,,,1795,hcp
merck,Rahel Odermatt,Bern,Schweiz,eiburgstrasse18,,,,511,1109,,,1620,hcp
merck,Raphael Haberthür,Breitenbach,Schweiz,Alice Vogt-Str. 2,,,,,,750,,750,hcp
merck,Reinhard Zenhäusern,Brig-Glis,Schweiz,Überlandstrasse14,,,,288,1098,,,1386,hcp
merck,Robert Thomann,Solothurn,Schweiz,Schöngrünstrasse42,,,,327.45,2934.15,,,3261.6,hcp
merck,Roland Mähler,Wohlen,Schweiz,Bärengässli 7,,,,,,500,,500,hcp
merck,Rolf A. Stahel,Zürich,Schweiz,Häldeliweg 4,,,,,,19250,,19250,hcp
merck,Rolf Peter Fehr,Zürich,Schweiz,Hardturmstrasse11,,,,539.6,1584.55,,,2124.15,hcp
merck,Sandra Thomann,Basel,Schweiz,Falknerstrasse35,,,,253.42,434.66,,,688.08,hcp
merck,Silke Kiessling,Baden-Dättwil,Schweiz,Mellingerstrasse207,,,,154.98,531.13,,,686.11,hcp
merck,Simone Farese,Solothurn,Schweiz,Schöngrünstrasse38,,,,,,750,,750,hcp
merck,Stefan Greuter,Sargans,Schweiz,Bahnhofpark 2b,,,,,,750,,750,hcp
merck,Sylvia Gschwend,Zug,Schweiz,Baarerstr. 12,,,,473.7,782.05,,,1255.75,hcp
merck,Thibaud Kössler,Genève,Schweiz,Rue Gabrielle-Perret-Gentil 4,,,,,,600,,600,hcp
merck,Thomas Winder,Zürich,Schweiz,Rämistr. 100,,,,,,3250,,3250,hcp
merck,Urs Huber-Tribolet,Zürich,Schweiz,Seestr. 259,,,,292.64,568.52,,,861.16,hcp
merck,Uta Kliesch,Schwyz,Schweiz,Maria Hilf-Str9,,,,253.43,588.06,500,,1341.49,hcp
merck,Verena Arifi Blatter,Bern,Schweiz,Schänzlistrasse33,,,,,,1000,,1000,hcp
merck,Vilma Guido,Baden-Dättwil,Schweiz,Mellingerstrasse207,,,,156.23,508.07,,,664.3,hcp
merck,Walter Marti,Aarau,Schweiz,Bahnhofstrasse24,,,,,,1000,,1000,hcp
merck,Yonat Floersheim,Zürich,Schweiz,Gloriastr. 57,,,,381.35,1343.05,,,1724.4,hcp
merck,Yvonne Spiess,Zürich,Schweiz,Talstr 65,,,,368,604.95,500,,1472.95,hcp
