company,name,location,country,address,uci,donations_grants,sponsorship,registration_fees,travel_accommodation,fees,related_expenses,total,type
msd,Aerztegesellschaft Thurgau Sekretariat,Frauenfeld,Schweiz,Aerztegesellscha ft Thurgau -Sekretariat Zeughausstr. 16,,,5000,,,,,5000,hco
msd,Appenzellische Ärztegesellschaft,Bühler,Schweiz,Appenzellische Ärztegesellschaf t Dorfstr. 50,,,2000,,,,,2000,hco
msd,Ärztenenetzwerk IGOMED Thun Geschäftsstelle Peter Bachmann,Thun,Schweiz,Ärztenenetzwerk IGOMED Thun -Geschäftsstelle Peter Bachmann Höheweg 26a,,,5600,,,,,5600,hco
msd,Ärzteverein Herr Alexander Kunz,Tafers,Schweiz,Ärzteverein - Alexander Kunz Zeigstr. 25,,,1000,,,,,1000,hco
msd,Associazione dei reumatologi della svizzera Italia Bellinzona,Lugano,Schweiz,Associazione dei reumatologi -della svizzera Italia Bellinzona Viale Castagnola 21a,,,1000,,,,,1000,hco
msd,Associazione Mendrisio Medical Meeting,Bedano,Schweiz,Associazione Mendrisio Medical Meeting Via Belvedere 10,,,1200,,,,,1200,hco
msd,ATiMEF Associazione Ticinese dei Medici di Famiglia e dell'Infanzia,Lugano,Schweiz,ATIMEF -Associazione Ticinese Medici di Famiglia -c/o Dr. med Alberto Chiesa Via Cantonale 11,,,500,,,,,500,hco
msd,Bethesda Spital AG,Basel,Schweiz,Bethesda Spital Gellertstr. 144,,,1000,598.25,837.65,,,2435.9,hco
msd,Buendner Oberlaender Aerzteverein Präsident: Dr. med. Gian Bundi Arzthaus,Vella,Schweiz,Buendner Oberlaender Aerzteverein -Präsident: Dr. med. Gian Bundi - Arzthaus Sumsiaras 117B,,,1000,,,,,1000,hco
msd,Centre Medical de la Cote SA Rue du Petit-Berne 14 Corcelles NE,Corcelles NE,Schweiz,Centre Medical de la Cöte SA Petit-Berne 14,,,2000,,,,,2000,hco
msd,CHUV,Lausanne,Schweiz,CHUV- Rue du Bugnon 46,,25000,83900,4467.15,32258.6,68662,182.47,214470.22,hco
msd,Circolo Medico Locarno e Dintorni,Ascona,Schweiz,Circolo Medico Locarno e Dintorni - c/o Dr. med. Nello Broggini Via Lido 27,,,2500,,,,,2500,hco
msd,DOXnet Ärztenetzwerk Bern Nord / West,Neuenegg,Schweiz,DOXnet Aerztenetzwerk Bern Nord/West -Herr Dr. med. Köstner Beat Oeleweg 2,,,3000,,,,,3000,hco
msd,Ente Ospedaliero Cantonale EOC Direzione Generale,Bellinzona,Schweiz,Ente Ospedaliero Cantonale - EOC Direzione Generale Viale Officina 3,,,26000,,,3500,,29500,hco
msd,eSwiss Medical and Surgical Center AG Brauerstrasse 97 St. Gallen,St. Gallen,Schweiz,eSwiss Medical and Surgical Center AG Brauerstr. 97,,,2500,,,,,2500,hco
msd,European Association for the Study of the Liver,Genève,Schweiz,European Association for the Study - of the Liver (EASL) Rue Daubin 7,,96358.22,191888.86,,,,,288247.08,hco
msd,European Association of Dermato-Oncology,Glattbrugg,Schweiz,European Association of Dermato-Oncology - (EADO) Flugofstr. 54,,,176898.33,,,,,176898.33,hco
msd,European Confederation of Medical Mycology ECMM,Basel,Schweiz,European Confederation of Medical -Mycology ECMM Nauenstr. 49,,12781.22,,,,,,12781.22,hco
msd,ESMO European Society for Medical Oncology,Viganello,Schweiz,European Society for Medical Oncology Via Luigi Taddei 4,,81946.02,,,,,,81946.02,hco
msd,European Society of Clinical Microbiology and Infectious Diseases ESCIMD Executive Office,Basel,Schweiz,European Society of Clinical -Microbiology and Infectious ESCIMD Executive Office P. 0. Box 214,,24360.73,196155.14,,,,,220515.87,hco
msd,Forum Managed Care,Neuägeri,Schweiz,Forum Managed Care Zugerstr. 193,,,5000,,,,,5000,hco
msd,Foundation for Cardiovascular Research Zurich Heart House,Zürich,Schweiz,Foundation for Cardiovascular Research -Zurich Heart House Moussonsstr. 4,,,10200,,,,,10200,hco
msd,Geriatrische Klinik St. Gallen AG,St. Gallen,Schweiz,Geriatrische Klinik St. Gallen AG Rorschacher Str. 94,,,,,,500,,500,hco
msd,Groupement des Médecins des Franches-Montagnes,Saignelégier,Schweiz,Groupement des medecins des -Franches-Montagn es (GMFM) - c/o Dr. Thierry Maitre Place du 23 Uuin 2,,,500,,,,,500,hco
msd,Haematology Nurse & Healthcare Professionals Group,Winterthur,Schweiz,Haematology Nurse & Healthcare -Professionals Group (HNHCP) -President Herr Erik Aerts Espenstr. 33,,,1000,,,,,1000,hco
msd,Hausärztlicher Qualitätszirkel,Amriswil,Schweiz,Hausärztlicher Qualitätszirkel Hölzlistr. 15,,,2500,,,,,2500,hco
msd,HFR Fribourg,Fribourg,Schweiz,HFR Fribourg -Hôpital cantonal Chemin des Pensionnats 2-6,,,3500,,,,,3500,hco
msd,Hôpital de Sion Hôpital du Valais Centre Hospitalier du Valais Romand,Sion,Schweiz,Hôpital de Sion - Hôpital du Valais - Centre Hospitalier du Valais Romand Avenue du Grand-Champsec 80,,,4000,1647.15,2857.08,,,8504.23,hco
msd,Hôpital Intercantonal de la Broye,Payerne,Schweiz,Hôpital Intercantonal de la Broye (HIB) Avenue de la Colline 3,,,2000,,,,,2000,hco
msd,Hôpital neuchâtelois La Chaux-de-Fonds,La Chaux-de-Fonds,Schweiz,Hôpital neuchâtelois Rue du Chasseral 20,,,8000,,,2500,,10500,hco
msd,Hôpitaux Universitaires de Genève,Genève,Schweiz,Hôpitaux Universitaires de Genève Rue Gabrielle-Perret -Gentil 4,,,71696,,1200,3000,,75896,hco
msd,Institut für Hausarztmedizin & Community Care Luzern,Luzern,Schweiz,Institut für Hausarztmedizin - & Community Care Luzern Schwanenplatz 7,,,10000,,,,,10000,hco
msd,International AIDS Society,Genève,Schweiz,International AIDS Society Avenue de France 23,,28907.47,105031.39,,,,,133938.86,hco
msd,International Osteoporosis Foundation,Nyon,Schweiz,International Osteoporosis Foundation Rue luste-Olivier 9,,306957.2,,,,,,306957.2,hco
msd,International Society of Geriatric Oncology,Genève,Schweiz,International Society - of Geriatric Oncology Route des Morillons 1-5,,24782.71,,,,,,24782.71,hco
msd,Kantonsspital Aarau AG,Aarau,Schweiz,Kantonsspital Aarau AG Teilstr.,,,11200,611.65,1676.25,12500,,25987.9,hco
msd,Kantonsspital Baselland,Liestal,Schweiz,Kantonsspital Baselland Liestal Rheinstr. 26,,,9000,528,1302.15,5700,,16530.15,hco
msd,Kantonsspital Glarus,Glarus,Schweiz,Kantonsspital Burgstr. 99,,,1000,,,,,1000,hco
msd,Kantonsspital St. Gallen,St. Gallen,Schweiz,Kantonsspital St. Gallen - Rorschacher Str. 95,,,50111.1,2386.7,7994.45,13004.62,,73496.87,hco
msd,Kantonsspital Winterthur,Winterthur,Schweiz,"Kantonsspital Winterthur, Brauerstr. 15",,,1000,,,,,1000,hco
msd,Kinderärzte-Vereinigung der Zentralschw. FMH Kinder-Jugendmedizin Gruppenpraxis Centramed,Luzern,Schweiz,Kinderärzte-Vere inigung der Zentralschw. -FMH Kinder-lugendmed izin - Gruppenpraxis Centramed Frankenstr. 2,,,800,,,,,800,hco
msd,Klinik Hirslanden,Zürich,Schweiz,Klinik Hirslanden Witellikerstr. 40,,,26000,,,,,26000,hco
msd,La Tour Reseau de Soins SA,Meyrin,Schweiz,La Tour Reseau de Soins SA Avenue 3 . -D.-Maillard 3,,,6000,,,,,6000,hco
msd,LGID Foundation Liver & Gastrointest. Disease Foundation,Zürich,Schweiz,LGID Foundation Gastrointest. Foundation Seehofstr. 4,,,3000,,,,,3000,hco
msd,Ligue vaudoise contre le rhumatisme,Lausanne,Schweiz,Ligue vaudoise contre le rhumatisme Avenue de Provence 12,,,1000,,,,,1000,hco
msd,Luzerner Kantonsspital,Luzern,Schweiz,Luzerner Kantonsspital Spitalstr.,,,36400,639.95,1000.65,3604,,41644.6,hco
msd,Medecins de Familie de Genève,Genève,Schweiz,Medecins de Familie de Genève (MFGe) - c/o Dr Didier Châtelain Rue du Conseil-General 11,,,9000,,,,,9000,hco
msd,medizinische Fortbildung FomF GmbH,Zug,Schweiz,Forum für medizinische Fortbildung -FomF GmbH Ahornstr. 2,,,38000,,,,,38000,hco
msd,Onkologiepflege Schweiz,Kleinandelfingen,Schweiz,Onkologiepflege Hirstigstr. 13,,,8250,,,,,8250,hco
msd,Ospedale Regionale di Lugano Ospedale Civico,Lugano,Schweiz,Ospedale Regionale di Ospedale Civico Via Tesserete 46,,,1000,739.15,477,5000,,7216.15,hco
msd,PharmaValais Societe Valaisanne de Pharmacie,Granges VS,Schweiz,PharmaValais -Societe Valaisanne de Pharmacie Route du Robinson 43,,,4200,,,,,4200,hco
msd,PizolCare AG,Meis,Schweiz,PizolCare AG Flurstr. 12,,,19400,,,,,19400,hco
msd,Praxis Balsiger,Bern,Schweiz,"Praxis Balsiger, Seibold & Crohn-Colitis-Ze ntrum - Hochhaus Lindenhofspital Bremgartenstr. 119",,,,872.65,2244.3,,,3116.95,hco
msd,Psychiatrische Dienste Aargau AG,Windisch,Schweiz,Psychiatrische Dienste Aargau AG Zürcherstr. 241,,,,,,1555.56,,1555.56,hco
msd,Regionalspital Emmental AG,Burgdorf,Schweiz,Regionalspital Emmental AG Oberburgstr. 54,,,1000,,,,,1000,hco
msd,Regionalspital Emmental AG Spital Langnau,Langnau im Emmental,Schweiz,Regionalspital Emmental AG -Spital Langnau Dorfbergstr. 10,,,2000,,,,,2000,hco
msd,Rheuma Schweiz,Zürich,Schweiz,Rheuma Schweiz Aargauerstr. 250,,,22500,,8910,,,31410,hco
msd,Schlossberg-Ärztezentrum AG,Frauenfeld,Schweiz,Schlossberg Ärztezentrum AG Bahnhofstr. 61,,,1000,,,750,,1750,hco
msd,Schweiz. Gesellschaft der Vertrauens- und Versicherungsärz te,Winterthur,Schweiz,Schweiz. Gesellschaft der Vertrauens- - Versicherungsärz te (SGV) Industriestr. 24,,,5000,200,,23148.15,,28348.15,hco
msd,Schweiz. Gesellschaft für Endokrinologie und Diabetologie,Baden,Schweiz,Gesellschaft für Endokrinologie Diabetologie (SGED) Rütistr. 3A,,,50000,,5000,,,55000,hco
msd,Schweiz. Vereinigung Morbus Bechterew,Zürich,Schweiz,Schweiz. Vereinigung Morbus Bechterew Leutschenbachstr,,,18000,,,,,18000,hco
msd,Schweizerische Geschäftsstelle GSASA Verein Schweizerische Amts- und Spitalapotheker,Bern,Schweiz,Schweizerische Geschäftsstelle GSASA - Verein Schweizerische Amts- und Spitalapotheker Postfach,,,19800,,,,,19800,hco
msd,Schweizerische Morbus Crohn / Colitis ulcerosa Vereinigung,Aarau,Schweiz,Schweizerische Morbus Crohn / -Colitis ulcerosa Vereinigung,,,12000,,,,,12000,hco
msd,Schweizerischer Verband Medizinischer PraxisAssistentinnen SVA,Bern,Schweiz,Schweizerischer Verband - Medizinischer PraxisAssistenti nnen SVA Monbijoustr. 35,,,,,,260,,260,hco
msd,SCQM Foundation Swiss Clinical Quality Management,Zürich,Schweiz,SCQM Foundation - Swiss Clinical Quality Management - in Rheumatic Aargauerstr. 250,,,95200,,,800,,96000,hco
msd,See-Spital Standort Horgen,Horgen,Schweiz,See-Spital Standort Horgen Asylstr. 19,,,1000,,,,,1000,hco
msd,SGG/SSG,Bern,Schweiz,SGG/SSG - Gesellschaft für Gastroenterologi Geschäftstelle Wattenwylweg 21,,,40000,,27500,,,67500,hco
msd,SGPHEG,Basel,Schweiz,SGPHEG (Schweizerische Gesellschaft -für pädiatrische Gastroenterologi e) - Universitäts-Kinderspital beider Basel Spitalstr. 33,,,500,,,,,500,hco
msd,SGRM Schweizerische Gesellschaft für Reproduktionsmed izin,Worb,Schweiz,SGRM Schweizerische Gesellschaft für Reproduktionsmed,,,10100,,,,,10100,hco
msd,SNM Société Neuchâteloise de Médecine,Couvet,Schweiz,Societe Neuchäteloise de Medecine SNM Grand'Rue 3GBIS,,,2500,,,,,2500,hco
msd,Solothurner Spitäler AG-Solothurn,Solothurn,Schweiz,Solothurner Spitäler AG Schöngrünstr. 36a,,,3600,,,,,3600,hco
msd,Spital Schwyz,Schwyz,Schweiz,Spital Schwyz Waldeggstr. 10,,,3000,,,,,3000,hco
msd,Spital Thurgau AG,Frauenfeld,Schweiz,Spital Thurgau AG - Geschäftsstelle l/ilaldeggstr. 8a,,,5100,,,,,5100,hco
msd,Stadtspital Triemli,Zürich,Schweiz,Stadtspital Triemli Birmensdorferstr. 497,,,3500,1485.5,3174.75,,,8160.25,hco
msd,Stegmann Danielle Alexandra,Liebefeld,Schweiz,pharmaSuisse -Abt. Wissenschaftlich e Medien -Schweizerischer Apothekerverband Stationsstr. 12,,,3000,,,,,3000,hco
msd,Stiftung für wissenschaftliche Forschung am Stadtspital Triemli,Zürich,Schweiz,Stiftung für wissenschaftlich e Forschung - am Stadtspital Triemli Birmensdorferstr,,,8000,,,17800,2100,27900,hco
msd,Stiftung Repronatal,Basel,Schweiz,Stiftung Repronatal Spitalstr. 21,,,,,,3500,,3500,hco
msd,Stiftung SONK St. Gallen Oncology Conferences,St. Gallen,Schweiz,Stiftung SONK -St. Gallen Oncology Conferences Rorschacher Str. 150,,,8440,,,,,8440,hco
msd,Stiftung zur Förderung der Medizin im Engadin,Scuol,Schweiz,Stiftung zur Förderung der Medizin - im Engadin Bogn Engiadina Scuol,,,7500,,,,,7500,hco
msd,Swiss Experts in Viral Hepatitis,Bern,Schweiz,Swiss Experts in Viral Hepatitis Murtenstr. 35,,,20000,,,5000,,25000,hco
msd,TopPharm AG,Münchenstein,Schweiz,TopPharm AG Grabenackerstr. 15,,,,,,4800,,4800,hco
msd,Universitäts-Kinderspital Zürich,Zürich,Schweiz,Universitäts-Kin derspital Zürich Steinwiesstr. 75,,,4080,,,,,4080,hco
msd,UniversitätsSpital Zürich,Zürich,Schweiz,Universitätspital Zürich Rämistr. 100,,,27840,6327.2,22003.25,3351.85,,59522.3,hco
msd,ZGN Zürcher Gesundheitsnetz c/o hawadoc AG,Winterthur,Schweiz,ZGN Zürcher Gesundheitsnetz - c/o hawadoc AG Garnmarkt 1,,,5000,,,,,5000,hco
msd,Adrian Ciurea,Zürich,Schweiz,Universitätsspital Zürich - Rheumaklinik Gloriastr. 25,7601000346315,,,598.25,943.3,7000,,8541.55,hcp
msd,Adrian Forster,Winterthur,Schweiz,Kantonsspital Winterthur -Klinik für Rheumatologie Brauerstr. 15,7601000225610,,,,,1500,,1500,hcp
msd,Amira Kraytem,Nyon,Schweiz,Cabinet de groupe Chemin du Midi 8,7601000354266,,,,,1000,,1000,hcp
msd,Andreas Fischer,Schaffhausen,Schweiz,"Spitäler Schaffhausen - Medizinische Klinik, Kardiologie -Kantonsspital Schaffhausen Geissbergstr. 81",7601000026378,,,,,1000,,1000,hcp
msd,Andreas Rohr,Aarau,Schweiz,Kantonsspital Aarau AG -Anästhesie / Haus 3 Teilstr.,7601000156907,,,,701.29,,,701.29,hcp
msd,Angela Hernandez,Delémont,Schweiz,Centre de Sante Route de Rossemaison 48,7601000756145,,,,,3000,,3000,hcp
msd,Arnold von Eckardstein,Zürich,Schweiz,Universitätspital Zürich -Institut für Klinische Chemie Rämistr. 100,7601000674821,,,,,5250,406.86,5656.86,hcp
msd,Beat Hans Schwegler,Baar,Schweiz,Zuger Kantonsspital AG - Medizinische Klinik Landhausstr. 11,7601000404824,,,,,2500,,2500,hcp
msd,Béatrice Neuffer-Bajetta,Mendrisio,Schweiz,Ospedale Regionale di Mendrisio - Beata Vergine Medizin Endo/Diabetologi e Via Turconi 23,7601000012708,,,,,750,,750,hcp
msd,Benedict Martina,Basel,Schweiz,FMH Kardiologie St. Alban-Anlage 50,7601000120267,,,,,1000,,1000,hcp
msd,Berchtold Elmiger,Bern,Schweiz,FMH Rheumatologie Spitalgasse 37,7601000093509,,,71.6,340.9,,,412.5,hcp
msd,Bertin Rosenfelder,Bischofszell,Schweiz,Praktischer Arzt Obere Bisrütistr. 1,7601000956040,,,,,200,,200,hcp
msd,Bilel Elhaj,Sion,Schweiz,Hôpital de Sion - Hôpital du Valais - Centre Hospitalier du Valais Romand Anästhesie Avenue du Grand-Champsec 80,,,,,358.46,,,358.46,hcp
msd,Carlo Chizzolini,Genève,Schweiz,Hôpitaux Universitaires de Geneve - Departement de medecine interne - Service d'immunologie et allergologie Rue Gabrielle-Perret -Gentil 4,7601000034861,,,,,1000,,1000,hcp
msd,Catherine Chevalley,Yverdon-les-Bains,Schweiz,Hôpital d'Yverdon-les-Ba ins (eHnv) -Anesthesiologie Rue d'Entremonts 11,7601000030702,,,,483.92,,,483.92,hcp
msd,Christian Marc Schmied,Zürich,Schweiz,Universitätspital Zürich -Klinik für Kardiologie Rämistr. 100,7601000493606,,,,800,5000,,5800,hcp
msd,Christian Stettler,Moutier,Schweiz,FMH gastroenterologi e - Hôpital du Iura bernois SA Rue de Beausite 49,7601000087287,,,388.65,652.6,,,1041.25,hcp
msd,Christoph Andreas Fux,Aarau,Schweiz,Kantonsspital Aarau AG - Infektiologie / Haus 7 Tellstr.,7601000276254,,,436.6,825.61,,,1262.21,hcp
msd,Christoph Gorbach,Diessenhofen,Schweiz,Klinik St. Katharinental -Rehabilitation,7601000522986,,,,,1000,,1000,hcp
msd,Christoph Meili,Netzikon ZH,Schweiz,FMH Kardiologie Bahnhofstr. 210,7601000221148,,,,,1000,,1000,hcp
msd,Christopher Sulzer,Neuchâtel,Schweiz,Hôpital neuchätelois -Pourtales Anesthesie Rue de la Maladiere 45,7601000439840,,,,284.75,,,284.75,hcp
msd,Claude Scheidegger,Basel,Schweiz,Gruppenpraxis Birsigstr. 10,,,,,,1500,,1500,hcp
msd,Cornelia Keller,Winterthur,Schweiz,Kantonsspital Winterthur - Endokrinologie/Diabetologie Brauerstr. 15,7601000638465,,,,,3000,,3000,hcp
msd,Cristina Pin,Genève,Schweiz,Cabinet de groupe Chemin de Beau-Soleil 22,7601000344335,,,,,1000,,1000,hcp
msd,Daniel Friis,Zürich,Schweiz,Universitätspital Zürich - Institut für Anästhesiologie Rämistr. 100,,,,719.98,1232.69,,,1952.67,hcp
msd,Daniela Sofrà,Lausanne,Schweiz,Cabinet de groupe Avenue de la Gare 11,7601000756909,,,,,3000,,3000,hcp
msd,Diana Patricia Frey-Strehler,Zürich,Schweiz,Universitätspital Zürich - Rheumaklinik Gloriastr. 25,7601000225832,,,,,1000,,1000,hcp
msd,Dimitrios Tsakiris,Basel,Schweiz,Universitätspital Basel -Zellersatzambula torium & Tagesklinik Petersgraben 4,7601000118837,,,,,2500,,2500,hcp
msd,Florian Brunner,Zürich,Schweiz,Universitätsklinik Balgrist - Physikalische Medizin und Rheumatologie Forchstr. 340,7601000342706,,,598.25,774.1,1000,,2372.35,hcp
msd,Francesco Negro,Genève,Schweiz,Hôpitaux Universitaires de Geneve - Departement specialites de medecine - gastro-enterolog ie & hepatologie Rue Gabrielle-Perret -Gentil 4,7601000337771,,,,,7000,217.5,7217.5,hcp
msd,Frank Seibold,Bern,Schweiz,"Praxis Balsiger, Seibold & Crohn-Colitis-Ze ntrum - Hochhaus Lindenhofspital Bremgartenstr. 119",7601000509826,,,,,3250,,3250,hcp
msd,Gabriella Arnold-Kunz,Sion,Schweiz,FMH endocrinologie-d abetologie Rue de la Porte-Neuve 4,7601000459633,,,,,1000,,1000,hcp
msd,Gerfried Teufelberger,Muri AG,Schweiz,Spital Muri -Chirurgie Spitalstr. 144,7601000161932,,,,454.59,,,454.59,hcp
msd,Gerhard Rogler,Zürich,Schweiz,Universitätspital Zürich -Klinik für Gastroenterologi e/Hepatologie Rämistr. 100,7601000763983,,,,176,13725,,13901,hcp
msd,Giovanni Pedrazzini,Lugano,Schweiz,Cardiocentro Ticino -Cardiologia Via Tesserete 48,7601000080721,,,711.8,405.15,,,1116.95,hcp
msd,Guido Domenighetti,Locarno,Schweiz,FMH malattie polmonari Via Ospedale 14,7601000182180,,,352,1120.15,,,1472.15,hcp
msd,Hannelore Klemann,Muri AG,Schweiz,Spital Muri - Anästhesie / Perioperative Medizin Spitalstr. 144,7601000866202,,,,399.59,,,399.59,hcp
msd,Hans-Dieter Hüllstrung,Liestal,Schweiz,Kantonsspital Baselland Liestal Rheumatologische Klinik Rheinstr. 26,7601000402790,,,,,500,,500,hcp
msd,Isabelle Chatton Chambaz,Genève,Schweiz,Cabinet de groupe Boulevard des Philosophes 5,7601000622969,,,,,1000,,1000,hcp
msd,Isabelle Simon-Vermot,Luzern,Schweiz,Schwanenpraxis Schwanenplatz 7,7601000167330,,,,,1000,,1000,hcp
msd,Jan Piso Rein,Olten,Schweiz,Kantonsspital Olten - Infektiologie Baslerstr. 150,7601000083135,,,450.65,832,,,1282.65,hcp
msd,Joel Capraro,Aarau,Schweiz,Kantonsspital Aarau AG -Endokrinologie / Diabetologie / Haus 7 Teilstr.,7601000523747,,,,,1000,,1000,hcp
msd,Johannes Bitzer,Basel,Schweiz,Gruppenpraxis Schützenmattstr. 54,7601000120113,,,,143,7400,,7543,hcp
msd,Julian Schardt,Bern,Schweiz,Inselspital Insel-Gruppe AG - Medizinische Onkologie Freiburgstr. 18,7601000747198,,,,,1500,,1500,hcp
msd,Jürg Niesper,Uerikon,Schweiz,hapmed AG - Aerztenetzwerk am Pfannenstiel Gerbi 10,7601000229878,,,,,200,,200,hcp
msd,Konrad Maurer,Zürich,Schweiz,Universitätspital Zürich - Institut für Anästhesiologie Rämistr. 100,,,,719.98,1232.69,,,1952.67,hcp
msd,Laurent Thierrin,Lausanne,Schweiz,Clinique de La Anesthesie Avenue Vinet 30,7601000050946,,,719.98,1347.01,1700,,3766.99,hcp
msd,lean Dudler,Fribourg,Schweiz,HFR Fribourg - Hôpital cantonal - Service de rhumatologie Chemin des Pensionnats 2-6,7601000411181,,,,,6500,900.18,7400.18,hcp
msd,Lukas Beyeler,Bern,Schweiz,Inselspital Insel-Gruppe AG - Anästhesiologie/ Schmerztherapie Freiburgstr. 18,7601000713315,,,,777.76,,,777.76,hcp
msd,Lukas Wildi,Zürich,Schweiz,Universitätspital Zürich - Rheumaklinik Gloriastr. 25,,,,,,1000,,1000,hcp
msd,Marc Donath,Basel,Schweiz,Universitätspital Basel - Endokrinologie und Diabetologie Petersgraben 4,7601000220868,,,,7309.05,23983.85,2375.28,33668.18,hcp
msd,Marc Egli,Epalinges,Schweiz,Centre medical d' Epalinges Route de la Corniche 1,7601000387301,,,,,1000,,1000,hcp
msd,Marc Girardin,Onex,Schweiz,Groupe medical d'Onex Route de Loex 3,7601000656537,,,,,700,,700,hcp
msd,Maria Sanduloviciu,Genève,Schweiz,Centre Medical des Charmilles Rue de Lyon 87-89-91,,,,,,1000,,1000,hcp
msd,Marie-Luce Guillermin-Spahr,Onex,Schweiz,FMH Medecine interne generale - Cite Generations / Diabete et Clinique et Permanence d'Onex SA Route de Chancy 98,7601000071057,,,,,1000,,1000,hcp
msd,Mario Picozzi,Einsiedeln,Schweiz,MedicoPlus Ärztezentrum Einsiedeln Spitalstr. 26a,7601000108371,,,598.25,953.3,,,1551.55,hcp
msd,Markus Gnädinger,Steinach,Schweiz,FMH Allgemeine Innere Medizin Birkenweg 8,7601000269799,,3500,,,,,3500,hcp
msd,Markus Suhner,Zürich,Schweiz,Stadtspital Triemli -Zentrum für Schmerzmedizin Birmensdorferstr. 497,7601000221308,,,,701.29,,,701.29,hcp
msd,Martin Alexander Lucas,Zürich,Schweiz,Gruppenpraxis Wehntalerstr. 536,7601000832528,,,,,200,,200,hcp
msd,Martin Oehri,Frauenfeld,Schweiz,Rheuma- und Schmerzzentrum - Frauenfeld RSZF Rheinstr. 23,7601000468413,,,71.6,171.4,,,243,hcp
msd,Matthias Hermann,Wald ZH,Schweiz,Zürcher RehaZentrum Wald - Kardiovaskuläre Rehabilitation Faltigbergstr. 7,7601000735645,,,,,1000,,1000,hcp
msd,Michael Andor,Zürich,Schweiz,FMH Rheumatologie - IZZ-Immunologie Zentrum Zürich -Stampfenbachplatz Walchestr. 11,186841,,,,,2000,,2000,hcp
msd,Michael Bergner,Langenthal,Schweiz,FMH Kardiologie - Kardiologie -Spital Langenthal (SRO AG) St. Urbanstr. 67,7601000755278,,,,,1000,,1000,hcp
msd,Michael Sulz,Appenzell,Schweiz,Kantonales Spital und Pflegezentrum -Appenzell Sonnhalde 2,7601000539915,,,,,1500,,1500,hcp
msd,Michael Weller,Zürich,Schweiz,Universitätspital Zürich -Klinik für Neurologie Frauenklinikstr. 26,7601000771674,,,,10358.52,4200,,14558.52,hcp
msd,Miklós Pless,Winterthur,Schweiz,Kantonsspital Winterthur Medizinische Onkologie Brauerstr. 15,7601000120083,,,,,1500,,1500,hcp
msd,Monika Nobel,Peseux,Schweiz,RSN Reseau de Soins Neuchätelois - par Ctesias SA Grand-Rue 38,7601000072450,,,,,1000,,1000,hcp
msd,Nicola Clerici,Lugano,Schweiz,Ospedale Regionale di Lugano -Ospedale Civico - Anestesiologia / Rianimazione Via Tesserete 46,7601000275813,,,,547.91,,,547.91,hcp
msd,Nicola Ferrari,Locarno,Schweiz,FMH cardiologia Via Stefano Franscini 14B,7601000355G45,,,,,750,,750,hcp
msd,Nina Khanna,Basel,Schweiz,Universitätspital Basel - Klinik für Infektiologie - Spitalhygiene Petersgraben 4,7601000636096,,,,,1500,,1500,hcp
msd,Oliver Distler,Zürich,Schweiz,Universitätspital Zürich - Rheumaklinik Gloriastr. 25,,,,,,1500,,1500,hcp
msd,Oliver Senn,Zürich,Schweiz,MediS-Medizin im Schauspielhaus Rämistr. 34,7601000457363,,,,,750,,750,hcp
msd,Pascal Frei,Zürich,Schweiz,FMH Gastroenterologie - Gastroenterologi e Bethanien -Privatklinik Bethanien Toblerstr. 51,7601000637185,,,,,1500,,1500,hcp
msd,Patrick Egger,Poschiavo,Schweiz,Centro sanitario Valposchiavo ( CSVP) - Ospedale San Sisto Via da l'Uspedal,7601000192196,,,,,1000,,1000,hcp
msd,Patrick Monnier,Lausanne,Schweiz,Clinique Cecil - Hirslanden Lausanne SA Avenue Ruchonnet 53,7601000073259,,,,,500,,500,hcp
msd,Peter Grendelmeier,Liestal,Schweiz,Kantonsspital Baselland Liestal -Pneumologie Rheinstr. 26,7601000639509,,,352,639.15,,,991.15,hcp
msd,Peter Moosmann,Aarau,Schweiz,Kantonsspital Aarau AG - Onkologie/Hämato logie / Haus 40 Teilstr.,7601000239679,,,571.75,2307.85,,,2879.6,hcp
msd,Peter Wiesli,Frauenfeld,Schweiz,Kantonsspital Frauenfeld -Medizinische Klinik Pfaffenholzstr. 4,7601000243041,,,,,3500,,3500,hcp
msd,Peter Zelenay,Winterthur,Schweiz,hawadoc AG Garnmarkt 1,7601000238443,,,,,200,,200,hcp
msd,Philip Bruggmann,Zürich,Schweiz,Geschäftsstelle Zürich - Arud Zentren für Suchtmedizin Drogenberatung Konradstr. 32,7601000416285,,,,,1500,,1500,hcp
msd,Philippe Renard,Sion,Schweiz,Hôpital de Sion - Hôpital du Valais - Centre Hospitalier du Valais Romand Med. Gastroentero logie Avenue du Grand-Champsec 80,7601003355024,,,800,5256.1,,,6056.1,hcp
msd,Pierre Michetti,Lausanne,Schweiz,Gastroentérologie La Source-Beaulieu Avenue lomini 8,7601000011961,,,,,12700,,12700,hcp
msd,Pierre-André Guerne,Genève,Schweiz,Hôpitaux universitaires de Geneve -Service de rhumatologie Avenue de Beau-Sejour 26,7601000036742,,,,,1500,,1500,hcp
msd,Pierre-Frédéric Keller,Delémont,Schweiz,FMH cardiologie - Centre de Cardiologie Rue de la Maltiere 10,7601000042446,,,,,2000,,2000,hcp
msd,Raphael Koller,Nil SG,Schweiz,Herzteam Nil Bahnhofstr. 45,7601000249913,,,,,1000,,1000,hcp
msd,Reinhard Lehner,Sarnen,Schweiz,Ärztehaus Sarnen Marktstr. 7,7601000544520,,,71.6,220.4,,,292,hcp
msd,Roger Lussmann,Zürich,Schweiz,Klinik Hirslanden -Inst. Anästhesiologie & Intensivmedizin Witellikerstr. 40,7601000167415,,,231,1228.05,,,1459.05,hcp
msd,Roger Schmid-Fey,Solothurn,Schweiz,Bürgerspital Solothurn -Chirurgie Schöngrünstr. 42,7601000106704,,,,317.4,,,317.4,hcp
msd,Rolf A. Stahel,Zürich,Schweiz,Universitätspital Zürich -Klinik für Onkologie Rämistr. 100,7601000226327,,,,255,26675,,26930,hcp
msd,Sabina Berezowska,Bern,Schweiz,Universität Bern - Institut für Pathologie Murtenstr. 31,7601003354683,,,,,3000,,3000,hcp
msd,Sabine Beeler-Tieche,Solothurn,Schweiz,Gastrozentrum Obach AG Obachstr. 23,7601000705259,,,85.5,233.2,,,318.7,hcp
msd,Sabine Yerly,Genève,Schweiz,Hôpitaux Universitaires de Geneve Lab. Microbiologie Rue Gabrielle-Perret -Gentil 4,142132,,,,,1321,,1321,hcp
msd,Severin Jeanneret,Sion,Schweiz,Hôpital de Sion - Hôpital du Valais (CHVR) -Departement de Medecine intensiv Avenue du Grand-Champsec 80,7601000643407,,,231,897.75,,,1128.75,hcp
msd,Michel Simon Monnard,La Chaux-de-Fonds,Schweiz,FMH cardiologie Rue du Tertre 1,7601000G39295,,,,,500,,500,hcp
msd,Sina Grape,Sion,Schweiz,Hôpital de Sion - Hôpital du Valais (CHVR) -Departement de Medecine intensiv Avenue du Grand-Champsec 80,7601000753922,,,,633.47,,,633.47,hcp
msd,Stefan Seiler,Bern,Schweiz,"Inselspital Bern, Insel-Gruppe AG -Anästhesiologie/ Schmerztherapie Freiburgstr. 18",7601000153999,,,384.6,894.81,,,1279.41,hcp
msd,Stefan Toggweiler,Luzern,Schweiz,Luzerner Kantonsspital Kardiologie / Herzzentrum Luzern Spitalstr.,7601000710369,,,,,1000,,1000,hcp
msd,Stephan Gerosa,Bubendorf,Schweiz,ärztenetz Nordwest -Geschäftsstelle - c/o Hausarztpraxis Tannenstr. 1,7601000141712,,5000,,,,,5000,hcp
msd,Susanne Krebser,Bern,Schweiz,"Inselspital Bern, Insel-Gruppe AG - Pneumologie Freiburgstr. 18",176618,,,,263.8,,,263.8,hcp
msd,Tarcisio Bianda,Ascona,Schweiz,Studio medico Via Collina 4,7601000224910,,,,,1750,,1750,hcp
msd,Teresa Daniela Clerici,Bellinzona,Schweiz,Ospedale regionale Bellinzona e Valli - IOSI Istituto Oncologico della Svizzera - Italians / Laboratorio di ematologia Ospedale San Giovanni,7601000949707,,,568.35,869.7,,,1438.05,hcp
msd,Thomas Gürtler,Zürich,Schweiz,"Stadtspital Triemli - Viszeral-, Thorax- und Gefässchirurgie Birmensdorferstr. 497",7601000220127,,,,713.79,,,713.79,hcp
msd,Urs Pfefferkorn,Olten,Schweiz,Kantonsspital Olten - Chirurgie Baslerstr. 150,7601000539793,,,,427.09,,,427.09,hcp
msd,Ursula Schafroth,Thun,Schweiz,dasRückenzentrum AG Bahnhofstr. 3,7601000111005,,,71.6,411.65,,,483.25,hcp
msd,Vera Kessler Brondolo,Lugano,Schweiz,Ospedale Regionale di Lugano -Ospedale Civico Medizin Gastroenterologi e Via Tesserete 46,7601000517739,,,,,1500,,1500,hcp
msd,Volker Stenz,Münsterlingen,Schweiz,Kantonsspital Münsterlingen -Gastroenterologi e Spitalcampus 1,7601000519498,,,502.35,770.59,,,1272.94,hcp
msd,Wolfgang Flierler,Grabs,Schweiz,Spital Grabs - Anästhesie Spitalstr. 44,7601000717832,,,,713.79,,,713.79,hcp
msd,Zuzana Tatickova,Fribourg,Schweiz,HFR Fribourg -Hôpital cantonal d'anesthesiologi e Chemin des Pensionnats 2-6,,,,,426.41,,,426.41,hcp
