company,name,location,country,address,uci,donations_grants,sponsorship,registration_fees,travel_accommodation,fees,related_expenses,total,type
mundipharma,AarReha,Schinznach,Schweiz,Schinznach,,1000,0,0,0,0,0,1000,hco
mundipharma,ARUD - Zentrum für Suchtmedizin,Zürich,Schweiz,Zürich,,11500,0,0,0,0,0,11500,hco
mundipharma,Ärztenetz Bantiger,Ittigen,Schweiz,Ittigen,,2000,0,0,0,0,0,2000,hco
mundipharma,Ärztenetzwerk Grauholz,Ittigen,Schweiz,Ittigen,,2800,0,0,0,0,0,2800,hco
mundipharma,Ärzteverein Rorschach-Rheintal,Goldach,Schweiz,Goldach,,1000,0,0,0,0,0,1000,hco
mundipharma,Association Genevoise d'Asthme,Genève,Schweiz,Genf,,2000,0,0,0,0,0,2000,hco
mundipharma,Association romande pour la formation continue en oncologie médicale,Vugelles-La Mothe,Schweiz,Vugelles-La Mothe,,1500,0,0,0,0,0,1500,hco
mundipharma,Associazione Mendrisio Medical Meeting,Mendrisio,Schweiz,Mendrisio,,3000,0,0,0,0,0,3000,hco
mundipharma,Berner Institut für Hausarztmedizin,Bern,Schweiz,Bern,,6500,0,0,0,0,0,6500,hco
mundipharma,Bethesda Spital AG,Basel,Schweiz,Basel,,2000,0,0,0,0,0,2000,hco
mundipharma,Centre Hospitalier du Valais Romand,Sion,Schweiz,Sion,,2000,0,0,0,0,0,2000,hco
mundipharma,CHUV,Lausanne,Schweiz,Lausanne,,8800,0,0,0,0,0,8800,hco
mundipharma,Claraspital,Basel,Schweiz,Basel,,4000,0,0,0,0,0,4000,hco
mundipharma,Clinica Luganese Moncucco SA,Lugano,Schweiz,Lugano,,1000,0,0,0,0,0,1000,hco
mundipharma,Deutschsprachige Europäische Schule für Onkologie,St. Gallen,Schweiz,St. Gallen,,1500,0,0,0,0,0,1500,hco
mundipharma,DoXNet. ch,Bern,Schweiz,Bern,,4000,0,0,0,0,0,4000,hco
mundipharma,Fondation Centre de Chimiothérapie Anti-Cancéreuse,Lausanne,Schweiz,Lausanne,,1000,0,0,0,0,0,1000,hco
mundipharma,Fondation fribourgeoise pour la recherche et la formation sur le cancer,Fribourg,Schweiz,Freiburg,,2000,0,0,0,0,0,2000,hco
mundipharma,Fondazione Di Ricerca Psicooncologica,Lugano,Schweiz,Lugano,,1000,0,0,0,0,0,1000,hco
mundipharma,Forum für medizinische Fortbildung,Zug,Schweiz,Zug,,64800,0,0,0,0,0,64800,hco
mundipharma,Fosumis,Zug,Schweiz,Zug,,3000,0,0,0,0,0,3000,hco
mundipharma,Fosumos,St. Gallen,Schweiz,St. Gallen,,4500,0,0,0,0,0,4500,hco
mundipharma,Groupe Francophone Suisse de Médecine Manuelle,St. Gallen,Schweiz,St. Gallen,,1000,0,0,0,0,0,1000,hco
mundipharma,Groupement des Médecins des Franches-Montagnes,Saignelégier,Schweiz,Saignelégier,,1000,0,0,0,0,0,1000,hco
mundipharma,Gruppo Medico Formazione,Giubiasco,Schweiz,Giubiasco,,3300,0,0,0,0,0,3300,hco
mundipharma,Haematology Nurses & Healthcare Professionals Group,Winterthur,Schweiz,Winterthur,,1500,0,0,0,0,0,1500,hco
mundipharma,Hôpital du Valais,Sion,Schweiz,Sion,,4200,0,0,0,0,0,4200,hco
mundipharma,Hôpital neuchâtelois,Neuchâtel,Schweiz,Neuchâtel,,8000,0,0,0,0,0,8000,hco
mundipharma,Hôpital Neuchâtelois & Société Neuchâteloise de Médecine,Neuchâtel,Schweiz,Neuchâtel,,2000,0,0,0,0,0,2000,hco
mundipharma,HUG Hôpitaux Universitaires de Genève,Genève,Schweiz,Genf,,30023,0,0,0,0,0,30023,hco
mundipharma,Igomed,Thun,Schweiz,Thun,,6000,0,0,0,0,0,6000,hco
mundipharma,Inselspital,Bern,Schweiz,Bern,,28153,0,0,0,0,0,28153,hco
mundipharma,Instituto Oncologico della Svizzera Italiana,Bellinzona,Schweiz,Bellinzona,,3500,0,0,0,0,0,3500,hco
mundipharma,Integrierte Psychiatrie,Winterthur,Schweiz,Winterthur,,2000,0,0,0,0,0,2000,hco
mundipharma,International Extranodal Lymphoma Study Group,Bellinzona,Schweiz,Bellinzona,,6000,0,0,0,0,0,6000,hco
mundipharma,Journée Jurasienne de Médecine,Delémont,Schweiz,Delémont,,2000,0,0,0,0,0,2000,hco
mundipharma,Junge Hausärztinnen- und ärzte Schweiz,Bern,Schweiz,Bern,,10000,0,0,0,0,0,10000,hco
mundipharma,Kantonale Ärztegesellschaft,Schaffhausen,Schweiz,Schaffhausen,,2500,0,0,0,0,0,2500,hco
mundipharma,Kantonsärztlicher Dienst,St. Gallen,Schweiz,St. Gallen,,1500,0,0,0,0,0,1500,hco
mundipharma,Kantonsspital,Luzern,Schweiz,Luzern,,12700,0,0,0,0,0,12700,hco
mundipharma,Kantonsspital,Sursee,Schweiz,Luzern,,1000,0,0,0,0,0,1000,hco
mundipharma,Kantonsspital,Wolhusen,Schweiz,Luzern,,1000,0,0,0,0,0,1000,hco
mundipharma,Kantonsspital St. Gallen,St. Gallen,Schweiz,St. Gallen,,8258,0,0,0,0,0,8258,hco
mundipharma,Kantonsspital,Fribourg,Schweiz,Fribourg,,4500,0,0,0,0,0,4500,hco
mundipharma,Kantonsspital Winterthur,Winterthur,Schweiz,Winterthur,,4500,0,0,0,0,0,4500,hco
mundipharma,Kantonsspital Graubünden,Chur,Schweiz,Chur,,6000,0,0,0,0,0,6000,hco
mundipharma,Klinik,Valens,Schweiz,Valens,,2000,0,0,0,0,0,2000,hco
mundipharma,Klinik im Hasel,Gontenschwil,Schweiz,Gontenschwil,,800,0,0,0,0,0,800,hco
mundipharma,Kollegium für Hausarztmedizin,Bern,Schweiz,Bern,,11420,0,0,0,0,0,11420,hco
mundipharma,Löwenpraxis,Luzern,Schweiz,Luzern,,2500,0,0,0,0,0,2500,hco
mundipharma,Lunge Zürich,Zürich,Schweiz,Zürich,,6000,0,0,0,0,0,6000,hco
mundipharma,Luzerner Psychiatrie,St. Urban,Schweiz,St. Urban,,1500,0,0,0,0,0,1500,hco
mundipharma,Médecins de Famille Genève,Genève,Schweiz,Genf,,2000,0,0,0,0,0,2000,hco
mundipharma,Médecins de Famille,Fribourg,Schweiz,Fribourg,,2000,0,0,0,0,0,2000,hco
mundipharma,Medinform GmbH,Zürich,Schweiz,Zürich,,6000,0,0,0,0,0,6000,hco
mundipharma,Mednet,Bern,Schweiz,Bern,,6000,0,0,0,0,0,6000,hco
mundipharma,Onkologiepflege Schweiz,Kleinandelfingen,Schweiz,Kleinandelfingen,,3250,0,0,0,0,0,3250,hco
mundipharma,Ordine dei Medici del Canton Ticino,Mezzovico,Schweiz,Mezzovico,,1600,0,0,0,0,0,1600,hco
mundipharma,Ospedale Regionale,Lugano,Schweiz,Lugano,,4100,0,0,0,0,0,4100,hco
mundipharma,Ospedale San Giovanni,Bellinzona,Schweiz,Bellinzona,,832,0,0,0,0,0,832,hco
mundipharma,Palliative. be,Bern,Schweiz,Bern,,1000,0,0,0,0,0,1000,hco
mundipharma,Palliative so,Laufen,Schweiz,Laufen,,1000,0,0,0,0,0,1000,hco
mundipharma,Paracelsus Spital,Richterswil,Schweiz,Richterswil,,3000,0,0,0,0,0,3000,hco
mundipharma,PizolCare,Mels,Schweiz,Mels,,5800,0,0,0,0,0,5800,hco
mundipharma,Psychiatriezentrum Münsingen,Münsingen,Schweiz,Münsingen,,1500,0,0,0,0,0,1500,hco
mundipharma,Quadrimed,Montana,Schweiz,Montana,,6740,0,0,0,0,0,6740,hco
mundipharma,Reha Rheinfelden,Rheinfelden,Schweiz,Rheinfelden,,1500,0,0,0,0,0,1500,hco
mundipharma,Réseau Delta,Genève,Schweiz,Genf,,2000,0,0,0,0,0,2000,hco
mundipharma,SAKK,Bern,Schweiz,Bern,,5000,0,0,0,0,0,5000,hco
mundipharma,Schmerz- und Komplementärmedizin,Bülach,Schweiz,Bülach,,1500,0,0,0,0,0,1500,hco
mundipharma,Schweizer Paraplegiker Zentrum,Nottwil,Schweiz,Nottwil,,5696.7,0,0,0,0,0,5696.7,hco
mundipharma,Schweizerische Ärztegesellschaft für Manuelle Medizin,St. Gallen,Schweiz,St. Gallen,,6120,0,0,0,0,0,6120,hco
mundipharma,Schweizerische Akademie der Pharmazeutischen Wissenschaften,Bern,Schweiz,Bern,,2000,0,0,0,0,0,2000,hco
mundipharma,Schweizerische Gesellschaft für Allgemeine Innere Medizin,Basel,Schweiz,Basel,,2400,0,0,0,0,0,2400,hco
mundipharma,Schweizerische Gesellschaft für intensive dynamische Kurzpsychiatrie,Bern,Schweiz,Bern,,2500,0,0,0,0,0,2500,hco
mundipharma,Schweizerische Gesellschaft für Palliative Medizin,Bern,Schweiz,Bern,,6500,0,0,0,0,0,6500,hco
mundipharma,Schweizerische Gesellschaft für Pneumologie,Bern,Schweiz,Bern,,23060,0,0,0,0,0,23060,hco
mundipharma,Schweizerische Gesellschaft zum Studium des Schmerzes,Zürich,Schweiz,Zürich,,6100,0,0,0,0,0,6100,hco
mundipharma,Schweizerischer Verband Medizinischer Praxisassistentinnen,Bern,Schweiz,Bern,,2500,0,0,0,0,0,2500,hco
mundipharma,Schweizerischer Verein der Amts- und Spitalapotheker,Bern,Schweiz,Bern,,3000,0,0,0,0,0,3000,hco
mundipharma,SGC - Die Schweizer Chirurginnen und Chirurgen,Aarau,Schweiz,Aarau,,1000,0,0,0,0,0,1000,hco
mundipharma,Solothurner Spitäler,Olten,Schweiz,Olten,,1864,0,0,0,0,0,1864,hco
mundipharma,Spital Schwyz,Schwyz,Schweiz,Schwyz,,3240,0,0,0,0,0,3240,hco
mundipharma,Spital Thurgau,Münsterlingen,Schweiz,Münster,,1500,0,0,0,0,0,1500,hco
mundipharma,Spital Thurgau,Frauenfeld,Schweiz,Frauenfeld,,1000,0,0,0,0,0,1000,hco
mundipharma,Spitalregion Rheintal Werdenberg Sarganserland,Grabs,Schweiz,Grabs,,4500,0,0,0,0,0,4500,hco
mundipharma,Spitalverbund Appenzell Ausserrhoden,Herisau,Schweiz,Herisau,,1540,0,0,0,0,0,1540,hco
mundipharma,Spitalzentrum,Biel,Schweiz,Biel,,6000,0,0,0,0,0,6000,hco
mundipharma,Staatsverein,Bern,Schweiz,Bern,,5821.5,0,0,0,0,0,5821.5,hco
mundipharma,Staatsverein,Zürich,Schweiz,Zürich,,3500,0,0,0,0,0,3500,hco
mundipharma,Staatsverein,Basel,Schweiz,Basel,,2000,0,0,0,0,0,2000,hco
mundipharma,Staatsverein,Lausanne,Schweiz,Lausanne,,5060,0,0,0,0,0,5060,hco
mundipharma,Stiftung SONK St. Gallen Oncology Conferences,St. Gallen,Schweiz,St. Gallen,,1440,0,0,0,0,0,1440,hco
mundipharma,Swiss Medical Students Convention,Bern,Schweiz,Bern,,3000,0,0,0,0,0,3000,hco
mundipharma,Swiss Tumor Institute,Zürich,Schweiz,Zürich,,11500,0,0,0,0,0,11500,hco
mundipharma,Triemli,Zürich,Schweiz,Zürich,,14900,0,0,0,0,0,14900,hco
mundipharma,Universitätsklinik Balgrist,Zürich,Schweiz,Zürich,,1500,0,0,0,0,0,1500,hco
mundipharma,Universitätsspital Basel,Basel,Schweiz,Basel,,43020,0,0,0,0,0,43020,hco
mundipharma,UniversitätsSpital Zürich,Zürich,Schweiz,Zürich,,40675.5,0,0,0,0,0,40675.5,hco
mundipharma,Verband Schweizer Assistenz- und Oberärzt/Innen,Bern,Schweiz,Bern,,9000,0,0,0,0,0,9000,hco
mundipharma,Vereinigung Zürcher Internisten,Zürich,Schweiz,Zürich,,3800,0,0,0,0,0,3800,hco
mundipharma,Wirbelsäulen Schmerz-Clinic,Zürich,Schweiz,Zürich,,2000,0,0,0,0,0,2000,hco
mundipharma,Zentralschweizer Ärzte-Forum,Luzern,Schweiz,Luzern,,2000,0,0,0,0,0,2000,hco
mundipharma,Albrecht Breitenbücher,Bruderholz,Schweiz,Kantonsspital,,,,296,378,0,0,674,hcp
mundipharma,Alexander Ott,St. Gallen,Schweiz,Kantonsspital,,,,700,2008,0,0,2708,hcp
mundipharma,Alfred Gerber,Brittnau,Schweiz,Brittnau,,,,0,0,0,1000,1000,hcp
mundipharma,Andreas Siegenthaler,Bern,Schweiz,Lindenhofspital,,,,0,0,0,1000,1000,hcp
mundipharma,Anja Zyska,Lausanne,Schweiz,Lausanne,,,,0,0,0,2000,2000,hcp
mundipharma,Anna Lelek-Szacki,Zug,Schweiz,Aeskulap Praxis,,,,296,214,0,0,510,hcp
mundipharma,Anne Pelet,Neuchâtel,Schweiz,Fondation Neuchâtel Addictions,,,,249,574,0,0,823,hcp
mundipharma,Anne Stucki,Lausanne,Schweiz,Lausanne,,,,102,573,0,0,675,hcp
mundipharma,Anne Tschacher,Liestal,Schweiz,Kantonsspital BL,,,,296,378,0,0,674,hcp
mundipharma,Anne-Christin Stöwhas,Zürich,Schweiz,Stadtspital Triemli,,,,277,413,0,0,690,hcp
mundipharma,Antoine Pasche,Morges,Schweiz,Hôpital de Morges,,,,424,1120,0,0,1544,hcp
mundipharma,Axel Mischo,Zürich,Schweiz,Universitätsspital,,,,718,3938,0,0,4656,hcp
mundipharma,Barbara Gugger,Bern,Schweiz,Universitäre Psychiatrische Dienste,,,,103,477,0,0,580,hcp
mundipharma,Benno Rehberg-Klug,Genève,Schweiz,Hug,,,,750,1900,0,0,2650,hcp
mundipharma,Berenice Deletang,Genève,Schweiz,Hug,,,,102,758,0,0,860,hcp
mundipharma,Bernhard Frühauf,Walenstadt,Schweiz,Praxis,,,,296,442,0,0,738,hcp
mundipharma,Caroline Zwicky,Lausanne,Schweiz,Lausanne,,,,102,781,0,0,883,hcp
mundipharma,Cécile A. Robinson,Zürich,Schweiz,Universitätsspital,,,,0,0,0,2500,2500,hcp
mundipharma,Christian Clarenbach,Zürich,Schweiz,Universitätsspital,,,,0,0,0,6750,6750,hcp
mundipharma,Christine Eich-Wanger,Zürich,Schweiz,Lungenpraxis Morgental,,,,296,656,0,0,952,hcp
mundipharma,Christine Rüegg,Zürich,Schweiz,Universitätspital,,,,636,1144,0,0,1780,hcp
mundipharma,Christophe Uldry,Rolle,Schweiz,Hôpital de Rolle,,,,570,1056,0,0,1626,hcp
mundipharma,Claudia Tüller,Zürich,Schweiz,Lungenzentrum Hirslanden,,,,296,414,0,0,710,hcp
mundipharma,Damien Keller,Lausanne,Schweiz,Chuv,,,,380,1120,0,0,1500,hcp
mundipharma,Daniel Güntert,Wattwil,Schweiz,Praxis,,,,296,542,0,0,838,hcp
mundipharma,Daniela Weiler,Luzern,Schweiz,Kantonsspital,,,,429,683,0,0,1112,hcp
mundipharma,Daniele Zullino,Genève,Schweiz,Hug,,,,249,520,0,0,769,hcp
mundipharma,Danielle Sierro,Sion,Schweiz,Sion,,,,249,691,0,0,940,hcp
mundipharma,Donata Bardelli,Mendrisio,Schweiz,Ospedale Beata Verdine,,,,329,459,0,0,788,hcp
mundipharma,Felicitas Hitz,St. Gallen,Schweiz,Kantonsspital,,,,429,377,0,0,806,hcp
mundipharma,Gérard Calzada,Acacias,Schweiz,CAAP Arve,,,,249,335,0,0,584,hcp
mundipharma,Gianluca Calderari,Lugano,Schweiz,Praxis,,,,448,974,0,0,1422,hcp
mundipharma,Jacques Eicher,Lausanne,Schweiz,Centre St. Martin,,,,249,759,0,0,1008,hcp
mundipharma,Jeroen Goede,Winterthur,Schweiz,Kantonsspital,,,,0,0,0,2000,2000,hcp
mundipharma,Jérôme Cluzeau,La Chaux-de-Fonds,Schweiz,Centre Prévention Traitement des Addicitons,,,,249,513,0,0,762,hcp
mundipharma,Johannes Strasser,Basel,Schweiz,Universitäte Psychiatrische Kliniken,,,,103,585,0,0,688,hcp
mundipharma,Karsten Rasche,Winterthur,Schweiz,Praxis,,,,296,394,0,0,690,hcp
mundipharma,Katharina Rentsch,Basel,Schweiz,Universitätsspital,,,,0,0,0,920,920,hcp
mundipharma,Konrad Maurer,Zürich,Schweiz,Universitätsspital,,,,715,4023,0,0,4738,hcp
mundipharma,Konrad Maurer,Zürich,Schweiz,Universitätsspital,,,,0,0,0,1500,1500,hcp
mundipharma,Ladina Joos Zellweger,Basel,Schweiz,St. Claraspital,,,,296,378,0,0,674,hcp
mundipharma,Laurianne Mer,Yverdon-les-Bains,Schweiz,Chuv,,,,249,450,0,0,699,hcp
mundipharma,Lenka Besse,St. Gallen,Schweiz,Kantonsspital,,,,136,4406,0,2271,6813,hcp
mundipharma,Lesek Purek,Schiers,Schweiz,Spital Schiers,,,,296,394,0,0,690,hcp
mundipharma,Liechti Medical Consulting & Communications,Oberwil,Schweiz,Universitätsspital,,,,0,0,0,12100,12100,hcp
mundipharma,Lorenz Bankel,Zürich,Schweiz,Universitätsspital,,,,429,645,0,0,1074,hcp
mundipharma,Luca Ottolini,Bellinzona,Schweiz,Ospedale San Giovanni,,,,327,223,0,0,550,hcp
mundipharma,Luzia Baumeler,Basel,Schweiz,Universitätsspital,,,,208,1120,0,0,1328,hcp
mundipharma,Mahdieh Wölffer,Kirchlindach,Schweiz,Klinik Südhang,,,,103,585,0,0,688,hcp
mundipharma,Malcolm Kohler,Forch,Schweiz,Universitätsspital,,,,0,0,0,7500,7500,hcp
mundipharma,Marc Suter,Pully,Schweiz,Universitätsspital,,,,0,0,0,1000,1000,hcp
mundipharma,Marco Laures,Münsterlingen,Schweiz,Kantonsspital,,,,296,394,0,0,690,hcp
mundipharma,Marie-Claude Blaser,La Chaux-de-Fonds,Schweiz,Centre Prévention Traitement des Addicitons,,,,249,621,0,0,870,hcp
mundipharma,Michael Soyka,Meiringen,Schweiz,Privatklinik,,,,0,0,0,1500,1500,hcp
mundipharma,Mirjana Nozinic,Fribourg,Schweiz,Centre Cantonal d'Addictiologie,,,,249,618,0,0,867,hcp
mundipharma,Mohamed Hachaichi,Prilly,Schweiz,Hôpital de Cery,,,,125,615,0,0,740,hcp
mundipharma,Nathalie Jacquard,Lausanne,Schweiz,Centre St. Martin,,,,249,416,0,0,665,hcp
mundipharma,Nathan Cantoni,Aarau,Schweiz,Aarau,,,,0,0,0,500,500,hcp
mundipharma,Noemie Lang,Genève,Schweiz,Hug,,,,429,879,0,0,1308,hcp
mundipharma,Nuré Santoro,Chêne-Bougeries,Schweiz,Fondation Phenix,,,,249,543,0,0,792,hcp
mundipharma,Oliver Staneczek,Clarens,Schweiz,Clinique la Prairie SA,,,,449,925,0,0,1374,hcp
mundipharma,Oliver Tanneberger,Oberwil,Schweiz,Lungenpraxis,,,,277,379,0,0,656,hcp
mundipharma,Pascal Urwyler,Liestal,Schweiz,Kantonsspital,,,,258,922,0,0,1180,hcp
mundipharma,Patrick Schihin,Horgen,Schweiz,See-Spital,,,,637,1227,0,0,1864,hcp
mundipharma,Peter Dür,Schwyz,Schweiz,Spital Schwyz,,,,296,372,0,0,668,hcp
mundipharma,Peter J. Gerber,Bern,Schweiz,Lungenpraxis Bern West,,,,296,418,0,0,714,hcp
mundipharma,Philipp Stocker,Sarnen,Schweiz,Kantonsspital Obwalden,,,,296,418,0,0,714,hcp
mundipharma,Photis Beris,Genève,Schweiz,Genf,,,,102,785,0,0,887,hcp
mundipharma,Pierre-Olivier Bridevaux,Genève,Schweiz,Spital Wallis,,,,0,0,0,4400,4400,hcp
mundipharma,René Siebenschein,Wettingen,Schweiz,Doktor Zentrum Wettingen AG,,,,296,408,0,0,704,hcp
mundipharma,Robert Escher,Burgdorf,Schweiz,Spital Emmental AG,,,,429,683,0,0,1112,hcp
mundipharma,Roberto Pirotta,Zürich,Schweiz,Arud,,,,0,0,0,1000,1000,hcp
mundipharma,Roger Mäder,St. Gallen,Schweiz,Fosumos,,,,103,503,0,0,606,hcp
mundipharma,Roman Schöb-Koster,Goldach,Schweiz,Praxis,,,,0,0,0,500,500,hcp
mundipharma,Sandor Györik,Bellinzona,Schweiz,Ospedale San Giovanni,,,,427,824,0,0,1251,hcp
mundipharma,Silvio Grassi,Lindau,Schweiz,Lindau,,,,0,0,0,300,300,hcp
mundipharma,Sophie Voruz,Lausanne,Schweiz,Chuv,,,,102,788,0,0,890,hcp
mundipharma,Stephan Blumenthal,Zürich,Schweiz,Triemli,,,,0,0,0,1000,1000,hcp
mundipharma,Stéphane Genevay,Vessy,Schweiz,Universitätsspital,,,,0,0,0,2000,2000,hcp
mundipharma,Susanne Guglielmi,St. Gallen,Schweiz,Praxis,,,,296,428,0,0,724,hcp
mundipharma,Tanja Fusi-Schmidhauser,Lugano,Schweiz,Ospedale Regionale di Lugano,,,,478,800,0,0,1278,hcp
mundipharma,Thilo Beck,Zürich,Schweiz,Arud,,,,103,511,0,0,614,hcp
mundipharma,Thomas Hügle,Basel,Schweiz,Schmerzklinik,,,,0,0,0,2000,2000,hcp
mundipharma,Thomas Matthes,Genève,Schweiz,Hug,,,,102,900,0,0,1002,hcp
mundipharma,Thomas Sigrist,Barmelweid,Schweiz,Klinik Barmelweid AG,,,,296,626,0,0,922,hcp
mundipharma,Universitätsklinik für Pneumologie,Bern,Schweiz,Inselspital,,,,573,835,0,0,1408,hcp
mundipharma,Urs Aebi,Biel,Schweiz,Praxis,,,,296,394,0,0,690,hcp
mundipharma,Urs Ulrich,Langenthal,Schweiz,Praxis,,,,296,719,0,0,1015,hcp
mundipharma,Valérie Piguet,Genève,Schweiz,Universitätsspital,,,,0,0,0,1000,1000,hcp
mundipharma,Wiebke Gulden-Sala,Muralto,Schweiz,Muralto,,,,0,0,0,892,892,hcp
