company,name,location,country,address,uci,donations_grants,sponsorship,registration_fees,travel_accommodation,fees,related_expenses,total,type
mylan,Adimed,Winterthur,Schweiz,Lagerhausstr. 9,,,500,,,,,500,hco
mylan,Apotheke zum Rebstock,Stäfa,Schweiz,Grundstr. 4,,,6750,,,,,6750,hco
mylan,Arbeitsgruppe Lipide und Atherosklerose der Schweiz. Gesellschaft fÃ¼r Kardiologie,Steinhausen,Schweiz,Sennweidstr. 46,,,12960,,,,,12960,hco
mylan,Ärztenetzwerk Bantiger,Ittigen,Schweiz,Talgut-Zentrum 34,,,2000,,,,,2000,hco
mylan,Ärztenetzwerk Doccare,Fällanden,Schweiz,Maurstr. 24a,,,300,,,,,300,hco
mylan,Ärztenetzwerk DOXnet,Hinterkappelen,Schweiz,Kappelenring 6,,,3000,,,,,3000,hco
mylan,Ärztenetzwerk Grauholz,Ittigen,Schweiz,Worblentalstr. 99,,,800,,,,,800,hco
mylan,Ärztenetzwerk Grauholz,Urtenen-Schönbühl,Schweiz,Solothurnstr. 43,,,2160,,,,,2160,hco
mylan,Ärztenetzwerk Igomed,Thun,Schweiz,Goldwilstr. 36A,,,5400,,,,,5400,hco
mylan,Ärztenetzwerk Oberes Emmental,Trubschachen,Schweiz,Bahnhofstr. 15,,,3500,,,,,3500,hco
mylan,Ärzteverein Thalwil,Thalwil,Schweiz,Zürcherstr. 61,,,1500,,,,,1500,hco
mylan,Ärzteverein Werdenberg/Sarganserland/ vertreten durch FentEvent,Bronschhofen,Schweiz,Eggwilstr. 16b,,,3876,,,,,3876,hco
mylan,Association d'Aesculape en Lavaux,Cully,Schweiz,Route de Lausanne 12,,,2000,,,,,2000,hco
mylan,Association Romande Des Assistantes Medicales,St-Légier,Schweiz,Chemin du Lussy 18,,,1800,,,,,1800,hco
mylan,Beodocs Netzwerk,Interlaken,Schweiz,Rugenparkstr. 7,,,5000,,,,,5000,hco
mylan,Centre Hôpital Universitaire Vaudois,Lausanne,Schweiz,Rue du Bugnon 46,,,4860,,,2000,,6860,hco
mylan,Equipage-UTC,Zénauva,Schweiz,Ch. Des Botchets 24,,,2160,,,,,2160,hco
mylan,Faculté de Médecine de l'Université de Genève,Genève,Schweiz,Rue Willy-Donzé 6,,,1500,,,,,1500,hco
mylan,Fédération suisses des directrices et directeurs d'Hôpitaux,Fribourg,Schweiz,,,,1000,,,,,1000,hco
mylan,FentEvent GmbH,Bronschhofen,Schweiz,Eggwilstr. 16b,,,2160,,,,,2160,hco
mylan,Fondation pour le Progrès en Microbiologie Médicale et Maladies Infectieuses,Lausanne,Schweiz,Pont Bessières 3,,,10800,,,,,10800,hco
mylan,Gesundes Rheintal,Oberriet,Schweiz,Ballengasse 9,,,3000,,,,,3000,hco
mylan,Gruppo Medico Formazione,Giubiasco,Schweiz,Casella Postale 823,,,3300,,,,,3300,hco
mylan,GZO Spital Wetzikon,Wetzikon,Schweiz,Spitalstr. 66,,,2000,,,,,2000,hco
mylan,Hausärzteverein Doccare,Fehraltorf,Schweiz,Im Baumgarten 1,,,5000,,,,,5000,hco
mylan,Hôpital de Morges,Morges,Schweiz,Chemin du Crêt 2,,,2160,,,,,2160,hco
mylan,Hôpital du Jura,Porrentruy,Schweiz,Chemin de l'hôpital,,,1000,,,,,1000,hco
mylan,Hôpital du Valais CHCVS,Sion,Schweiz,Avenue Du Grand-Champsec 86,,,2160,,,,,2160,hco
mylan,Hôpital Fribourgeois,Fribourg,Schweiz,Chemin des Pensionnats 2,,,5000,,,,,5000,hco
mylan,HUG Hôpitaux Universitaires de Genève,Genève,Schweiz,Rue Gabrielle-Perret-Gentil 4,,,18184,,,2000,,20184,hco
mylan,IFFM - Institut für Forschung und Fortbidlung in der Medizin GmbH,Burgdorf,Schweiz,Kirchbergstr. 23,,,1600,,,,,1600,hco
mylan,Inselspital,Bern,Schweiz,Freiburgstr.,,,3000,,,1500,,4500,hco
mylan,Journées Franco-Suisses de Pharmacie Hospitalière,Lausanne,Schweiz,Rue du Bugnon 21,,,4800,,,,,4800,hco
mylan,Junge Hausärzte Schweiz,Steinhausen,Schweiz,Sennweidstr. 46,,,3456,,,,,3456,hco
mylan,Kantonsspital Baselland,Laufen,Schweiz,Lochburgstr. 39,,,1000,,,,,1000,hco
mylan,Kantonsspital Baselland,Liestal,Schweiz,Mühlemattstr. 26,,,2160,,,,,2160,hco
mylan,Kantonsspital Baselland,Steinhausen,Schweiz,Sennweidstr. 46,,,4320,,,,,4320,hco
mylan,Kantonsspital Frauenfeld,Frauenfeld,Schweiz,Pfaffenholzstr. 4,,,1080,,,,,1080,hco
mylan,Kantonsspital St. Gallen,St. Gallen,Schweiz,Rorschacherstr. 95,,,3240,,,,,3240,hco
mylan,KMS Kongress Management Swiss,Bern,Schweiz,Postfach,,,2165,,,,,2165,hco
mylan,Kollegium für Hausarztmedizin,Steinhausen,Schweiz,Sennweidstr. 46,,,2138,,,,,2138,hco
mylan,Luzerner Kantonsspital,Luzern,Schweiz,Spitalstr.,,,1620,,,,,1620,hco
mylan,Magendarmliga Schweiz,Bern,Schweiz,Postfach,,,3000,,,,,3000,hco
mylan,Médecins de Familles Genève,Genève,Schweiz,22 Rue Beau Soleil,,,4000,,,,,4000,hco
mylan,Medical AdiNetwork GmbH,Winterthur,Schweiz,Lagerhausstr. 9,,,750,,,,,750,hco
mylan,mmconsult volante GmbH,Cham,Schweiz,Riedstr. 1,,,14580,,,,,14580,hco
mylan,MPA Uri,Erstfeld,Schweiz,,,,500,,,,,500,hco
mylan,OdA Berufsbildung Medizinische Praxisassistentin,Bern,Schweiz,Monbijoustr. 35,,,3000,,,,,3000,hco
mylan,pharmaSuisse,Bern-Liebefeld,Schweiz,Stationsstr. 12,,,5400,,,,,5400,hco
mylan,PMSE SA Prévention e Maintien de la santé en entreprise,Le Lignon,Schweiz,Chemin de la Muraille 12,,,3078,,,,,3078,hco
mylan,Praxis Tulpenstrasse AG,Kirchberg,Schweiz,Tulpenstr. 1,,,1500,,,,,1500,hco
mylan,Praxisklinik Binningen,Binningen,Schweiz,Hauptstr. 11,,,3500,,,,,3500,hco
mylan,Qualitätszirkel Ärzte Niederamt,Lostorf,Schweiz,Stüsslingerstr.,,,1200,,,,,1200,hco
mylan,Regiovital,Biel,Schweiz,Bözingerstr. 162,,,1620,,,,,1620,hco
mylan,Reha Rheinfelden,Rheinfelden,Schweiz,Salinenstr. 98,,,1500,,,,,1500,hco
mylan,Remed,Genève,Schweiz,Conseil Général 11,,,2000,,,,,2000,hco
mylan,Rotpunkt-Pharma,Zürich,Schweiz,Falkenstr. 21,,,5000,,,,,5000,hco
mylan,Schweiz. Gesellschaft für Allgemine Innere Medzin,Basel,Schweiz,Postfach,,,3175,,,,,3175,hco
mylan,Schweiz. Gesellschaft für Endokrinologie und Diabetologie,Baden,Schweiz,Rütistr. 3a,,,5400,,,,,5400,hco
mylan,Schweiz. Gesellschaft für Gynäkologie und Geburtshilfe,Gossau,Schweiz,Industriestr. 37,,,4000,,,,,4000,hco
mylan,Schweiz. Hypertonie Gesellschaft / SociétÃé Suisse d'Hypertonsion Ssh,Bern,Schweiz,Dufourstr. 30,,,6000,,,,,6000,hco
mylan,Schweizerische Gesellschaft für Gastrenterologie SGG,Bern,Schweiz,Wattenwylweg 21,,,6156,,,,,6156,hco
mylan,Schweizerische Pankreasstiftung,Bern,Schweiz,Schänzlihalde,,,4500,,,,,4500,hco
mylan,Schweizerischer Verband Medizinischer PraxisAssistentinnen SVA,Bern,Schweiz,Monbijoustr. 35,,,3240,,,,,3240,hco
mylan,Schweizerischer Verband Medizinischer PraxisAssistentinnen SVA,Winterthur,Schweiz,Landvogt Waser Str. 42,,,1500,,,,,1500,hco
mylan,Spital Limmattal,Schlieren,Schweiz,Urdorferstr. 100,,,1700,,,,,1700,hco
mylan,Spitalverbund Appenzell Ausserrhoden,Herisau,Schweiz,Spitalstr. 6,,,1080,,,,,1080,hco
mylan,Stiftung zur Förderung der Medzin im Engadin,Scuol,Schweiz,Bogn Engiadina,,,7500,,,,,7500,hco
mylan,SwissYoungPharmacists Group,Bern-Liebefeld,Schweiz,Stationsstr. 12,,,3000,,,,,3000,hco
mylan,Universitäts-Kinderspital beider Basel,Basel,Schweiz,Spitalstr. 33,,,1000,,,,,1000,hco
mylan,UniversitätsSpital Zürich,Zürich,Schweiz,Rämistr. 100,,,4320,,,,,4320,hco
mylan,Verein Berner Haus- und Kinderäztinnen,Steinhausen,Schweiz,Sennweidstr. 46,,,7020,,,,,7020,hco
mylan,Verein Gastroenterologie Zürich,Uster,Schweiz,Poststr. 2,,,2500,,,,,2500,hco
mylan,Verein Lunge Zürich,Zürich,Schweiz,Wilfriedstr. 7,,,12528,,,,,12528,hco
mylan,Vereinigung Zürcher Internisten / vertreten durch energy of events,Rotkreuz,Schweiz,Lindenmatt 34,,,4104,,,,,4104,hco
mylan,Women's Health Watch Sàrl,Lutry,Schweiz,Avenue William 8,,,,,,3000,,3000,hco
mylan,Alain Sauty,Lausanne,Schweiz,Avenue de Rumine 31,,,,,717,,,717,hcp
mylan,Alexandra Lenoir,Lausanne,Schweiz,CHUV- Rue du Bugnon 46,,,,,67,,,67,hcp
mylan,Andreas Moser,Wolfhalden,Schweiz,Hauptstr.,,,,,,600,,600,hcp
mylan,Anne Mornand,Genève,Schweiz,"HUG, Rue Gabrielle-Perret-Gentil 4",,,,445,584,,,1029,hcp
mylan,Brigitte Waldispühl,Bellinzona,Schweiz,Ente Ospedaliero Cantonale - Via Ospedale,,,,440,792,,,1232,hcp
mylan,Christian Benden,Zürich,Schweiz,Rämistr. 100,,,,,,1000,,1000,hcp
mylan,Christian Bieli,Zürich,Schweiz,"Universitätsspital Kinderkliniken, Steinwiesstr. 75",,,,446,,,,446,hcp
mylan,Christian Murer,Zürich,Schweiz,"Universitätsspital Zürich, Rämistr. 100",,,,446,,,,446,hcp
mylan,Claudia Muntwiler,Rehetobel,Schweiz,St. Gallerstr. 11,,,,,,600,,600,hcp
mylan,Constance Barazzone Argiroffo,Genève,Schweiz,"HUG - Hôpital des enfants, Rue Willy-Donzé 6",,,,446,411,,,857,hcp
mylan,Daniel Frey,Wetzikon,Schweiz,Spital Wetzikon - Spitalstr. 66,,,,,,2000,,2000,hcp
mylan,Daniel Gianelli,Davos Wolfgang,Schweiz,Hochgebirgsklinik Davos - Herman-Burchard-Str. 1,,,,,,1500,,1500,hcp
mylan,Daniel Savioz,Sierre,Schweiz,Avenue du General-Guisan 30,,,,,,400,,400,hcp
mylan,Dario Fontanel,Wil,Schweiz,Spital Wil - Fürstenlandstr. 32,,,,,,2000,,2000,hcp
mylan,Denise Herzog,Fribourg,Schweiz,Chemin des Pensionnats 2,,,,,,500,,500,hcp
mylan,Emanuel Burri,Liestal,Schweiz,Kantonsspital Baselland - Rheinstr. 26,,,,,,2000,,2000,hcp
mylan,Emil Schalch,Oberägeri,Schweiz,Fischmattstr. 2,,,,,,2000,,2000,hcp
mylan,Frank Seibold,Bern,Schweiz,"Lindenhofspital, Bremgartenstr. 119",,,,,,2000,,2000,hcp
mylan,Gaudenz Hafen,Lausanne,Schweiz,CHUV- Rue du Bugnon 46,,,,359,,,,359,hcp
mylan,Isabelle Rochat-Giugnard,Lausanne,Schweiz,CHUV- Rue du Bugnon 46,,,,446,411,,,857,hcp
mylan,Jean-Marc Fellrath,Neuchâtel,Schweiz,Rue de la Maladière 45,,,,446,,,,446,hcp
mylan,Jérôme Plojoux,Genève,Schweiz,"HUG - Service du pneumologie, Rue Gabrielle-Perret-Gentil 4",,,,446,650,,,1096,hcp
mylan,Kathleen Jahn,Basel,Schweiz,Universitätsspital Basel Spitalstr. 21,,,,446,,,,446,hcp
mylan,Klaus Wehr,Zürich,Schweiz,"Hirslanden Zürich, General-Wille-Str. 15",,,,,,5000,,5000,hcp
mylan,Maja Dorfschmid,Zürich,Schweiz,Stadtspital Triemli Birmensdorferstr. 497,,,,,,1500,,1500,hcp
mylan,Marc-Henri Gauchat,Sion,Schweiz,Rue Pré-Fleury 9,,,,,,2000,,2000,hcp
mylan,Marianne Fehr,Chur,Schweiz,Kantonsspital Chur - Loestr. 70,,,,440,779,,,1219,hcp
mylan,Marie Hofer,Lausanne,Schweiz,CHUV- Rue du Bugnon 46,,,,283,478,,,761,hcp
mylan,Martha Kerstan,Zuchwil,Schweiz,Luzernerstr. 21,,,,,650,,,650,hcp
mylan,Maura Prella,Lausanne,Schweiz,CHUV- Rue du Bugnon 46,,,,445,584,,,1029,hcp
mylan,Michael Hitzler,Zürich,Schweiz,"Universitätsspital Kinderkliniken, Steinwiesstr. 75",,,,489,345,,,834,hcp
mylan,Nicole Rizza,Mendrisio,Schweiz,Via Alfonso Turconi 23,,,,,44,,,44,hcp
mylan,Renate Spinas,Zürich,Schweiz,"Universitätsspital Kinderkliniken, Steinwiesstr. 75",,,,446,172,,,618,hcp
mylan,Saida Parlato,Bellinzona,Schweiz,Ospedale Bellinzona - Via Ospedale,,,,,44,,,44,hcp
mylan,Sonja Ess,Schlieren,Schweiz,Spital Limmattal - Urdorferstr. 100,,,,440,792,,,1232,hcp
mylan,Stephanie Hegi,Bern,Schweiz,Lindenhofspital - Bremgartenstr. 117,,,,440,804,,,1244,hcp
mylan,Susanne Maurer,Winterthur,Schweiz,Lagerhausstr. 9,,,,,,1500,,1500,hcp
mylan,Urs Kaiser,Engelburg,Schweiz,Breitschachenstr. 1OA,,,,,,600,,600,hcp
mylan,Valérie Durand,Genève,Schweiz,"HUG - Service du pneumologie, Rue Gabrielle-Perret-Gentil 4",,,,283,650,,,933,hcp
mylan,Yann Kernen,Yverdon-les-Bains,Schweiz,Rue du Nord 1,,,,446,584,,,1030,hcp
