company,name,location,country,address,uci,donations_grants,sponsorship,registration_fees,travel_accommodation,fees,related_expenses,total,type
novonordisk,Associazione Mendrisio Medical Meeting,Minusio,Schweiz,Via Cadogno 1,,,3000,,,,,3000,hco
novonordisk,Associazione Ticinese per i Diabetici,Bellinzona,Schweiz,Via Motto di Mornera 4,,,200,,,,,200,hco
novonordisk,Bündner Oberländer Ärzteverein,Vella,Schweiz,Arzthaus,,,1000,,,,,1000,hco
novonordisk,CHUV Centre Hospitalier Universitaire Vaudois,Lausanne,Schweiz,Rue du Bugnon 21,,94300,10700,5118,11687,6426,1877,130108,hco
novonordisk,Centre Médico-Chirurgical de la Broye SA,Payerne,Schweiz,Rue de Guillermaux 8,,,2000,,,,,2000,hco
novonordisk,Centre Neuchâtelois de Psychiatrie,Neuchâtel,Schweiz,Maladière 45,,,,,,2000,152,2152,hco
novonordisk,Circolo Medico Locarno e Dintorni,Ascona,Schweiz,Via Lido 27,,,1500,,,,,1500,hco
novonordisk,Clinique le Noirmont,Le Noirmont,Schweiz,Chemin Roc-Montès 20,,,800,,,,,800,hco
novonordisk,Diabetes Adipositas Zentrum Zürich DAZZ,Zollikerberg,Schweiz,Rietholzstr. 4,,,,,,2500,,2500,hco
novonordisk,Diabetessolothurn,Olten,Schweiz,Solothurnerstr. 7,,,1500,,,,,1500,hco
novonordisk,DIAfit Inselspital,Bern,Schweiz,Freiburgstr.,,15000,,,,,,15000,hco
novonordisk,Endokrinologie und Diabetologie Bern,Bern,Schweiz,Seilerstr. 8,,12000,,,,,,12000,hco
novonordisk,EOC - Ente Ospedaliero Cantonale,Bellinzona,Schweiz,Via Lugano 4b,,,8697,,,1000,,9697,hco
novonordisk,eSwiss Medical & Surgical Center AG,St. Gallen,Schweiz,Brauerstr. 97,,,2315,,,2926,,5241,hco
novonordisk,Europäische Stiftung für Gesundheit,Zürich,Schweiz,Räffelstr. 26,,48917,,,,,,48917,hco
novonordisk,Fondation pour la Recherche sur le Diabète,Genève,Schweiz,Chemin Malombré 10,,,1697,,,,,1697,hco
novonordisk,Fondation USCADE,Pully,Schweiz,Av. Chantemerle 10,,,5000,,,,,5000,hco
novonordisk,Forschungsstiftung Klinik Hirslanden AG,Zürich,Schweiz,Seefeldstr. 214,,,3000,,,,,3000,hco
novonordisk,Gesundes Rheintal,Widnau,Schweiz,Zinggenstr. 3A,,,2500,,,,,2500,hco
novonordisk,GHOL SA Nyon c/o Hôpital de Zone de Nyon,Nyon,Schweiz,Chemin Monastier 10,,,400,,,,,400,hco
novonordisk,Groupement des Médecins des Franches-Montagnes,Saignelégier,Schweiz,Place du 23 Juin 2,,,750,,,,,750,hco
novonordisk,GSMN Privatklinik AG,Solothurn,Schweiz,Leopoldstr. 5,,,2160,,,,,2160,hco
novonordisk,Haematology Nurses & Healthcare Professionals Group HNHCP,Winterthur,Schweiz,Postfach 98,,,600,,,,,600,hco
novonordisk,Hausärztilcher Qualtätszirkel Oberthurgau West,Amriswil,Schweiz,Hölzlistr. 15,,,2500,,,,,2500,hco
novonordisk,Hôpital du Jura Bernois SA,St-Imier,Schweiz,Les Fontenayes 17,,,1500,,,,,1500,hco
novonordisk,Hôpital du Valais,Sion,Schweiz,Av. du Grand-Champsec 86,,,2000,,,,,2000,hco
novonordisk,Hôpital Fribourgeois,Fribourg,Schweiz,Chemin des Pensionnats 2,,,,1367,3041,400,,4808,hco
novonordisk,Hôpitaux Universitaires de Genève,Genève,Schweiz,Rue Gabrielle-Perret-Gentil 4,,50000,5704,674,5226,,,61604,hco
novonordisk,Hormon Zentrum Zürich AG,Zürich,Schweiz,Witellikerstr. 36,,,3000,,,,,3000,hco
novonordisk,Inselspital Bern Stiftungen und Fonds,Bern,Schweiz,Freiburgstr. 18,,146000,9500,3375,6927,5500,938,172240,hco
novonordisk,Kantonsspital Baselland,Liestal,Schweiz,Mühlemattstr. 26,,,3000,772,4118,1999,,9889,hco
novonordisk,Kantonsspital Graubünden,Chur,Schweiz,Loestr. 170,,1852,,2577,8534,,,12963,hco
novonordisk,Kantonsspital St. Gallen,St. Gallen,Schweiz,Rorschacherstr. 95,,,12037,,,2800,,14837,hco
novonordisk,Kids Kidney Care,Zürich,Schweiz,Gutstr. 161,,2000,,,,,,2000,hco
novonordisk,Kinderspital Zürich,Zürich,Schweiz,Steinwiesstr. 75,,76506,1389,376,647,1500,,80418,hco
novonordisk,Luzerner Kantonsspital,Luzern,Schweiz,Spitalstr.,,,5000,,,1000,,6000,hco
novonordisk,Médecins de Famille Genève,Genève,Schweiz,Ch. de Beau-Soleil 22,,,2000,,,,,2000,hco
novonordisk,Ostschweizerische Diabetes-Gesellschaft,St. Gallen,Schweiz,Neugasse 55,,,500,,,,,500,hco
novonordisk,Pädiatische Endokrinologie/Diabetologie Medizinische Universitätskinderklinik Bern,Bern,Schweiz,Freiburgstr. 15,,,,,,1500,,1500,hco
novonordisk,PEZZ Pädiatrisch-Endokrinologisches Zentrum Zürich,Zürich,Schweiz,Möhrlistr. 69,,25000,,,,1500,,26500,hco
novonordisk,PizolCare AG,Mels,Schweiz,Flurstr. 12,,,500,,,,,500,hco
novonordisk,Regionalspital Emmental AG,Langnau im Emmental,Schweiz,Dorfbergstr. 10,,,1000,,,,,1000,hco
novonordisk,Schweizerische Adipositas-Stiftung  SAPS,Zürich,Schweiz,Baumackerstr. 42,,3000,,,,,,3000,hco
novonordisk,Schweizerische Diabetes-Stiftung,Baden,Schweiz,Rütistr. 3a,,28000,,,,,,28000,hco
novonordisk,Schweizerische Diabetesgesellschaft SDG ASD,Baden,Schweiz,Rütistr. 3a,,3733,5000,,,,,8733,hco
novonordisk,Schweizerische Gesellschaft für Endokrinologie und Diabetologie,Baden,Schweiz,Rütistr. 3a,,100000,14000,,,,,114000,hco
novonordisk,Schweizerische Gesellschaft für Hämatologie,Münsingen,Schweiz,Innerer Giessenweg 37,,,1000,,,,,1000,hco
novonordisk,Schweizerische Gesellschaft für pädiatrische Endokrinologie und Diabetologie SGPED /SSEDP,Baden,Schweiz,Rütistr. 3a,,,3000,,,,,3000,hco
novonordisk,Schweizerische Hämophilie Netzwerk SHN,Zürich,Schweiz,Steinwiesstr. 75,,9000,,,,,,9000,hco
novonordisk,Schweizerische Hämophilie-Gesellschaft SHG,Altstätten,Schweiz,Mühlibachstr. 5,,16000,,,500,,,16500,hco
novonordisk,Schweizerische Interessensgruppe für Diabetesfachberatung SIDB,Uzwil,Schweiz,Moosweg 13,,,1700,,,,,1700,hco
novonordisk,Schweizerischer Fachverband Adipositas im Kindes- und Jugendalter AKJ,Aarau,Schweiz,Augustin-Keller-Str. 1,,,1000,,,,,1000,hco
novonordisk,Schweizerischer Verband Medizinischer PraxisAssistentinnen SVA,Aadorf,Schweiz,Bohlstr. 25,,,1000,,,,,1000,hco
novonordisk,SeelandNet Solution GmbH,Lyss,Schweiz,Bahnhofstr. 15a,,,1000,,,,,1000,hco
novonordisk,Selbsthilfegruppe Turner-Syndrom,Wädenswil,Schweiz,Neudorfstr. 32,,6000,,,,,,6000,hco
novonordisk,Service de Cardiologie,Genève,Schweiz,Rue Gabrielle-Perret-Gentil 4,,,,,,1000,,1000,hco
novonordisk,Solothurner Spitäler AG,Solothurn,Schweiz,Schlössliweg 2-6,,,1000,,,,,1000,hco
novonordisk,Spital Limmattal,Schlieren,Schweiz,Urdorfstr. 100,,,1600,,,,,1600,hco
novonordisk,Spital Thurgau AG,Frauenfeld,Schweiz,Waldeggstr. 8,,,2315,,,,,2315,hco
novonordisk,SRO AG Spital Langenthal,Langenthal,Schweiz,St. Urbanstr. 67,,,1000,,,,,1000,hco
novonordisk,Stiftung Für Klinische Forschung,Zürich,Schweiz,Rämistr. 100,,,1852,,,,,1852,hco
novonordisk,Stiftung Ostschweizer Kinderspital,St. Gallen,Schweiz,Claudiusstr. 6,,5000,,,,,,5000,hco
novonordisk,UKBB Universitäts-Kinderspital beider Basel,Basel,Schweiz,Spitalstr. 33,,30000,,,,,,30000,hco
novonordisk,Universitätsspital Basel,Basel,Schweiz,Hebelstr. 36,,,6513,926,12402,3000,,22841,hco
novonordisk,UniversitätsSpital Zürich,Zürich,Schweiz,Rämistr. 100,,,2500,,,6500,,9000,hco
novonordisk,Université de Genève,Genève,Schweiz,Rue Michel Servet 1,,30000,1500,,,,,31500,hco
novonordisk,VZK Vereinigung Zürcher Kinder und Jugendärzte,Zürich,Schweiz,Breitingerstr. 23,,,2000,,,,,2000,hco
novonordisk,Abdelhak Boubrahimi,Delémont,Schweiz,Rue des Lilas 20,,,,255,782,,,1037,hcp
novonordisk,Aikaterini Stasinaki,St. Gallen,Schweiz,Claudiusstr. 6,,,,1071,1149,,,2220,hcp
novonordisk,Aileen Caulfield,Genève,Schweiz,Rue Alfred-Vincent 17,,,,381,773,,,1154,hcp
novonordisk,Alain Golay,Genève,Schweiz,Chemin Venel 7,,,,,806.74,1000,193,1999.74,hcp
novonordisk,Alessandra Spada,Carouge GE,Schweiz,Avenue Cardinal-Mermillod 5,,,,680,1205,,,1885,hcp
novonordisk,Alexander Pinzello,Bülach,Schweiz,Grabengasse 12,,,,,,1000,,1000,hcp
novonordisk,Alexandre Rey,Lausanne,Schweiz,Rue Bellefontaine 2,,,,709,1155,,,1864,hcp
novonordisk,Alexis Hyde,Genève,Schweiz,Rue de Contamines 26,,,,,,1600,,1600,hcp
novonordisk,Alfons Loher,St. Gallen,Schweiz,Vadianstr. 59,,,,,160,800,,960,hcp
novonordisk,Amineh Troendle,Bern,Schweiz,Bremgartenstr. 119,,,,552,1358,,,1910,hcp
novonordisk,Amira Kraytem,Nyon,Schweiz,Chemin du Midi 8,,,,222,235,400,,857,hcp
novonordisk,Andrea Bischof-Renner,Zürich,Schweiz,Möhrlistr. 69,,,,473,892,,,1365,hcp
novonordisk,Andreas Rohrer-Theus,Chur,Schweiz,Bahnhofstr. 14,,,,436,1325,,,1761,hcp
novonordisk,Angela Hernandez,Delémont,Schweiz,Route de Rossemaison 48,,,,,,2500,85.4,2585.4,hcp
novonordisk,Anitha Bossi Vilan,Küsnacht ZH,Schweiz,Schiffliweg 7,,,,,160,,,160,hcp
novonordisk,Anja Evangelisti,Jegenstorf,Schweiz,Bernstr. 41,,,,,585,,,585,hcp
novonordisk,Anna Lauber Biason,Fribourg,Schweiz,Chemin du Musée 7,,,,674,5255,,,5929,hcp
novonordisk,Anne Righetti Nedir,Clarens,Schweiz,Rue du Lac 142,,,,772,1263,,,2035,hcp
novonordisk,Anoosh Ghavami,Genève,Schweiz,Rue de Moillebeau 33,,,,255,629,,,884,hcp
novonordisk,Arnika Ryff-de Lèche,Basel,Schweiz,Gellertstr. 142,,,,,1434,,,1434,hcp
novonordisk,Augusto Bernasconi,Lugano,Schweiz,Via Serafino Balestra 27,,,,159,196,,,355,hcp
novonordisk,Barbara Lucchini,St. Gallen,Schweiz,Rorschacherstr. 95,,,,299,617,2500,179.2,3595.2,hcp
novonordisk,Beat Müller,Aarau,Schweiz,Tellstr.,,,,772,4118,,,4890,hcp
novonordisk,Beat Schwegler,Baar,Schweiz,Landhausstr. 11,,,,523,4004,3000,,7527,hcp
novonordisk,Beatrice Kuhlmann,Basel,Schweiz,Hirzbodenweg 48,,,,328,1127,,,1455,hcp
novonordisk,Béatrice Neuffer-Bajetta,Chiasso,Schweiz,Piazza Indipendenza 4,,,,954,1984,,,2938,hcp
novonordisk,Benoît Meusy,Delémont,Schweiz,Route de Rossemaison 48,,,,,160,,,160,hcp
novonordisk,Bernard Chappuis,Burgdorf,Schweiz,Oberburgstr. 54,,,,330,808,,,1138,hcp
novonordisk,Bertrand Jacot Des Combes,Genève,Schweiz,Avenue de la Roseraie 76,,,,711,1547,,,2258,hcp
novonordisk,Bettina Koehler-Ballan,Genève,Schweiz,Chemin de Beau-Soleil 22,,,,159,340,,,499,hcp
novonordisk,Bettina Winzeler,Basel,Schweiz,Petersgraben 4,,,,550,676,2500,,3726,hcp
novonordisk,Birsen Arici,Rheinfelden,Schweiz,Riburgerstr. 12,,,,205,1751,,,1956,hcp
novonordisk,Carlo-Enrico Pusterla,Ligornetto,Schweiz,Via Lorenzo Vela,,,,255,714,,,969,hcp
novonordisk,Carolie Kretschmer,Luzern,Schweiz,Spitalstr. 40,,,,,,1600,,1600,hcp
novonordisk,Caroline Wackernagel,Aarau,Schweiz,Laurenzentorgasse 8,,,,,160,,,160,hcp
novonordisk,Céline Michèle Girardin,Onex,Schweiz,Route De Chancy 98,,,,328,1091,,,1419,hcp
novonordisk,Chantal Catzeflis,Gland,Schweiz,Rue des Alpes 2,,,,441,1547,,,1988,hcp
novonordisk,Charly Bulliard,Estavayer-le-Lac,Schweiz,Rue de la Rochette,,,,505,4455,,,4960,hcp
novonordisk,Chen Haw-Tzer,Genève,Schweiz,Av. Wendt 28,,,,,,1600,,1600,hcp
novonordisk,Chiara Ferrario,Renens,Schweiz,Av. du quatorze Avril 12,,,,,,2300,,2300,hcp
novonordisk,Christian Frei,Zürich,Schweiz,Frymannstr. 21,,,,254,399,,,653,hcp
novonordisk,Christine Aebi,Biel/Bienne,Schweiz,Bahnhofstr. 7,,,,473,712,,,1185,hcp
novonordisk,Christoph Herkommer,Ringgenberg,Schweiz,Hagenstr. 22,,,,,,800,,800,hcp
novonordisk,Christoph Saner,Basel,Schweiz,Spitalstr. 33,,8000,,,,,,8000,hcp
novonordisk,Claudia Cavelti-Weder,Basel,Schweiz,Petersgraben 4,,,,772,1751,,,2523,hcp
novonordisk,Claudia Katschnig,Zürich,Schweiz,Möhrlistr. 69,,,,504,,,,504,hcp
novonordisk,Claudio Büsser,Gossau SG,Schweiz,Lerchenstr. 32,,,,436,1258,,,1694,hcp
novonordisk,Comasia Raguso,Genève,Schweiz,Rue de la Terrassière 58,,,,1008,1657,,,2665,hcp
novonordisk,Corinne Isoz,Genève,Schweiz,Rue Baudit 6,,,,711,1560,,,2271,hcp
novonordisk,Corinne Schafroth,Liestal,Schweiz,Gartenstr. 8,,,,,160,,,160,hcp
novonordisk,Corrado Molo,Bellinzona,Schweiz,Viale Stazione 23,,,,255,561,,,816,hcp
novonordisk,Cristina Pin,Genève,Schweiz,Chemin de Beau-Soleil 22,,,,159,340,,,499,hcp
novonordisk,Dagmar l'Allemand-Jander,St. Gallen,Schweiz,Claudiusstr. 6,,,,328,747,,,1075,hcp
novonordisk,Dana Roulin,Lausanne,Schweiz,Av. de Rumine 35,,,,,,800,,800,hcp
novonordisk,Daniel Bossard,Rolle,Schweiz,Av. de la Gare 1,,,2000,,,,,2000,hcp
novonordisk,Daniel Konrad,Zürich,Schweiz,Steinwiesstr. 75,,,,1125,5632,,,6757,hcp
novonordisk,Daniel Noth,Unterseen,Schweiz,Spitalweg 1,,,500,346,3868,3000,,7714,hcp
novonordisk,Daniel Walser,Münsterlingen,Schweiz,Spitalcampus 1,,,,660,567,,,1227,hcp
novonordisk,Daniel Zimmermann,Affoltern am Albis,Schweiz,Zürichstr. 67,,,,436,1482,,,1918,hcp
novonordisk,Daniela Sofrà,Lausanne,Schweiz,Avenue de la Gare 11,,,,255,485,7900,,8640,hcp
novonordisk,Dejan Maric,Brugg AG,Schweiz,Fröhlichstr. 51,,,,254,360,,,614,hcp
novonordisk,Demetrio Pitarch,Boncourt,Schweiz,La Ruatte 4A,,,,,,800,,800,hcp
novonordisk,Dimitrios Tsakiris,Basel,Schweiz,Petersgraben 4,,,,,616.5,,,616.5,hcp
novonordisk,Dominik Marti,Basel,Schweiz,Rütimeyerplatz 9,,,,254,360,,,614,hcp
novonordisk,Dominique Hegelbach,Petit-Lancy,Schweiz,Av. des Grandes-Communes 8,,,,,,800,,800,hcp
novonordisk,Doris de Marco Stalder,Bern,Schweiz,Seilerstr. 8,,,,550,820,,,1370,hcp
novonordisk,Edward Kunz,Versoix,Schweiz,Route de Suisse 62,,,,,160,,,160,hcp
novonordisk,Elisabetta Andreani Safwan,Bellinzona,Schweiz,Viale Stazione 30,,,,299,632,,,931,hcp
novonordisk,Emanuel Christ,Basel,Schweiz,Petersgraben 4,,,,,,1500,,1500,hcp
novonordisk,Eric Jacot,Neuchâtel,Schweiz,Rue de l'Hôpital 2,,,,,,1000,,1000,hcp
novonordisk,Eva Boss,Lausanne,Schweiz,Avenue des Jordils 5,,,,254,367,,,621,hcp
novonordisk,Eva Ditrych,Bern,Schweiz,Zähringerstr. 28,,,,,160,,,160,hcp
novonordisk,Fabian Meienberg,Basel,Schweiz,Petersgraben 4,,,,550,900,,,1450,hcp
novonordisk,Fabio Cattaneo,Lugano,Schweiz,Via Soldino 7,,,,299,640,600,,1539,hcp
novonordisk,Fabio Ramelli,Locarno,Schweiz,Via Alfredo Pioda 15,,,,458,273,,,731,hcp
novonordisk,Faruk Hadziselimovic,Liestal,Schweiz,Bahnhofplatz 11,,,,,189,,,189,hcp
novonordisk,Felix Kühn,Luzern,Schweiz,Weggisgasse 40,,,,436,1482,2000,,3918,hcp
novonordisk,Francois Farron,Delémont,Schweiz,Faubourg des Capucins 30,,,,222,366,,,588,hcp
novonordisk,François Kuntschen,Monthey,Schweiz,Avenue de la Gare 36,,,,222,420,,,642,hcp
novonordisk,Fridolin Caduff,Liestal,Schweiz,Rathausstr. 24,,,,550,900,,,1450,hcp
novonordisk,Gabriella Arnold-Kunz,Sion,Schweiz,Rue Porte-Neuve 4,,,,772,1216,,,1988,hcp
novonordisk,Gentiane Colque,Biel/Bienne,Schweiz,Bahnhofstr. 7,,,,550,914,,,1464,hcp
novonordisk,Gérald Theintz,Lausanne,Schweiz,Avenue de Sevelin 18,,,,444,787,,,1231,hcp
novonordisk,Giatgen Spinas,Zürich,Schweiz,Rämistr. 100,,,,666,5143,2500,,8309,hcp
novonordisk,Giorgio Ferrario,Riva San Vitale,Schweiz,Via Mons. Sesti 22,,,,359,621,,,980,hcp
novonordisk,Giulio Schiff,Delémont,Schweiz,Rue du Jura 7,,,,,160,,,160,hcp
novonordisk,Giuseppe Ghilardi,Onex,Schweiz,Bois-de-la-Chapelle 95,,,,,,1000,,1000,hcp
novonordisk,Gudrun Neises,Luzern,Schweiz,Pilatusstr. 3a,,,,436,1224,,,1660,hcp
novonordisk,Hans Rudolf Pfander,Zürich,Schweiz,Bahnhofstr. 110,,,,,160,,,160,hcp
novonordisk,Heinz Hengartner,St. Gallen,Schweiz,Claudiusstr. 6,,,,253,524,1000,,1777,hcp
novonordisk,Hermann Schmidt,Naters,Schweiz,Bahnhofstr. 20,,,,,160,,,160,hcp
novonordisk,Humberto Delgado,Gland,Schweiz,La Lignière 5,,,,159,297,,,456,hcp
novonordisk,Inga Hegemann,Zürich,Schweiz,Rämistr. 100,,,,461,904,1000,,2365,hcp
novonordisk,Isabelle Chatton Chambaz,Genève,Schweiz,Boulevard des Philosophes 5,,,,381,698,,,1079,hcp
novonordisk,Isabelle Hagon-Traub,Morges,Schweiz,Chemin du Crêt 2,,,,436,1439,,,1875,hcp
novonordisk,Isabelle Simon-Vermot,Luzern,Schweiz,Schwanenplatz 7,,,,436,1482,,,1918,hcp
novonordisk,Isabelle Suter-Widmer,Sursee,Schweiz,Spitalstr. 16a,,,,550,820,,,1370,hcp
novonordisk,Jan Komor,Liebefeld,Schweiz,Waldeggstr. 47,,,,550,820,,,1370,hcp
novonordisk,Jan-Dirk Studt,Zürich,Schweiz,Rämistr. 100,,,,,260,,,260,hcp
novonordisk,Jean-Claude Vuille,Lausanne,Schweiz,Rue Marterey 56,,,,1284,3585,,,4869,hcp
novonordisk,Jean-Jacques Grimm,Delémont,Schweiz,Rue du Temple 45,,,2000,456,1538,,,3994,hcp
novonordisk,Jean-Marc Ferrara,Yverdon-les-Bains,Schweiz,Rue du Curtil-Maillet 29,,,,711,1557,,,2268,hcp
novonordisk,Jean-Michel Dubuis,Grand-Lancy,Schweiz,Avenue des Communes-Réunies 16,,,,772,478,,,1250,hcp
novonordisk,Jean-Paul Morattel,Chexbres,Schweiz,Chemin de Chauderon 1,,,,254,367,,,621,hcp
novonordisk,Jean-Pierre Lalain,Le Grand-Saconnex,Schweiz,Rue Sonnex 23,,,,,,800,,800,hcp
novonordisk,Jean-Pierre Randin,Lausanne,Schweiz,Avenue de Rumine 35,,,,159,353,1000,,1512,hcp
novonordisk,Jerzy Madon,Zürich,Schweiz,Rämistr. 100,,,,87,334,,,421,hcp
novonordisk,Joachim Karsegard,Grand-Lancy,Schweiz,Avenue des Communes-Réunies 16,,,,159,344,400,,903,hcp
novonordisk,Joachim Klar,Olten,Schweiz,Hauptgasse 18,,,,,569,,,569,hcp
novonordisk,Jolanta Budissek,Vaduz,Schweiz,Landstr. 105,,,,,160,,,160,hcp
novonordisk,Juan Ruiz,Vevey,Schweiz,Boulevard Paderewski 3,,,,,,1500,,1500,hcp
novonordisk,Julie Bucher,Biel/Bienne,Schweiz,Bahnhofstr. 7,,,,550,736,400,,1686,hcp
novonordisk,Julie Refardt,Basel,Schweiz,Petersgraben 4,,,,550,676,,,1226,hcp
novonordisk,Jürg Burgherr,Horw,Schweiz,Gemeindehausplatz 6,,,,,,800,,800,hcp
novonordisk,Karim El-Haschimi,Baden,Schweiz,Bahnhofplatz 1,,,,,,3331.26,,3331.26,hcp
novonordisk,Karin Van der Kooi,Genève,Schweiz,Chemin Bizot 4,,,,255,460,,,715,hcp
novonordisk,Karine Gerster,Zürich,Schweiz,Steinwiesstr. 75,,,,473,916,,,1389,hcp
novonordisk,Katharina Binz,Zürich,Schweiz,Stockerstr. 42,,,,436,854,,,1290,hcp
novonordisk,Kurt Laederach,Niederscherli,Schweiz,Halteneggweg 3,,,,,,1000,,1000,hcp
novonordisk,Lea Slahor,Luzern,Schweiz,Spitalstr. 31,,,,330,820,,,1150,hcp
novonordisk,Ludmilla But,Basel,Schweiz,Spitalstr. 33,,,,136,453,,,589,hcp
novonordisk,Lukas Burget,Luzern,Schweiz,Spitalstr. 31,,,,436,1000,,,1436,hcp
novonordisk,Lyana Sorgesa,Lugano,Schweiz,Via Serafino Balestra 27,,,,159,411,,,570,hcp
novonordisk,Maï Nguyen Howles,Petit-Lancy,Schweiz,Chemin des Esserts 11B,,,,159,349,,,508,hcp
novonordisk,Manuela Schöb,St. Gallen,Schweiz,Rorschacherstr. 311,,,,,366,,,366,hcp
novonordisk,Marc Donath,Basel,Schweiz,Petersgraben 4,,,,,,6000,,6000,hcp
novonordisk,Marc Egli,Epalinges,Schweiz,Route De La Corniche 1,,,,709,1131,1400,,3240,hcp
novonordisk,Marco Janner,Bern,Schweiz,Falkenhöhenweg 3,,,,328,1384,1500,,3212,hcp
novonordisk,Marcus Schories,Basel,Schweiz,Gellerstr. 142,,,,,,1000,,1000,hcp
novonordisk,Maria Sanduloviciu,Genève,Schweiz,Rue de Lyon 91,,,,636,886,,,1522,hcp
novonordisk,Maria Triantafyllidou,Luzern,Schweiz,Spitalstr. 31,,,,523,1200,,,1723,hcp
novonordisk,Maria Trinidad Martinez,Basel,Schweiz,Petersgraben 4,,,,253,480,1000,,1733,hcp
novonordisk,Maria Zapico,Biel/Bienne,Schweiz,Unionsgasse 14,,,,473,1162,,,1635,hcp
novonordisk,Mariarosaria Lang-Muritano,Zürich,Schweiz,Steinwiesstr. 75,,,,328,926,,,1254,hcp
novonordisk,Marie-Angela Schnyder,Bern,Schweiz,Freiburgstr. 18,,,,1107,4942,,,6049,hcp
novonordisk,Marielle Bily,La Chaux-de-Fonds,Schweiz,Rue de Chasseral 20,,,,222,420,,,642,hcp
novonordisk,Marino Marini,Clarens,Schweiz,Avenue Rousseau 2,,,,159,341,,,500,hcp
novonordisk,Mario Cavallini,Lugano,Schweiz,Piazza Molino Nuovo 8,,,,359,644,,,1003,hcp
novonordisk,Marisa Pinizzotto,Lausanne,Schweiz,Avenue de la Gare 1,,,,159,373,,,532,hcp
novonordisk,Martin Litzel,Luzern,Schweiz,Spitalstr.,,,,660,38,,,698,hcp
novonordisk,Matteo Prencipe,Osogna,Schweiz,In Gerascia da Sora 3,,,,255,714,,,969,hcp
novonordisk,Matthias Günthard,Winterthur,Schweiz,Lettenstr. 11,,,,,160,,,160,hcp
novonordisk,Melanie Hess,Basel,Schweiz,Spitalstr. 33,,,,772,1751,,,2523,hcp
novonordisk,Michael Egloff,Baden,Schweiz,Im Ergel 1,,,,436,1482,,,1918,hcp
novonordisk,Michael Schwarz-Glocker,Basel,Schweiz,Wiesendamm 22,,,,,,1600,,1600,hcp
novonordisk,Michel Cauderay,Vevey,Schweiz,Boulevard Paderewski 3,,,,222,,,,222,hcp
novonordisk,Michel Goumaz,Genève,Schweiz,Place de Cornavin 18,,,,330,796,,,1126,hcp
novonordisk,Michel Hochuli,Zürich,Schweiz,Rämistr. 100,,,,346,4118,,,4464,hcp
novonordisk,Michel Oberson,Biasca,Schweiz,Piazzetta Cavalier Pellanda 1,,,,159,196,,,355,hcp
novonordisk,Mirjam Dirlewanger,Genève,Schweiz,Rue Willy-Donzé 6,,,,328,1242,,,1570,hcp
novonordisk,Mirjam Frey,Liestal,Schweiz,Gartenstr. 8,,,,,160,,,160,hcp
novonordisk,Monika Horakova,Zürich,Schweiz,Bertastr. 99,,,,254,437,,,691,hcp
novonordisk,Monika Nobel,La Chaux-de-Fonds,Schweiz,Avenue Léopold-Robert 7,,,,436,1174,400,,2010,hcp
novonordisk,Myriam Oberle,Jenaz,Schweiz,Hauptstr. 100,,,,,160,,,160,hcp
novonordisk,Natalia Rudovich,Bülach,Schweiz,Spitalstr. 24,,,,353,1262,,,1615,hcp
novonordisk,Nathalie Pugnale-Verillotte,Fribourg,Schweiz,Rue Saint-Pierre 1,,,,381,768,400,,1549,hcp
novonordisk,Nicola Alexander-David,Bellinzona,Schweiz,Viale Stazione 8,,,,255,714,,,969,hcp
novonordisk,Nicolas Vogel,Prilly,Schweiz,Avenue de Floréal 40,,,,254,367,,,621,hcp
novonordisk,Nicolas Von Der Weid,Genève,Schweiz,Chemin Beau-Soleil 12,,,,255,629,4400,,5284,hcp
novonordisk,Nicolas Xavier von der Weid,Basel,Schweiz,Spitalstr. 33,,,,463,977,1500,,2940,hcp
novonordisk,Nicole Montavon Salomon,Genève,Schweiz,Rue Pédro-Meylan 1,,,,222,420,,,642,hcp
novonordisk,Nicole Nigro,Solothurn,Schweiz,Schöngrünstr. 42,,,,205,1751,,,1956,hcp
novonordisk,Niklaus Kamber,Chur,Schweiz,Gürtelstr. 46,,,,436,1852,,,2288,hcp
novonordisk,Nina Lenherr,Basel,Schweiz,Spitalstr. 33,,,,926,2102,,,3028,hcp
novonordisk,Oliver Christoph Zwermann,Basel,Schweiz,Gellertstr. 142,,,,330,938,,,1268,hcp
novonordisk,Paolo Tonella,Luzern,Schweiz,Spitalstr. 31,,,,328,668,,,996,hcp
novonordisk,Patrick Meyer,Genève,Schweiz,Chemin de Beau-Soleil 22,,,,159,157,,,316,hcp
novonordisk,Patrick-Olivier Rosselet,Lausanne,Schweiz,Rue Bellefontaine 2,,,,330,796,,,1126,hcp
novonordisk,Peter Codoni,Staad SG,Schweiz,Heerweg 2,,,,,160,,,160,hcp
novonordisk,Peter Wiesli,Frauenfeld,Schweiz,Pfaffenholzstr. 4,,,,523,3579,7000,,11102,hcp
novonordisk,Philippe Chassagne,Lausanne,Schweiz,Chemin de Mont-Paisibler 16,,,,,,1000,,1000,hcp
novonordisk,Philippe Cottagnoud,Bern,Schweiz,Schänzlihalde 11,,,,,481,,,481,hcp
novonordisk,Philippe Klee,Genève,Schweiz,Rue Willy-Donzé 6,,,,328,1225,,,1553,hcp
novonordisk,Piero Balice,Bellinzona,Schweiz,Viale Portone 1,,,,444,1036,,,1480,hcp
novonordisk,Pierre-Olivier Cattin,Porrentruy,Schweiz,Rue de Tarascon 14,,,,222,328,,,550,hcp
novonordisk,Pietro Gerber,Lugano,Schweiz,Via Massagno 20,,,,740,1785,,,2525,hcp
novonordisk,Quinto Censi,Mendrisio,Schweiz,Via Luigi Lavizzari 15,,,,359,478,,,837,hcp
novonordisk,Rainer Kobelt,Wabern,Schweiz,Seftigenstr. 240,,,,,436,,,436,hcp
novonordisk,Regula Honegger,Horgen,Schweiz,Seestr. 117,,,,353,1258,4300,,5911,hcp
novonordisk,Renato Kamm,Schwanden,Schweiz,Hauptstr. 42,,,,,,1600,,1600,hcp
novonordisk,René Haldemann,Richterswil,Schweiz,Chrummbächliweg 2,,,,,,1600,,1600,hcp
novonordisk,Renzo Dal Zotto,Neuchâtel,Schweiz,Rue Saint-Honoré 3,,,,255,674,,,929,hcp
novonordisk,Robert Thomann,Solothurn,Schweiz,Schöngrünstr. 42,,,,,,1000,,1000,hcp
novonordisk,Robin Chanda,Bellinzona,Schweiz,Viale Stazione 30,,,,735,2098,,,2833,hcp
novonordisk,Romain Zahnd,Bern,Schweiz,Seilerstr. 8,,,,550,820,400,,1770,hcp
novonordisk,Sabitha Vilan,Zürich,Schweiz,Rotbuchstr. 46,,,,,160,,,160,hcp
novonordisk,Sandra Beer,Lausanne,Schweiz,Avenue de la Gare 11,,,,477,580,,,1057,hcp
novonordisk,Sandra Handgraaf,Genève,Schweiz,Rue Gabrielle-Perret-Gentil 4,,,,255,,,,255,hcp
novonordisk,Sandrine Urwyler,Basel,Schweiz,Petersgraben 4,,,,197,1270,,,1467,hcp
novonordisk,Sara Meyer,Basel,Schweiz,Petersgraben 4,,,,3922,870,,,4792,hcp
novonordisk,Sebastiano Franscella,Viganello,Schweiz,Via Pietro Capelli 9,,,,894,2385,1000,,4279,hcp
novonordisk,Sébastien-Pierre Thalmann,Zürich,Schweiz,Kalanderplatz 1,,,,222,352,800,,1374,hcp
novonordisk,Serge Ferrari,Genève,Schweiz,Rue Gabrielle Perret-Gentil 4,,,,333,,,716,1049,hcp
novonordisk,Sheila Ardigo,Genève,Schweiz,Rue du Nant 4,,,,1116,3211,,,4327,hcp
novonordisk,Silvia Schwab,Burgdorf,Schweiz,Oberburgstr. 54,,,,,,1000,,1000,hcp
novonordisk,Stefan Aczel,St. Gallen,Schweiz,Rorschacherstr. 311,,,,,,1000,,1000,hcp
novonordisk,Stefan Bilz,St. Gallen,Schweiz,Rorschacherstr. 95,,,,,,2000,,2000,hcp
novonordisk,Stefan Fischli,Luzern,Schweiz,Spitalstr. 31,,,,330,820,,,1150,hcp
novonordisk,Stefanie Schwanda,Schlieren,Schweiz,Urdorferstr. 100,,,,550,820,,,1370,hcp
novonordisk,Stephan Suter,Männedorf,Schweiz,Bahnhofstr. 14,,,,550,832,,,1382,hcp
novonordisk,Stéphane Reymond,Les Ponts-de-Martel,Schweiz,Petit-Bois 11,,,,,,400,,400,hcp
novonordisk,Stéphanie Gaillard,Genève,Schweiz,Boulevard des Philosophes 5,,,,931,1505,,,2436,hcp
novonordisk,Svetlana Beglinger,Basel,Schweiz,Spitalstr. 33,,,,660,1046,,,1706,hcp
novonordisk,Tamara Diesch,Basel,Schweiz,Spitalstr. 33,,,,710,4172,,,4882,hcp
novonordisk,Tarcisio Bianda,Ascona,Schweiz,Via Collina 4,,,,359,695,,,1054,hcp
novonordisk,Tatiana Daneva,Carouge GE,Schweiz,Avenue Cardinal-Mermillod 5,,,,658,1859,,,2517,hcp
novonordisk,Thomas Lehmann,St. Gallen,Schweiz,Frohbergstr. 3,,,,,,1000,,1000,hcp
novonordisk,Thomas Näf-Rudin,Zweisimmen,Schweiz,Karl Haueter-Str. 21,,,,,,450,,450,hcp
novonordisk,Thomas Thurneysen,Blonay,Schweiz,Chemin du Lacuez 8a,,,,254,367,,,621,hcp
novonordisk,Thomas Wagels,Frauenfeld,Schweiz,Eisenwerkstr. 49,,,,,160,,,160,hcp
novonordisk,Thomas Wyss,Genève,Schweiz,Avenue de Champel 6,,,,353,1439,,,1792,hcp
novonordisk,Tiziana Gozzi Graf,St. Gallen,Schweiz,Claudiusstr. 6,,,,657,367,,,1024,hcp
novonordisk,Tomas Hrasko,Biel/Bienne,Schweiz,Mühlebrücke 2,,,,550,924,,,1474,hcp
novonordisk,Tomislav Simic,Solothurn,Schweiz,Bielstr. 109,,,,,,1600,,1600,hcp
novonordisk,Ulrich Egermann,Winterthur,Schweiz,Lagerhausstr. 9,,,,,,1000,,1000,hcp
novonordisk,Urs Beat Gröflin,Binningen,Schweiz,Hauptstr. 3,,,,,535,1600,,2135,hcp
novonordisk,Urs Güntensperger,Bülach,Schweiz,Zürichstr. 35,,,,,160,,,160,hcp
novonordisk,Urs Knobel,Wetzikon ZH,Schweiz,Spitalstr. 66,,,,550,820,,,1370,hcp
novonordisk,Urs Schumacher,Emmenbrücke,Schweiz,Gerliswilstr. 74,,,,113,508,,,621,hcp
novonordisk,Urs Willi Zumsteg,Basel,Schweiz,Spitalstr. 33,,,,444,502,,,946,hcp
novonordisk,Ursina Probst-Scheidegger,Winterthur,Schweiz,Brauerstr. 15,,,,533,2679,,,3212,hcp
novonordisk,Valerio Camponovo,Chiasso,Schweiz,Corso San Gottardo 8,,,,255,561,,,816,hcp
novonordisk,Vincent Guggi,Payerne,Schweiz,Rue de Guillermaux 8,,,,255,561,500,,1316,hcp
novonordisk,Vincenzo Liguori,Pambio-Noranco,Schweiz,Via Cantonale 34,,,,,,500,,500,hcp
novonordisk,Vojtech Pavlicek,Münsterlingen,Schweiz,Spitalcampus 1,,,,523,3579,2000,,6102,hcp
novonordisk,Walter Vetsch,Genève,Schweiz,Rue de Frontenex 100,,,,,,800,,800,hcp
novonordisk,Yves-Marie Wasem,Morges,Schweiz,Av. du Moulin 3,,,,,,1600,,1600,hcp
