company,name,location,country,address,uci,donations_grants,sponsorship,registration_fees,travel_accommodation,fees,related_expenses,total,type
orion,AMACTI,Lugano,Schweiz,"c/o Cardiocentro Ticino, Via Tesserete 48",,3500,,,,,3500,7000,hco
orion,Cardiocentro Ticino,Lugano,Schweiz,Via Tesserete 48,,12000,,,,,12000,24000,hco
orion,Cardiovascular and Thoracic Anaesthesia group SGAR,Zürich,Schweiz,,,1500,,,,,1500,3000,hco
orion,CHUV,Lausanne,Schweiz,Rue du Bugnon 46,,1500,,,,,1500,3000,hco
orion,CHUV,Lausanne,Schweiz,Rue du Bugnon 46,,400,,,,,400,800,hco
orion,CHUV,Lausanne,Schweiz,Rue du Bugnon 46,,1000,,,,,1000,2000,hco
orion,CHUV,Lausanne,Schweiz,Rue du Bugnon 46,,4000,,,,,4000,8000,hco
orion,Forschungsstiftung Klinik Hirslanden AG,Zürich,Schweiz,Seefelstr. 214,,1100,,,,,1100,2200,hco
orion,Forschungsstiftung Klinik Hirslanden AG,Zürich,Schweiz,Seefelstr. 214,,1000,,,,,1000,2000,hco
orion,GECOR - Fondation pour la recherche de la Cardiologie Universitaire de Genève,Genève,Schweiz,"c/o HUG, Rue Gabrielle-Perret-Gentil 4",,2500,,,,,2500,5000,hco
orion,HFR Hôpital cantonal,Fribourg,Schweiz,,,2000,,,,,2000,4000,hco
orion,Hirslanden Klinik Aarau,Aarau,Schweiz,Schänisweg,,2600,,,,,2600,5200,hco
orion,Hôpital du Valais,Sion,Schweiz,Ave. du Grand-Champsec 80,,2500,,,,,2500,5000,hco
orion,Hôpital Intercantonal de la Broye,Estavayer-le-Lac,Schweiz,Rue de la Rochette,,700,,,,,700,1400,hco
orion,HUG Hôpitaux Universitaires de Genève,Genève,Schweiz,Rue Gabrielle-Perret-Gentil 4,,1000,,,,,1000,2000,hco
orion,HUG Hôpitaux Universitaires de Genève,Genève,Schweiz,Rue Gabrielle-Perret-Gentil 4,,600,,,,,600,1200,hco
orion,HUG Hôpitaux Universitaires de Genève,Genève,Schweiz,Rue Gabrielle-Perret-Gentil 4,,600,,,,,600,1200,hco
orion,HUG Hôpitaux Universitaires de Genève,Genève,Schweiz,Rue Gabrielle-Perret-Gentil 4,,600,,,,,600,1200,hco
orion,HUG Hôpitaux Universitaires de Genève,Genève,Schweiz,Rue Gabrielle-Perret-Gentil 4,,600,,,,,600,1200,hco
orion,HUG Hôpitaux Universitaires de Genève,Genève,Schweiz,Rue Gabrielle-Perret-Gentil 4,,1536,,,,,1536,3072,hco
orion,Inselspital,Bern,Schweiz,,,3000,,,,,3000,6000,hco
orion,Inselspital,Bern,Schweiz,,,1500,,,,,1500,3000,hco
orion,Inselspital,Bern,Schweiz,,,2000,,,,,2000,4000,hco
orion,Kantonsspital Baselland,Liestal,Schweiz,Mühlemattstr. 26,,1000,,,,,1000,2000,hco
orion,Kantonsspital Graubünden,Chur,Schweiz,Loestr. 179,,500,,,,,500,1000,hco
orion,Kantonsspital St. Gallen,St. Gallen,Schweiz,Rorschacherstr. 95,,1000,,,,,1000,2000,hco
orion,Kantonsspital St. Gallen,St. Gallen,Schweiz,Rorschacherstr. 95,,1800,,,,,1800,3600,hco
orion,Kantonsspital Winterthur,Winterthur,Schweiz,Bauerstr. 15,,2000,,,,,2000,4000,hco
orion,Klinik Sonnenhof,Bern,Schweiz,Buchserstr. 30,,254,,,,,254,508,hco
orion,Luzerner Kantonsspital,Luzern,Schweiz,Spitalstr.,,1000,,,,,1000,2000,hco
orion,Luzerner Kantonsspital,Wolhusen,Schweiz,,,200,,,,,200,400,hco
orion,Maquet AG,Gossau,Schweiz,Wilerstr. 75,,1750,,,,,1750,3500,hco
orion,Pflegeakademie,Liestal,Schweiz,"c/o LH Medical Managemenet GmbH, Postfach 278",,2500,,,,,2500,5000,hco
orion,Schweizerische Gesellschaft für Anästhesiepflege,Sursee,Schweiz,Bahnhofstr. 7b,,2160,,,,,2160,4320,hco
orion,SGAR Schweizerische Gesellschaft für Anästhesiologie und Reanimation,Bern,Schweiz,Rabbentalstr. 83,,20796,,,,,20796,41592,hco
orion,SGI Schweizerische Gesellschaft für Intensivmedizin,Basel,Schweiz,"c/o IMK Institut für Medizin und Kommunikation AG, Münsterberg 1",,35000,,,,,35000,70000,hco
orion,SGK Schweizerische Gesellschaft für Kardiologie,Bern,Schweiz,Schwarztorstr. 18,,4590,,,,,4590,9180,hco
orion,Spital Grabs,Grabs,Schweiz,Spitalstr. 44,,1000,,,,,1000,2000,hco
orion,St. Claraspital AG,Basel,Schweiz,Kleinriehenstr. 30,,1500,,,,,1500,3000,hco
orion,Stadtspital Limmattal,Schlieren,Schweiz,Urdorferstr. 100,,1100,,,,,1100,2200,hco
orion,Stiftung für wissenschaftl. Forschung am Stadtspital Triemli,Zürich,Schweiz,Birmensdorferstr. 497,,2200,,,,,2200,4400,hco
orion,Stiftung für wissenschaftl. Forschung am Stadtspital Triemli,Zürich,Schweiz,Birmensdorferstr. 497,800,,,,,,800,800,hco
orion,SWISS ICU Network,Aesch,Schweiz,Aesch,,1500,,,,,1500,3000,hco
orion,Universitätsspital Basel,Basel,Schweiz,Spitalstr. 21,,2000,,,,,2000,4000,hco
orion,Universitätsspital Basel,Basel,Schweiz,Spitalstr. 21,,1300,,,,,1300,2600,hco
orion,Universitätsspital Basel,Basel,Schweiz,Spitalstr. 21,,1000,,,,,1000,2000,hco
orion,UniversitätsSpital Zürich,Zürich,Schweiz,Rämistr. 100,,600,,,,,600,1200,hco
orion,UniversitätsSpital Zürich,Zürich,Schweiz,Rämistr. 100,,800,,,,,800,1600,hco
orion,Vereinigung der Zentralschweizer Ärztegesellschaften,Luzern,Schweiz,Schwanenplatz 7,,2000,,,,,2000,4000,hco
orion,Zurich Heart House,Zürich,Schweiz,Moussonstr. 4,,3500,,,,,3500,7000,hco
orion,Alexander Klarer,Langenthal,Schweiz,"Spital Langenthal, Urbanstr. 67",,,,,700,,700,1400,hcp
orion,Alexane Jeleff,Genève,Schweiz,"HUG, Rue Gabrielle-Perret-Gentil 4",,,280.39,692.92,,,973.31,1946.62,hcp
orion,Aneas Hoffmann,Zürich,Schweiz,"Klinik im Park,Seestr. 220",,,,236.18,,,236.18,472.36,hcp
orion,Benny Osdowski,St. Gallen,Schweiz,"Kantonsspital, Rorschacher Str. 95",,,,,500,,500,1000,hcp
orion,Bernard Krüger,Zürich,Schweiz,"Universitätsspital, Rämistr. 100",,,491.38,434.16,,,925.54,1851.08,hcp
orion,Christine Gstrein,Aarau,Schweiz,"Kantonsspital, Tellstr. 25",,,491.38,1246.93,,,1738.31,3476.62,hcp
orion,Christoph Ganter,Zürich,Schweiz,"Unispital Zürich, Rämistr. 100",,,306.84,1159.17,,,1466.01,2932.02,hcp
orion,Daniel Baur,St. Gallen,Schweiz,"Kantonsspital, Rorschacherstr. 21",,,491.38,990.62,,,1482,2964,hcp
orion,Denis Crausaz,Fribourg,Schweiz,"HFR Fribourg, Chemin des Pensionnats 2-6",,,441.97,215.79,,,657.76,1315.52,hcp
orion,Dominique Bettex,Zürich,Schweiz,"Universitätsspital, Rämistr. 100",,,284.92,454.78,2700,,3439.7,6879.4,hcp
orion,Evelyne Bucher,Zürich,Schweiz,Klinik Hirslanden Witellikerstr. 40,,,,792.73,,,792.73,1585.46,hcp
orion,Frank Hillgärtner,Chur,Schweiz,"Kantonsspital, Löestr. 170",,,196.04,469.47,,,665.51,1331.02,hcp
orion,Fritz Daudel,Bern,Schweiz,"Tiefenauspital,Tiefenaustr. 112",,,196.04,443.67,,,639.72,1279.43,hcp
orion,Jens Fassl,Basel,Schweiz,"Universitätsspital, Petersgraben 4",,,,,800,,800,1600,hcp
orion,Jens Lohrmann,Basel,Schweiz,"Universitätsspital, Petersgraben 4",,,491.38,891.23,,,1382.61,2765.22,hcp
orion,Katrin Müller,Gallen,Schweiz,"Kantonsspital, Rorschacher Str. 95",,,394.51,1145.77,,,1540.28,3080.56,hcp
orion,Lea Tanner,Winterthur,Schweiz,"Kantonsspital Winterthur, Brauerstr. 15",,,,,1500,,1500,3000,hcp
orion,Lukas Brander,Luzern,Schweiz,"Luzerner Kantonspital, Spitalstr.",,,394.51,753.62,,,1148.13,2296.26,hcp
orion,Manfred Seeberger,Zürich,Schweiz,"Institut für Anästhesiologie und Intensivmedizin, Klinik Hirslanden",,,,,1500,,1500,3000,hcp
orion,Manöelle Godio,Sierre,Schweiz,"Hôpital de Sierre, Rue St-Charles 14",,,280.39,302.35,,,582.74,1165.48,hcp
orion,Marco Rusca,Sion,Schweiz,"Hôpital de Sion, Ave. du Grand-Champsec 80",,,471.93,396.73,,,868.67,1737.33,hcp
orion,Marianne Barthelmy,Bern,Schweiz,"Inselspital, Freiburgstr. 18",,,107.6,451.71,,,559.32,1118.63,hcp
orion,Marion Bötschi,Herisau,Schweiz,"Spital Herisau, Spitalstr. 6",,,210.78,491.91,,,702.7,1405.39,hcp
orion,Martin Siegemund,Basel,Schweiz,"Universitätsspital Basel, Petersgraben 4",,,306.84,902.98,1500,,2709.82,5419.64,hcp
orion,Michael Albrecht,Basel,Schweiz,"St. Claraspital, Kleinriehenstr. 30",,,280.39,692.69,,,973.07,1946.15,hcp
orion,Nadja Schai,St. Gallen,Schweiz,"Kantonsspital, Rorschacher Str. 95",,,280.39,968.6,,,1248.99,2497.98,hcp
orion,Patrick Hunziker,Basel,Schweiz,"Universitätsspital, Petersgraben 4",,,280.39,744.95,,,1025.33,2050.67,hcp
orion,Patrik Vanek,Chur,Schweiz,"Kantonsspital Graubünden, Loestr. 170",,,,,1500,,1500,3000,hcp
orion,Peter Gerstl,Wetzikon,Schweiz,"Spital Wetzikon,Spitalstr. 66",,,394.51,767.69,,,1162.2,2324.4,hcp
orion,Raphaël Giraud,Genève,Schweiz,"Hôpitaux Universitaires de Genève (HUG), Rue Gabrielle-Perret-Gentil 4",,,441.97,369.99,800,,1611.97,3223.93,hcp
orion,Raymond Friolet,Sion,Schweiz,"Hôpital de Sion, Ave. du Grand-Champsec 80",,,471.93,377.3,,,849.24,1698.47,hcp
orion,Regula Brodbeck,Aarau,Schweiz,"Kantonsspital Aarau,Tellstr.",,,394.51,996.78,,,1391.29,2782.58,hcp
orion,Roland Knöpfli,Bern,Schweiz,"Klinik Beau-Site, Schänzlihalde 11",,,196.04,400.79,,,596.84,1193.67,hcp
orion,Susanne Horat,Schlieren,Schweiz,Spital Limmattal - Urdorferstr. 100,,,,1039.63,,,1039.63,2079.26,hcp
orion,Susanne Morf,Chur,Schweiz,"Kantonsspital Graubünden, Loestr. 170",,,306.84,834.95,,,1141.79,2283.58,hcp
orion,Sven Ballnus,Biel,Schweiz,"Spitalzentrum Biel AG, Vogelsang 84",,,306.84,163.75,,,470.59,941.18,hcp
orion,Tanja Stucki,Langenthal,Schweiz,"SRO Spital Langenthal, Urbanstr. 67",,,,,800,,800,1600,hcp
orion,Thomas Böker-Blum,Lachen,Schweiz,"Spital Lachen, Oberdorfstr. 41",,,,1292.89,2250,,3542.89,7085.78,hcp
orion,Thomas Böker-Blum,Lachen,Schweiz,"Spital Lachen, Oberdorfstr. 41",,,210.78,478.18,,,688.96,1377.92,hcp
orion,Thomas Ernst,Liestal,Schweiz,"Kantonsspital Baselland Liestal,Rheinstr. 26",,,491.38,1582.6,,,2073.98,4147.96,hcp
orion,Valentin Hinselmann,Aarau,Schweiz,"Hirslanden Klinik Aarau, Schänisweg",,,280.39,810.94,,,1091.33,2182.66,hcp
