company,name,location,country,address,uci,donations_grants,sponsorship,registration_fees,travel_accommodation,fees,related_expenses,total,type
otsuka,Altersheim Allmend,Bad Ragaz,Schweiz,Fläscherstr. 12,,0,1250,0,0,0,0,1250,hco
otsuka,Centrale d'appel Lausanne,Lausanne,Schweiz,Rue du Bugnon 21,,0,0,0,0,750,0,750,hco
otsuka,CHUV,Lausanne,Schweiz,Rue du Bugnon 21,,0,2500,0,0,1000,0,3500,hco
otsuka,CNP-Centre neuchâtelois,Neuchâtel,Schweiz,Rue de Vieux-Châtel 20,,0,1500,0,0,0,0,1500,hco
otsuka,Collegium Internationale Neuro-Psychopharmacologicum,Zürich,Schweiz,Fraumünsterstr. 29,,71435.9,0,0,0,0,0,71435.9,hco
otsuka,Département de Psychiatrie CHUV,Lausanne,Schweiz,Avenue d'Echallens 9,,0,3450,0,0,0,0,3450,hco
otsuka,ESMO European Society for Medical Oncology,Viganello,Schweiz,Via Luigi Taddei 4,,0,59027.4,0,0,0,0,59027.4,hco
otsuka,Externe Psychiatrische Dienste,Solothurn,Schweiz,Weissensteinstr. 102,,0,3250,0,0,0,0,3250,hco
otsuka,Hôpitaux Universitaires Genève,Genève,Schweiz,Rue Gabrielle Perret-Gentil 4,,0,0,0,0,1000,0,1000,hco
otsuka,Inselspital,Bern,Schweiz,Freiburgstr. 18,,0,2500,0,0,0,0,2500,hco
otsuka,Intervisionsgruppe,Lenzburg,Schweiz,Niederl. Kirchweg 3,,0,1000,0,0,0,0,1000,hco
otsuka,Kantonale Psychiatrische Dienste,Wil SG,Schweiz,Zürcherstr. 30,,0,1500,0,0,0,0,1500,hco
otsuka,Kantonsspital Graubünden,Chur,Schweiz,Loestr. 170,,0,0,0,0,2400,71.48,2471.48,hco
otsuka,Kinderspital Zürich,Zürich,Schweiz,Steinwiesstr. 75,,0,500,0,0,0,0,500,hco
otsuka,Klinik Meissenberq AG,Zug,Schweiz,Meisenbergstr. 17,,0,2500,0,0,0,0,2500,hco
otsuka,marketing connection Durtschi Christof,Hünibach,Schweiz,Parkweg 9,,0,8400,0,0,0,0,8400,hco
otsuka,Medizinisches Kompetenzzentrum für ADPKD Hirslanden,Zürich,Schweiz,Witellikerstr. 40,,0,1000,0,0,0,0,1000,hco
otsuka,Ospedale Regionale di Lugano,Lugano,Schweiz,Via Tesserete 46,,0,0,0,0,1000,0,1000,hco
otsuka,Physiologisches Institut,Zürich,Schweiz,Winterthurerstr. 190,,0,0,0,0,6540,0,6540,hco
otsuka,Psychiatrie Baselland,Liestal,Schweiz,Bienentalstr. 7,,0,500,0,0,0,0,500,hco
otsuka,Psychiatriezentrum Münsingen,Münsingen,Schweiz,Hunzigenallee 1,,0,1500,0,0,0,0,1500,hco
otsuka,Psychiatrische Dienste Aargau AG,Windisch,Schweiz,Zürcherstr. 241,,0,1500,0,0,0,0,1500,hco
otsuka,Psychiatrische Dienste Bern(UPD),Bern,Schweiz,Murtenstr. 46,,549.2,0,0,0,162,0,711.2,hco
otsuka,Psychiatrische Uniklinik,Zürich,Schweiz,Lenggstr. 31,,0,7500,0,0,0,0,7500,hco
otsuka,Schweizerische Gesellschaft für Arzneimittelsicher heit in der Psychiatrie,Zürich,Schweiz,Stadelhoferstr. 42,,0,2000,0,0,0,0,2000,hco
otsuka,Service ambulatoire,Monthey,Schweiz,Route de Morgins 10,,0,2600,0,0,1350,0,3950,hco
otsuka,SGV,Winterthur,Schweiz,Industriestr. 24,,0,15000,0,0,0,0,15000,hco
otsuka,Universität Zürich,Zürich,Schweiz,Rämistr. 71,,0,7000,0,0,0,0,7000,hco
otsuka,Université de Genève,Genève,Schweiz,Rue Michel-Servet 1,,0,4000,0,0,0,0,4000,hco
otsuka,UZH Physiologisches Institut,Zürich,Schweiz,Winterthurserstr. 190,,0,0,0,0,2312.38,0,2312.38,hco
otsuka,Andreas Kistler,Frauenfeld,Schweiz,Pfaffenholzstr. 4,,,,0,0,2200,0,2200,hcp
otsuka,Aqal Nawaz Khan,Chêne-Bourg,Schweiz,Chemin du Petit-Bel-Air 2,,,,676.63,800.86,0,0,1477.49,hcp
otsuka,Axel Baumann,Chur,Schweiz,Loestr. 220,,,,302.48,850.61,0,0,1153.09,hcp
otsuka,Beat Nick,Solothurn,Schweiz,Weissensteinstr. 102,,,,0,0,1350,0,1350,hcp
otsuka,Cemaleddin Alicioglu,Huttwil,Schweiz,Spitalstr. 51,,,,302.48,730.77,0,0,1033.25,hcp
otsuka,Clara Kronquist,Windisch,Schweiz,Zürcherstr. 241,,,,0,24.33,0,0,24.33,hcp
otsuka,Daniel Fuster,Bern,Schweiz,Freiburgstr. 15,,,,0,0,1500,0,1500,hcp
otsuka,Daniel Teta,Sion,Schweiz,Avenue Grand-Champsec 80,,,,0,0,1000,0,1000,hcp
otsuka,Erich Seifritz,Zürich,Schweiz,Lenggstr. 31,,,,0,0,1350,0,1350,hcp
otsuka,Fabrizio Marra,Corsier-sur-Vevey,Schweiz,Route De Nant 15,,,,680.58,714.56,0,0,1395.14,hcp
otsuka,Giulia Bedino,Lugano,Schweiz,Via Tesserete 46,,,,339.4,1020.44,1200,0,2559.84,hcp
otsuka,Gregor Hasler,Bern,Schweiz,Bolligenstr. 111,,,,0,0,1350,0,1350,hcp
otsuka,Gustav Andreisek,Zürich,Schweiz,Rämistr. 100,,,,0,0,1000,0,1000,hcp
otsuka,Hardy Koch,Biel/Bienne,Schweiz,Bahnhofstr. 19,,,,302.48,434.23,0,0,736.71,hcp
otsuka,Ingo Butzke,Münsingen,Schweiz,Hunzigenallee 1,,,,0,46.85,1350,0,1396.85,hcp
otsuka,Jasminka Cvetanovic,St. Gallen,Schweiz,Neugasse 30,,,,540.15,755.87,0,0,1296.02,hcp
otsuka,Jolanta Dudczak,Thun,Schweiz,Krankenhausstr. 12,,,,0,273.03,0,0,273.03,hcp
otsuka,Jörg Bitter,Wil SG,Schweiz,Zürcherstr. 30,,,,540.15,736.26,0,0,1276.41,hcp
otsuka,Julien Elowe,Prangins,Schweiz,Chemin Oscar Forel 3,,,,587.55,820.75,0,0,1408.3,hcp
otsuka,Katrin Hanno,Aarau,Schweiz,Bleichemattstr. 16,,,,0,127.72,0,0,127.72,hcp
otsuka,Logos Simian Curtis,Genève,Schweiz,Rue du Grand-Pré 70,,,,587.56,797.89,0,0,1385.45,hcp
otsuka,Luis Alameda,Lausanne,Schweiz,Rue de la Caroline 2,,,,0,926.03,0,0,926.03,hcp
otsuka,Magdalena Lehmann,Windisch,Schweiz,Zürcherstr. 241,,,,0,-91.15,0,0,-91.15,hcp
otsuka,Marco Gebbers,Windisch,Schweiz,Zürcherstr. 241,,,,0,0,1000,0,1000,hcp
otsuka,Matthias Hilpert,Windisch,Schweiz,Zürcherstr. 241,,,,302.48,755.37,0,0,1057.85,hcp
otsuka,Michael Prapotnik,Buchs SG,Schweiz,Bahnhofstr. 43,,,,540.15,222.46,0,0,762.61,hcp
otsuka,Olivier Phan,Lausanne,Schweiz,Rue du Bugnon 17,,,,0,0,1200,0,1200,hcp
otsuka,Örs Dömösi,Trübbach,Schweiz,Hauptstr. 27,,,,0,221.05,0,0,221.05,hcp
otsuka,Philipp Eich,Liestal,Schweiz,Bienentalstr. 7,,,,0,0,2550,0,2550,hcp
otsuka,Pierre-Yves Martin,Genève,Schweiz,Rue Gabrielle-Perret-Gentil 4,,,,188.57,1411.72,0,0,1600.29,hcp
otsuka,Pietro Cippà,Zürich,Schweiz,Rämistr. 100,,,,340.7,1006.74,0,0,1347.44,hcp
otsuka,Rafael Traber,Viganello,Schweiz,Via Luganetto 5,,,,0,96.78,1350,0,1446.78,hcp
otsuka,Reto Venzin,Chur,Schweiz,Loestr. 170,,,,189.27,1093.27,1000,0,2282.54,hcp
otsuka,Rudolf Peter Wüthrich,Zürich,Schweiz,Rämistr. 100,,,,0,628.75,1000,0,1628.75,hcp
otsuka,Sharon-Rose Wassmer,Luzern,Schweiz,Spitalstr.,,,,340.71,785.92,0,0,1126.63,hcp
otsuka,Sophie de Seigneux,Genève,Schweiz,Rue Gabrielle-Perret-Gentil 4,,,,0,0,1000,0,1000,hcp
otsuka,Stefan Farese,Solothurn,Schweiz,Schöngrünstr. 42,,,,0,0,1200,0,1200,hcp
otsuka,Stefan Kaiser,Zürich,Schweiz,Lenggstr. 31,,,,0,0,1170,0,1170,hcp
otsuka,Svetlana Kolakovic Mihajlovic,Solothurn,Schweiz,Weissensteinstr. 102,,,,572.56,755.52,0,0,1328.08,hcp
otsuka,Thomas Neuhaus,Luzern,Schweiz,Spitalstr.,,,,0,0,1000,0,1000,hcp
otsuka,Thomas Pauli,Wil SG,Schweiz,Zürcherstr. 30,,,,540.15,755.87,0,0,1296.02,hcp
otsuka,Uyen Huynh-Do,Bern,Schweiz,Freiburgstr. 15,,,,0,0,1000,0,1000,hcp
