company,name,location,country,address,uci,donations_grants,sponsorship,registration_fees,travel_accommodation,fees,related_expenses,total,type
pfizer,ADEL Association D'Esculape En Lavaux,Lutry,Schweiz,Grand-Rue 22,,,500,,,,,500,hco
pfizer,akj Fachverband Adipositas,Aarau,Schweiz,Herzogstr. 1,,,2160,,,,,2160,hco
pfizer,Ameisen Apotheke AG,Flawil,Schweiz,Magdenauerstr. 10,,,,,,1296,,1296,hco
pfizer,AMITI Associazione Medici Internisti del Canton Ticino,Paradiso,Schweiz,Via Guisan 10,,,1000,,,,,1000,hco
pfizer,Apothekerverband Kantons Zürich,Zürich,Schweiz,Rotbuchstr. 83,,,5000,,,,,5000,hco
pfizer,APSI Associazione Pediatri della Svizzera Italiana,Mendrisio,Schweiz,Via Beroldingen 26,,,2700,,,,,2700,hco
pfizer,Ärzte Thalwil,Thalwil,Schweiz,Rudishaldenstr. 1,,,2000,,,,,2000,hco
pfizer,Ärztegesellschaft Luzern,Luzern,Schweiz,Schwanenplatz 7,,,2000,,,,,2000,hco
pfizer,Ärztekongress Arosa,Arosa,Schweiz,Postfach 68,,,10109,,,,,10109,hco
pfizer,Ärztenetzwerk Oberes Emmental,Langnau im Emmental,Schweiz,Lindenstr. 7,,,1000,,,,,1000,hco
pfizer,Ärzteverein Davos,Davos Platz,Schweiz,Promenade 33a,,,3000,,,,,3000,hco
pfizer,Ärzteverein Leimental,Binningen,Schweiz,Hauptstr. 35,,,,,,800,,800,hco
pfizer,Ärzteverein Werdenberg/Sargans,Sargans,Schweiz,Bahnhofstr. 6,,,2376,,,,,2376,hco
pfizer,Associazione Mendrisio Medical Meeting,Bedano,Schweiz,Via Belvedere 10,,,1500,,,,,1500,hco
pfizer,Berner Institut für Hausarztmedizin,Bern,Schweiz,Gesellschaftsstr. 49,,,7020,,,,,7020,hco
pfizer,Bethesda Spital AG,Basel,Schweiz,Gellertstr. 144,,,4000,,,,,4000,hco
pfizer,Blutspende SRK Schweiz AG,Bern,Schweiz,Laupenstr. 37,,,2000,,,,,2000,hco
pfizer,BMR Biomedical Research AG,Liestal,Schweiz,Oristalstr. 29,,,2160,,,,,2160,hco
pfizer,Bonadea AG,Wald ZH,Schweiz,Sonneckstr. 1,,,,,,1296,,1296,hco
pfizer,Breast Cancer Study Group,Bern,Schweiz,Effingerstr. 40,,10870,,,,,,10870,hco
pfizer,Brust-Zentrum Zürich,Zürich,Schweiz,Seefeldstr. 214,,,6912,,,,,6912,hco
pfizer,Bündner Oberländer Ärzteverein,Vella,Schweiz,Sumsiaras 117b,,,2000,,,,,2000,hco
pfizer,Cabinet Dr Guttmann / Dr Schürch,Lausanne,Schweiz,Avenue de la Gare 10,,,600,,,,,600,hco
pfizer,Cabinet Dr Weber Roger,St-Imier,Schweiz,Rue des Fontenayes 17,,,1496,,,,,1496,hco
pfizer,CAP Club Pharmaciens animateurs de Suisse,Nyon,Schweiz,Rue Juste-Olivier,,,3240,,,,,3240,hco
pfizer,Centre Competence Rhumatologie SA,Sierre,Schweiz,Place Beaulieu 10,,,,,,910,,910,hco
pfizer,CHUV Centre Hospitalier Universitaire Vaudois,Lausanne,Schweiz,Rue du Bugnon 46,,2660,41532,617,8426,26367,770,80372,hco
pfizer,Circolo di Qualita PMB,Riva San Vitale,Schweiz,Via alle Pianche 5,,,700,,,,,700,hco
pfizer,Circolo medico di Locarno,Ascona,Schweiz,Via Lido 27,,,1500,,,,,1500,hco
pfizer,Clinique romande de réadaptation,Sion,Schweiz,Avenue Grand-Champsec 90,,,4860,,,,,4860,hco
pfizer,Coalat,Lausanne,Schweiz,Rue du Bugnon 46,,,3000,,,,,3000,hco
pfizer,Collège Médecine Premier Recours,Fribourg,Schweiz,Rue de l'Hôpital 15,,,8100,,,,,8100,hco
pfizer,DiaMon Dr. Villiger Lukas,Dättwil AG,Schweiz,Mellingerstr. 207,,,,,,850,,850,hco
pfizer,DOXnet Ärztenetzwerk Bern Nord / West,Hinterkappelen,Schweiz,Kappelenring 6,,,1000,,,,,1000,hco
pfizer,Dr Ouwerkerk AG,Baar,Schweiz,Blegistr. 5,,17731,12960,,,,,30691,hco
pfizer,Drugshortage. ch,Matten b. Interlaken,Schweiz,Lärchenweg 13,,,400,,,,,400,hco
pfizer,ESMO European Society for Medical Oncology,Viganello-Lugano,Schweiz,Via Luigi Taddei 4,,17223,1295717,,,2417,,1315357,hco
pfizer,EULAR - Europäische Rheumaliga,Kilchberg ZH,Schweiz,Seestr. 240,,,761324,,,,,761324,hco
pfizer,European Dermatology Forum,Zürich,Schweiz,Gloriastr. 31,,,48102,,,,,48102,hco
pfizer,Fondation Cansearch,Thônex,Schweiz,Chemin Pont-Perrin 6,,1000,,,,,,1000,hco
pfizer,Fondation Centre de Chimiothérapie Anti-Cancéreuse / p. a. CCAC SA,Lausanne,Schweiz,Avenue Alexandre-Vinet 19b,,,1000,,,,,1000,hco
pfizer,Fondation des Grangettes,Chêne-Bougeries,Schweiz,"7, Chemin des Grangettes",,,1400,,,,,1400,hco
pfizer,Fondation GECOR,Genève,Schweiz,Rue Micheli-du-Crest 24,,,9250,,,1400,,10650,hco
pfizer,Fondation pour le progres en microbiologie medicale et maladies infectieuses / p. a. Fiducaire Maillard S. A.,Lausanne,Schweiz,Pont Charles Bessieres 3,,,10800,,,,,10800,hco
pfizer,Fondation Rhumatisme Enfants,Etoy,Schweiz,Route de la Plantay 87,,,3000,,,,,3000,hco
pfizer,FoROMe Formation romande en oncologie medicale,Vugelles-Ia-Mothe,Schweiz,Route de l'Arnon 16,,,2500,,,,,2500,hco
pfizer,Fortbildungsgruppe Adler,Steckborn,Schweiz,Storchengässli 2,,,1000,,,,,1000,hco
pfizer,Forum für medizinische Fortbildung,Zug,Schweiz,Ahornstr. 2,,,7776,,,,,7776,hco
pfizer,Frauenklinik des Inselspital,Bern,Schweiz,Effingerstr. 102,,,1620,,,,,1620,hco
pfizer,Gesundes Rheintal,Widnau,Schweiz,Zinggenstr. 3A,,,2500,,,,,2500,hco
pfizer,Groupe Rhumatologues Genevois,Genève,Schweiz,Rue Merle-d'Aubigné 22,,,1200,,,,,1200,hco
pfizer,Groupe Rhumatologues Vaudois GRV,Lausanne,Schweiz,Avenue de Provence 12,,,2000,,,,,2000,hco
pfizer,Gruppo Medico Formazione,Roveredo GR,Schweiz,San Fedele,,,3300,,,,,3300,hco
pfizer,GSASA Schweizerischer Verein der Amts- und Spitalapotheker,Bern,Schweiz,Gsasa,,,12960,,,,,12960,hco
pfizer,GSMN AG Privatklinik Bethanien,Zürich,Schweiz,Toblerstr. 51,,500,,,,,,500,hco
pfizer,Herzpraxis Warteckhof,Basel,Schweiz,Grenzacherstr. 62,,,800,,,,,800,hco
pfizer,Herzzentrum Hirslanden Zentralschweiz,Luzern,Schweiz,St. Annastr. 32,,,5400,,,,,5400,hco
pfizer,HFR Fribourg-Hôpital Cantonal,Fribourg,Schweiz,Chemin des Pensionnats 2,,,6500,433,695,630,,8258,hco
pfizer,HICC Haemostasis in Critical Care GmbH,St. Gallen,Schweiz,Frohbergstr. 3,,,5940,,,,,5940,hco
pfizer,Hôpital du Jura,Delémont,Schweiz,Faubourg des Capucins 30,,,3500,,,,,3500,hco
pfizer,Hôpital du Val-de-Ruz,Fontaines,Schweiz,Route de Landeyeux,,,6000,,,280,,6280,hco
pfizer,Hôpital du Valais,St. Maurice,Schweiz,Vers-Saint-Ame 10,,,6480,,,,,6480,hco
pfizer,Hôpital Neuchâtelois Pourtales,Neuchâtel,Schweiz,Rue de la Maladière 45,,,,,,300,,300,hco
pfizer,Hôpital Riviera Chablais VD-VS Blonay,Blonay,Schweiz,Chemin de Mottex 25,,,3780,,,,,3780,hco
pfizer,Hôpital Riviera Chablais VD-VS,Vevey,Schweiz,Boulevard Paderewski 3,,,,,,500,,500,hco
pfizer,Hôpital Saint-Loup,Pompaples,Schweiz,St-Loup 1,,,1700,,,,,1700,hco
pfizer,Hormon Zentrum Zürich AG,Zürich,Schweiz,Witellikerstr. 36,,,2000,,,,,2000,hco
pfizer,HUG Hôpitaux Universitaires Genève,Genève,Schweiz,Rue Gabrielle Perret-Gentil 4,,2400,14500,,,,,16900,hco
pfizer,IBDnet,Zürich,Schweiz,Postfach,,,25000,,,,,25000,hco
pfizer,Insel Gruppe AG,Bern,Schweiz,Freiburgstr. 18,,4320,41688,,,14388,,60396,hco
pfizer,Institut für Hausarztmedizin IHAM,Liestal,Schweiz,Rheinstr. 26,,,6500,,,,,6500,hco
pfizer,Institut für Pathologie,Basel,Schweiz,Schönbeinstr. 40,,,,,,3328,,3328,hco
pfizer,Institut für Pharmakologie,Bern,Schweiz,Friedbühlstr. 49,,2500,32400,,,,,34900,hco
pfizer,Institution de Lavigny,Lavigny,Schweiz,Route du Vignoble 60,,,1000,,,,,1000,hco
pfizer,IUOK Interdisziplinäre uro-onkologische Kolloquium,Lindau,Schweiz,Fischeracherstr. 17,,,2160,,,,,2160,hco
pfizer,JHaS Junge Hausärztinnen und,Bronschhofen,Schweiz,Mörikonerstr. 8,,,7128,,,,,7128,hco
pfizer,Kantonsspital Aarau AG,Aarau,Schweiz,Tellstr. 25,,,8776,492,5801,7629,1205,23903,hco
pfizer,Kantonsspital Baden AG,Baden,Schweiz,Im Ergel 1,,,,,,1000,,1000,hco
pfizer,Kantonsspital Baselland,Liestal,Schweiz,Mühlemattstr. 26,,,4860,,,,,4860,hco
pfizer,Kantonsspital Graubünden,Chur,Schweiz,Loestr. 170,,,5500,727,5923,2800,,14950,hco
pfizer,Kantonsspital Nidwalden,Stans,Schweiz,Ennetmooserstr. 19,,,,427,431,,,858,hco
pfizer,Kantonsspital St. Gallen,St. Gallen,Schweiz,Rorschacherstr. 95,,,29700,484,782,13619,420,45005,hco
pfizer,Kantonsspital Winterthur,Winterthur,Schweiz,Postfach 8,,5400,1620,,,300,,7320,hco
pfizer,Kinderärzte Schweiz,Zürich,Schweiz,Badenerstr. 21,,,10560,,,,,10560,hco
pfizer,Klinik Impuls,Wetzikon ZH,Schweiz,Bahnhofstr. 137,,,1500,,,,,1500,hco
pfizer,Kliniken Valens,Valens,Schweiz,Taminaplatz 1,,,4320,,,,,4320,hco
pfizer,Kollegium Brustkrebs,Zürich,Schweiz,Ringstr. 70,,,5400,,,,,5400,hco
pfizer,Lenker Woche,Zweisimmen,Schweiz,Karl Haueterstr.,,,2000,,,,,2000,hco
pfizer,LGID Liver and Gastrointestinal Disease Foundation,Zürich,Schweiz,Seehofstr. 4,,,1000,,,,,1000,hco
pfizer,Löwenpraxis,Luzern,Schweiz,Zürichstr. 12,,,2500,,,,,2500,hco
pfizer,Luzerner Kantonsspital,Luzern,Schweiz,Spitalstr. 31,,5000,12520,,,10573,,28093,hco
pfizer,Médecins de famille et de l'enfance,Cortaillod,Schweiz,Rue de la Fin 14,,,1500,,,,,1500,hco
pfizer,Médecins de Famille Genève,Genève,Schweiz,Rue du Conseil-Général 11,,,2000,,,,,2000,hco
pfizer,MediService AG,Zuchwil,Schweiz,Ausserfeldweg 1,,,,,,77933,,77933,hco
pfizer,Oberwalliser Ärztegesellschaft,Brig,Schweiz,Sandmattenstr. 6,,,2000,,,,,2000,hco
pfizer,Oncologia Varini Calderoni Christinat Bianchi,Lugano,Schweiz,Via Fogazzaro 3,,,324,,,,,324,hco
pfizer,Onkologiepflege Schweiz,Kleinandelfingen,Schweiz,Hirstigstr. 13,,,3250,,,,,3250,hco
pfizer,Organisationskomitee Stroke Summer School,Basel,Schweiz,Münsterberg 1,,,5400,,,,,5400,hco
pfizer,Orthoprax AG,Bern,Schweiz,Neubrückstr. 96,,,,,,800,,800,hco
pfizer,Ospedale Regionale di Lugano,Lugano,Schweiz,Via Tesserete 46,,,1728,,,,,1728,hco
pfizer,Ospedale Regionale di Lugano-Viganello,Viganello,Schweiz,Viale Pietro Capelli 1,,,2160,,,,,2160,hco
pfizer,Pédiatrie Enfants et Nourrissons,Petit-Lancy,Schweiz,Route du Pont-Butin 70,,,3000,,,,,3000,hco
pfizer,Pharmacie Moudonnoise,Moudon,Schweiz,Avenue de la Gare 1 a,,,,,2592,,,2592,hco
pfizer,pharmActuel Vaud,Fribourg,Schweiz,Chemin du Palatinat 11,,,2000,,,,,2000,hco
pfizer,pharmActuel Zentralschweiz,Luzern,Schweiz,Neustadtstr. 42,,,800,,,,,800,hco
pfizer,pharmaSuisse,Liebefeld,Schweiz,Stationsstr. 12,,,6480,,,,,6480,hco
pfizer,Pierre Michetti Academic,Cully,Schweiz,Chemin des Colombaires 16,,,,,,3600,,3600,hco
pfizer,Praxis Dr Gerber Markus,Bern,Schweiz,Spitalgasse 29,,,1500,,,,,1500,hco
pfizer,Praxis Dr. Schiller Peter,Liestal,Schweiz,Mühlegasse 3,,,1800,,,,,1800,hco
pfizer,Praxis für Gefässmedizin,Zürich,Schweiz,Bellariastr. 40,,,,,,1000,,1000,hco
pfizer,Praxis Tulpenstrasse AG,Kirchberg SG,Schweiz,Tulpenstr. 1,,,500,,,,,500,hco
pfizer,Privatklinik Obach,Solothurn,Schweiz,Leopoldstr. 1,,,1080,,,,,1080,hco
pfizer,Quadrimed,Crans-Montana,Schweiz,Case postale 299,,,4095,,,,,4095,hco
pfizer,Quartierärzte Kreis 9,Zürich,Schweiz,Altstetterstr. 159,,,1000,,,,,1000,hco
pfizer,Race for Life,Wabern,Schweiz,Parkstr. 6,,,10800,,,,,10800,hco
pfizer,Regionalspital Emmental AG,Burgdorf,Schweiz,Oberburgstr. 54,,,1000,,,,,1000,hco
pfizer,Regionalspital Surselva AG,Ilanz,Schweiz,Spitalstr. 6,,,864,,,,,864,hco
pfizer,Reha Rheinfelden,Rheinfelden,Schweiz,Salinenstr. 98,,,1500,,,,,1500,hco
pfizer,Reseau REMED,Genève,Schweiz,Rue du Conseil-Général 11,,,2000,,,,,2000,hco
pfizer,Rheuma Schweiz,Zürich,Schweiz,Aargauerstr. 250,,,139493,,,,,139493,hco
pfizer,Rheumakränzli Zentralschweiz,Luzern,Schweiz,Zentralstr. 1,,,1000,,,,,1000,hco
pfizer,Rheumasearch Foundation,Genève,Schweiz,Avenue Beau-Séjour 26,,,10000,,,,,10000,hco
pfizer,RSBJ Reseau Santé Balcon du Jura,Ste-Croix,Schweiz,Rue des Rosiers 29,,,1944,,,,,1944,hco
pfizer,Safe-Id,Bern,Schweiz,Friedbühlstr. 51,,,10000,,,,,10000,hco
pfizer,SAKK Krebsforschung,Bern,Schweiz,Effingerstr. 33,,,61560,,,,,61560,hco
pfizer,SAMO Swiss Academy of Multidisciplinary Oncology,Bern,Schweiz,Effingerstr. 40,,,17820,,,,,17820,hco
pfizer,Schlossberg-Ärztezentrum AG,Frauenfeld,Schweiz,Bahnhofstr. 61,,,1500,,,,,1500,hco
pfizer,Schmerzklinik Basel,Basel,Schweiz,Hirschgässlein 11-15,,,4000,,,,,4000,hco
pfizer,Schweizer Herztag,Bern,Schweiz,Hallerstr. 7,,,5400,,,,,5400,hco
pfizer,Schweizerische Gesellschaft für Medizincontrolling,Bern,Schweiz,Haslerstr. 21,,,3000,,,,,3000,hco
pfizer,Schweizerische Gesellschaft für Rheumatologie,Zürich,Schweiz,Josefstr. 92,,,93831,,,,,93831,hco
pfizer,SHRS Schweizerische Herzrhythmus Stiftung,Bern,Schweiz,Schänzlistr. 33,,,4000,,,,,4000,hco
pfizer,Schweizerisches Tropen- und Public Health-Insitut,Basel,Schweiz,Socinstr. 57,,,16640,,,1800,,18440,hco
pfizer,SCQM Foundation Swiss Clinical Quality Management,Zürich,Schweiz,Aargauerstr. 250,,102816,,,,,,102816,hco
pfizer,See-Spital Horgen,Horgen,Schweiz,Asylstr. 19,,,4320,,,2000,,6320,hco
pfizer,Sektion Gäu,Luzern,Schweiz,Schwanenplatz 7,,,3000,,,,,3000,hco
pfizer,SFPA Swiss Flying Physicians Association,Carouge GE,Schweiz,Quai Du Cheval-blanc 2,,,1000,,,,,1000,hco
pfizer,SGAIM - Schweizerische Gesellschaft für Allgemeine Innere Medizin,Bern,Schweiz,Monbijoustr. 43,,,71561,,,,,71561,hco
pfizer,SGDV Schweizerische Gesellschaft für Dermatologie und Venerologie,Bern,Schweiz,Dalmazirain 11,,5400,11000,,,,,16400,hco
pfizer,SGED-SSED Schweizerische Gesellschaft für Endokrinologie & Diabetologie,Baden,Schweiz,Rütistr. 3a,,,8100,,,,,8100,hco
pfizer,SGG - SSG Schweizerische Gesellschaft für Gastroenterologie,Bern,Schweiz,Wattenwylweg 21,,,23625,,,,,23625,hco
pfizer,SGH-SSH Schweizerische Gesellschaft für Hämatologie,Münsingen,Schweiz,Innerer Giessenweg 37,,,1500,,,,,1500,hco
pfizer,SGK-SSC Schweizerische Gesellschaft für Kardiologie,Bern,Schweiz,Schwarztorstr. 18,,3000,5400,,,,,8400,hco
pfizer,SGlnf Schweizerische Gesellschaft für Infektiologie,Bern,Schweiz,Freiburgstr. 18,,,14310,,,,,14310,hco
pfizer,SGP-SSP Schweizerische Gesellschaft für Pneumologie,Bern,Schweiz,Chutzenstr. 10,,,6610,,,,,6610,hco
pfizer,SGPMR Schweizerische Gesellschaft für physikalische Medizin und Rehabilitation,Steinhausen,Schweiz,Sennweidstr. 46,,,2000,,,,,2000,hco
pfizer,SGU-SSU Societe Suisse d'Urologie,Montreux,Schweiz,Avenue des Planches 15,,,7173,,,,,7173,hco
pfizer,Schweizerische Gesellschaft der Vertrauens- und Versicherungsärzte SGV,Winterthur,Schweiz,Industriestr. 24,,,16200,,,,,16200,hco
pfizer,SHN Suisse Hemophilia Network,Zürich,Schweiz,Steinwiesstr. 75,,12700,,,,,,12700,hco
pfizer,Societa Ticinese di Psichiatria,Coldrerio,Schweiz,Via Campagnola 112,,,750,,,,,750,hco
pfizer,Solothurner Spitäler AG,Solothurn,Schweiz,Schöngrünstr. 36a,,,7740,,,1750,,9490,hco
pfizer,Spital Bülach,Bülach,Schweiz,Spitalstr. 24,,,4604,,,,,4604,hco
pfizer,Spital Limmattal,Schlieren,Schweiz,Urdorferstr. 100,,,2000,,,,,2000,hco
pfizer,Spital Schwyz,Schwyz,Schweiz,Waldeggstr. 10,,,3240,,,,,3240,hco
pfizer,Spital Thurgau AG,Frauenfeld,Schweiz,Waldeggstr. 8a,,,3780,,,1512,,5292,hco
pfizer,Spital-Pharmazie,Basel,Schweiz,Spitalstr. 26,,,,433,505,,,938,hco
pfizer,Spitäler FMI AG Spital,Unterseen,Schweiz,Weissenaustr. 27,,,,,,2496,,2496,hco
pfizer,Spitalregion Fürstenland Toggenburg SRFT,Wil SG,Schweiz,Fürstenlandstr. 32,,,4536,,,,,4536,hco
pfizer,Spitalverbund Appenzell Ausserrhoden,Herisau,Schweiz,Krombach 3,,,1080,,,,,1080,hco
pfizer,Spitalzentrum Biel AG,Biel/Bienne,Schweiz,Vogelsang 84,,,2073,,,,,2073,hco
pfizer,SPOG-GOPS Schweizerische Pädiatrische Onkologie Gruppe,Bern,Schweiz,Effingerstr. 33,,,2000,,,,,2000,hco
pfizer,St. Claraspital AG,Basel,Schweiz,Kleinriehenstr. 30,,,2160,,,,,2160,hco
pfizer,Stadtspital Triemli,Zürich,Schweiz,Birmensdorferstr. 497,,,4500,,,4000,,8500,hco
pfizer,Stiftung für Herz- und Kreislauf / Zürich Heart House,Zürich,Schweiz,Moussonstr. 4,,,58860,,,,,58860,hco
pfizer,Stiftung meineimpfungen,Gümligen,Schweiz,Mattenstr. 9,,30000,,,,,,30000,hco
pfizer,Stiftung SONK St. Gallen Oncology Conferences,St. Gallen,Schweiz,Rorschacherstr. 150,,,8813,,,,,8813,hco
pfizer,Stiftung Tox Info Suisse,Zürich,Schweiz,Freiestr. 16,,6000,,,,6480,0,12480,hco
pfizer,SVTM Schweizerische Vereinigung für Transfusionsmedizin,Bern,Schweiz,Laupenstr. 37,,,500,,,,,500,hco
pfizer,Swiss Tumor Board,Lindau,Schweiz,Fischeracherstr. 17,,,4320,,,,,4320,hco
pfizer,Swiss Tumor Immunology Institute,Zürich,Schweiz,Seestr. 259,,5000,,,,,,5000,hco
pfizer,SwissNET,Bern,Schweiz,Freiburgstr. 18,,15000,,,,,,15000,hco
pfizer,SwissPedNet,Basel,Schweiz,Petersplatz 13,,6406,,,,,,6406,hco
pfizer,Topwell-Apotheken AG,Winterthur,Schweiz,Lagerhausstr. 11,,,3240,,,,,3240,hco
pfizer,Universität Basel,Basel,Schweiz,Petersplatz 1,,,6000,,,1728,,7728,hco
pfizer,Universität Zürich,Zürich,Schweiz,Rämistr. 71,,,5240,,,1512,,6752,hco
pfizer,Universitäts-Kinderspital beider Basel,Basel,Schweiz,Spitalstr. 33,,,2160,,,,,2160,hco
pfizer,Universitäts-Kinderspital Zürich,Zürich,Schweiz,Steinwiesstr. 75,,,2361,,,,,2361,hco
pfizer,Universitätsspital Basel,Basel,Schweiz,Spitalstr. 21,,45000,37370,654,7494,14824,,105342,hco
pfizer,UniversitätsSpital Zürich,Zürich,Schweiz,Rämistr. 100,,7080,22980,,,,0,30060,hco
pfizer,Université de Genève,Genève,Schweiz,Rue Général-Dufour 24,,,1000,,,1494,,2494,hco
pfizer,UPD Universitäre Psychiatrische Dienste,Bern,Schweiz,Boiligenstr. 111,,,800,,,,,800,hco
pfizer,VBHK Verein Berner Haus- und Kinderärzte,Bern,Schweiz,Effingerstr. 2,,,1000,,,,,1000,hco
pfizer,VZK Vereinigung Zürcher Kinder und Jugendärzte,Zürich,Schweiz,Breitingerstr. 13,,,500,,,,,500,hco
pfizer,Wirbelsäulen- und Schmerz-Clinic Zürich,Zürich,Schweiz,Witellikerstr. 40,,,3000,,,,,3000,hco
pfizer,ZAIM Zurich Academy of Internal Medicine,Steinhausen,Schweiz,Sennweidstr. 46,,,6048,,,,,6048,hco
pfizer,Zentrum für Schmerzmedizin,Nottwil,Schweiz,Guido A. Zäch Str. 1,,,2268,,,,,2268,hco
pfizer,Zürcher Dermatologen Gesellschaft,Kloten,Schweiz,Marktgasse 3,,1000,,,,,,1000,hco
pfizer,Zürcher Gesellschaft für Kardiologie ZGK,Zürich,Schweiz,Birmensdorferstr. 467,,,3000,,,,,3000,hco
pfizer,Adrian Ciurea,Zürich,Schweiz,Gladbachstr. 36,,,,,,1400,,1400,hcp
pfizer,Adrian Forster,Diessenhofen,Schweiz,Rheinstr. 6,,,,,,2600,,2600,hcp
pfizer,Agnes Auteri,La Chaux-de-Fonds,Schweiz,Rue de Chasseral 20,,,,389,2411,,,2800,hcp
pfizer,Ahmad Farid Hassanzadah,Vevey,Schweiz,Avenue du General-Guisan 26,,,,,274,,,274,hcp
pfizer,Ajit Andreas Singh,Zürich,Schweiz,Stadelhoferstr. 8,,,,,,1600,,1600,hcp
pfizer,Alain Gervaix,Cologny,Schweiz,Chemin de la Mairie 4ter,,,,,,1800,,1800,hcp
pfizer,Alain Schneeberger,Martigny,Schweiz,Avenue de la Gare 10,,,,208,298,,,506,hcp
pfizer,Alexander Breitenstein,Zürich,Schweiz,Rämistr. 100,,,,,692,800,,1492,hcp
pfizer,Alexander Kai-Lik So,Lausanne,Schweiz,Avenue Pierre-Decker 4,,,,300,4435,,,4735,hcp
pfizer,Alexandre Christinat,Lugano,Schweiz,Via Antonio Fogazzaro 3,,,,389,4619,,,5008,hcp
pfizer,Andrea Badaracco,Lugano,Schweiz,Via Soldino 7,,,,,,210,,210,hcp
pfizer,Andreas Dietsche,St. Moritz,Schweiz,Piazza Paracelsus 2,,,,,,420,,420,hcp
pfizer,Andreas Laubscher,Bad Ragaz,Schweiz,Am Platz 8,,,,,,980,,980,hcp
pfizer,Andreas Müller,Winterthur,Schweiz,Postfach 8,,,,,,500,,500,hcp
pfizer,Andrey Kirschmeier,St. Gallen,Schweiz,Rosenbergstr. 89,,,,111,119,,,230,hcp
pfizer,Anette Schumacher,Zürich,Schweiz,Schuppisstr. 2,,,,,,1400,,1400,hcp
pfizer,Anna Megert,Basel,Schweiz,Rütimeyerplatz 8,,,,,,210,,210,hcp
pfizer,Anna Thoma,Zürich,Schweiz,Lengghalde 2,,,,602,1382,,,1984,hcp
pfizer,Anne Hügli,Genève,Schweiz,Chemin de Beau-Soleil 22,,,,,1160,,,1160,hcp
pfizer,Anne Veraguth Jallut,Lausanne,Schweiz,Avenue Alexandre-Vinet 19b,,,,,56,980,,1036,hcp
pfizer,Anne-Claire Bloesch,Lausanne,Schweiz,Place Bel-Air 2,,,,208,661,350,,1219,hcp
pfizer,Anne-Marie Chamot,Morges,Schweiz,Rue Centrale 9,,,,,110,350,,460,hcp
pfizer,Antoine Jallut,Lausanne,Schweiz,Avenue Alexandre-Vinet 19b,,,,,56,350,,406,hcp
pfizer,Antonello D'Oro,Plan-les-Ouates,Schweiz,Route de Saint-Julien 148,,,,322,505,,,827,hcp
pfizer,Ariane Saudan-Kister,Genève,Schweiz,Rue de Lyon 57,,,,,,70,,70,hcp
pfizer,Armin Lechmann,Gossau SG,Schweiz,St. Gallerstr. 124,,,,,,1200,,1200,hcp
pfizer,Astrid-Maria Schmidt,Bern,Schweiz,Bremgartenstr. 119,,,,427,354,280,,1061,hcp
pfizer,Athina Stravodimou,Lausanne,Schweiz,Rue du Bugnon 46,,,,389,4994,,,5383,hcp
pfizer,Axel Finckh,Genève,Schweiz,Rue Gabrielle-Perret-Gentil 4,,,,,6428,1680,,8108,hcp
pfizer,Barbara Meyer,Zürich,Schweiz,Toblerstr. 51,,,,427,334,,,761,hcp
pfizer,Barbara Meyer,Bern,Schweiz,Viktoriastr. 72,,,,427,442,,,869,hcp
pfizer,Beatrice Amann-Vesti,Kilchberg,Schweiz,Alte Landstr. 48,,,,,,1200,,1200,hcp
pfizer,Beatrice Truffer-Richard,Kloten,Schweiz,Schaffhauserstr. 138,,,,438,890,,,1328,hcp
pfizer,Beda Wyrsch,Wetzikon ZH,Schweiz,Bahnhofstr. 137,,,,581,392,,,973,hcp
pfizer,Berchtold Elmiger,Bern,Schweiz,Spitalgasse 37,,,,749,1037,,,1786,hcp
pfizer,Bernard Paul Vaudaux,Ecublens,Schweiz,Chemin Plantaz 29,,,,,,1400,,1400,hcp
pfizer,Bernard Terrier,Baden,Schweiz,Bäderstr. 16,,,,427,431,,,858,hcp
pfizer,Bernhard Meier,Spiegel bei Bern,Schweiz,Nussbaumweg 40,,,,,,3346,,3346,hcp
pfizer,Bertrand Auvergne,Meyrin,Schweiz,Avenue J.-D.-Maillard 9,,,,208,337,280,,825,hcp
pfizer,Bettina Engel-Meirer,Puidoux,Schweiz,Chemin du Daillard 25,,,,,,1000,,1000,hcp
pfizer,Bettina Gasser,Schlieren,Schweiz,Urdorferstr. 100,,,,433,509,,,942,hcp
pfizer,Bettina Weiss,Zürich,Schweiz,Forchstr. 340,,,,1122,7268,,,8390,hcp
pfizer,Brigitte Brand,Küsnacht ZH,Schweiz,Zürichstr. 62,,,,,,1000,,1000,hcp
pfizer,Britta Massmann,Aarau,Schweiz,Laurenzenvorstadt 25,,,,,,700,,700,hcp
pfizer,Burkhard Möller,Bern,Schweiz,Freiburgstr. 18,,,,300,2285,,,2585,hcp
pfizer,Carlo Albani,Zürich,Schweiz,Bahnhofplatz 5,,,,,448,,,448,hcp
pfizer,Catherine Vuala,Vésenaz,Schweiz,Route de Thonon 42,,,,,99,,,99,hcp
pfizer,Charlotte Verolet,Genève,Schweiz,Rue Willy-Donzé 6,,,,470,759,,,1229,hcp
pfizer,Christa Ritter,Basel,Schweiz,Gellertstr. 144,,,,,,70,,70,hcp
pfizer,Christian Brunner,Zürich,Schweiz,Helenastr. 3,,,,,,210,,210,hcp
pfizer,Chrisitan Kahlert,St. Gallen,Schweiz,Claudiusstr. 6,,,,127,1021,,,1148,hcp
pfizer,Christian Peter Rüegg,Zürich,Schweiz,Rämistr. 100,,,,339,1022,,,1361,hcp
pfizer,Christian Roedel,Wetzikon ZH,Schweiz,Bodenstr. 9,,,,,401,,,401,hcp
pfizer,Christian Ruef,Zürich,Schweiz,Witellikerstr. 40,,,,339,813,,,1152,hcp
pfizer,Christian Schäli,Vevey,Schweiz,Avenue Luis Ruchonnet 11,,,,,,2400,,2400,hcp
pfizer,Christian Steiner,Burgdorf,Schweiz,Meieriedstr. 32,,,,,,140,,140,hcp
pfizer,Christian Sturzenegger,Zürich,Schweiz,Bleulerstr. 60,,,,,401,,,401,hcp
pfizer,Christian Van Delden,Cologny,Schweiz,Chemin David-Munier 24,,,,,,1400,,1400,hcp
pfizer,Christiane Rörig,Zürich,Schweiz,Forchstr. 340,,,,,,210,,210,hcp
pfizer,Christiane Zenklusen,Neuchâtel,Schweiz,Faubourg de l'Hôpital 65,,,,322,723,280,,1325,hcp
pfizer,Christina Orasch,Luzern,Schweiz,St. Annastr. 32,,,,339,1070,,,1409,hcp
pfizer,Christine Spring,Sargans,Schweiz,Bahnhofstr. 6,,,,,,350,,350,hcp
pfizer,Christoph Andreas Maurer,Feldbrunnen,Schweiz,Längackerstr. 2,,,,,,1000,,1000,hcp
pfizer,Christoph Gut,Reinach BL,Schweiz,Hauptstr. 45,,,,581,271,420,,1272,hcp
pfizer,Christoph Hemmeler,Langenthal,Schweiz,Hasenmattstr. 37,,,,547,1423,,,1970,hcp
pfizer,Christoph Schild,Gümligen,Schweiz,Worbstr. 312,,,,,585,,,585,hcp
pfizer,Christoph Schmid,Zürich,Schweiz,Rämistr. 100,,,,,,1400,,1400,hcp
pfizer,Claude Cachin,Orbe,Schweiz,Chemin de la Magnenette 2,,,,322,337,,,659,hcp
pfizer,Claude Rieder,Carouge GE,Schweiz,Passage de l'lntendant 3,,,,,99,,,99,hcp
pfizer,Claudia Harder,Luzern,Schweiz,Obergrundstr. 88,,,,,,980,,980,hcp
pfizer,Claudia Papet,Schlieren,Schweiz,Urdorferstr. 100,,,,,316,,,316,hcp
pfizer,Claudine Zellweger,Bern,Schweiz,Schänzlihalde 1,,,,339,1022,,,1361,hcp
pfizer,Conrad Egloff,Zollikerberg,Schweiz,Sennhofstr. 53,,,,,,1200,,1200,hcp
pfizer,Cord von Restorff,Männedorf,Schweiz,Asylstr. 84,,,,,,210,,210,hcp
pfizer,Cornelia Imobersteg,Luzern,Schweiz,Alpenstr. 1,,,,438,1021,,,1459,hcp
pfizer,Cornelia Leo,Baden,Schweiz,Im Ergel 1,,,,,,2000,,2000,hcp
pfizer,Dagmar Simon,Bern,Schweiz,Freiburgstr. 18,,,,,,1935,,1935,hcp
pfizer,Daniel Betticher,Bourguillon,Schweiz,Rue Max von Sachsen 4,,,,,,1500,,1500,hcp
pfizer,Daniel Bloesch,Olten,Schweiz,Froburgstr. 20,,,,322,666,,,988,hcp
pfizer,Daniel Meier,Bern,Schweiz,Schänzlistr. 39,,,,427,736,490,,1653,hcp
pfizer,Daniela Benz,Fribourg,Schweiz,Rue Jacques-Vogt 3,,,,547,1687,,,2234,hcp
pfizer,Daniella Bachmann,Bad Ragaz,Schweiz,Bahnhofstr. 36,,,,581,385,,,966,hcp
pfizer,David Cerny,Bern,Schweiz,Freiburgstr. 4,,,,484,787,,,1271,hcp
pfizer,David Chabanel,Payerne,Schweiz,Avenue de la Colline 3,,,,,220,,,220,hcp
pfizer,Denise Etzweiler,Zürich,Schweiz,Steinwiesstr. 75,,,,,695,,,695,hcp
pfizer,Didier Delouche,Monthey,Schweiz,Route de Morgins,,,,389,5578,,,5967,hcp
pfizer,Dimitrios Tsakiris,Basel,Schweiz,St. Alban-Ring 227,,,,,,1400,,1400,hcp
pfizer,Dionys Glenz,Visp,Schweiz,Seewjinenstr. 2,,,,,,210,,210,hcp
pfizer,Donat Dürr,Zürich,Schweiz,Birmensdorferstr. 501,,,,,464,1000,,1464,hcp
pfizer,Doris Braun,Winterthur,Schweiz,Brunngasse 6,,,,,406,,,406,hcp
pfizer,Elisabeth Oppliger Leibundgut,Bremgarten bei Bern,Schweiz,Kalchackerstr. 25b,,,,,,1400,,1400,hcp
pfizer,Eloi Baumgartner,Porrentruy,Schweiz,Rue du Jura 11,,,,,,420,,420,hcp
pfizer,Elsbeth Cunningham-Flory,Genève,Schweiz,Quai Gustave-Ador 62,,,,,56,,,56,hcp
pfizer,Emile Mahitchi,Cologny,Schweiz,Chemin Frank-Thomas 68bis,,,,322,523,840,,1685,hcp
pfizer,Emiliana Colutta,Le Lignon,Schweiz,Place du Lignon 2,,,,,,210,,210,hcp
pfizer,Eveline Stutz,Bern,Schweiz,Freiburgstr. 18,,,,,601,,,601,hcp
pfizer,Evelyn Hayoz,Gümligen,Schweiz,Worbstr. 316,,,,433,472,,,905,hcp
pfizer,Fabien Rodrigue Stettier,Lausanne,Schweiz,Rue du Bugnon 46,,,,582,669,,,1251,hcp
pfizer,Felix Häfelin,Schlieren,Schweiz,Uitikonerstr. 9,,,,547,1433,,,1980,hcp
pfizer,Fernando Colla,Winterthur,Schweiz,Theaterstr. 1,,,,,,70,,70,hcp
pfizer,Fleur Yvonne Baumann Benvenuti,Fribourg,Schweiz,Chemin des Pensionnats 2-6,,,,322,505,,,827,hcp
pfizer,Florian Fröhlich,Porrentruy,Schweiz,Rue Achille Merguin 44,,,,,,1400,,1400,hcp
pfizer,François Grognuz,Fribourg,Schweiz,Rue de Romont 35,,,,,,280,,280,hcp
pfizer,Françoise Tauxe,Vevey,Schweiz,Rue du Lac 43,,,,208,505,70,,783,hcp
pfizer,Frank Seibold,Kehrsatz,Schweiz,Gurtenstr. 79,,,,,,5600,,5600,hcp
pfizer,Friedemann Honecker,St. Gallen,Schweiz,Rotachstr. 9,,,,,,1000,,1000,hcp
pfizer,Fritz Keller,Lister,Schweiz,Gerbestr. 5,,,,,,420,,420,hcp
pfizer,Gabriel Jaschko,Rümlang,Schweiz,Obermattenstr. 7,,,,,,280,,280,hcp
pfizer,Gabriela Bärlocher,Bern,Schweiz,Falkenhöheweg 18,,,,,,1800,,1800,hcp
pfizer,Gabriela Dummermuth,Brunnen,Schweiz,Bahnhofstr. 1,,,,433,496,,,929,hcp
pfizer,Gil Guttmann,Lausanne,Schweiz,Avenue de la Gare 10,,,,,,280,,280,hcp
pfizer,Gilles de Taffin,Basel,Schweiz,Gellertstr. 144,,,,427,204,,,631,hcp
pfizer,Giorgio Tamborrini,Basel,Schweiz,Aeschenvorstadt 68,,,,,,630,,630,hcp
pfizer,Giulia Frasca Polara,Genève,Schweiz,Rue Gabrielle-Perret-Gentil 4,,,,,189,,,189,hcp
pfizer,Gregory Fleury,Genève,Schweiz,Avenue Beau-Séjour 26,,,,322,440,,,762,hcp
pfizer,Grozdana Bojanic-Prosic,Zürich,Schweiz,Lengghalde 2,,,,,371,,,371,hcp
pfizer,Günther Zech,Basel,Schweiz,Gellertstr. 144,,,,,,490,,490,hcp
pfizer,Hans Stricker,Losone,Schweiz,Via Gratello 30a,,,,,,1400,,1400,hcp
pfizer,Hans-Peter Vögelin,Kloten,Schweiz,Gerbegasse 6,,,,484,1022,,,1506,hcp
pfizer,Hansruedi Gugg,Stettfurt,Schweiz,Wüesti 19,,,,,,700,,700,hcp
pfizer,Hasna Bouchaab,Lausanne,Schweiz,Chemin Ravin 4,,,,,,1000,,1000,hcp
pfizer,Heike Frauchiger-Heuer,Zürich,Schweiz,Frauenklinikstr. 10,,,,389,2612,,,3001,hcp
pfizer,Heinrich Tinner,Weinfelden,Schweiz,Bahnhofstr. 22,,,,,,350,,350,hcp
pfizer,Henri Bounameaux,Satigny,Schweiz,Route de Bourdigny 71,,,,,,1400,,1400,hcp
pfizer,Henryk Zulewski,Binningen,Schweiz,Hasenrainstr. 63,,,,,,1400,,1400,hcp
pfizer,Heribert Mauron,Moosseedorf,Schweiz,Moosbühlstr. 33,,,,,,630,,630,hcp
pfizer,Ignazio Salani,Lugano,Schweiz,Via Massagno 36,,,,,,490,,490,hcp
pfizer,Ilka Wilharm,Zürich,Schweiz,Bleulerstr. 60,,,,433,460,,,893,hcp
pfizer,Ines von Mühlenen,Basel,Schweiz,Missionsstr. 34,,,,581,345,,,926,hcp
pfizer,Isabella Sudano,Zürich,Schweiz,Dora-Staudingerstr. 1,,,,,,2400,,2400,hcp
pfizer,Isabelle Fabreguet,Onex,Schweiz,Route de Loëx 3,,,,,,140,,140,hcp
pfizer,Ivan Fauchère,Männedorf,Schweiz,Asylstr. 10,,,,484,944,,,1428,hcp
pfizer,Jacques Koerfer,Bulle,Schweiz,Rue de Gruyères 35,,,,,689,,,689,hcp
pfizer,Jacques-Philippe Blanc,Ponte Capriasca,Schweiz,Via Logio 22,,,,,,1400,,1400,hcp
pfizer,Jan Bonhoeffer,Basel,Schweiz,Benkenstr. 8,,,,,,1400,,1400,hcp
pfizer,Jan Fehr,Zürich,Schweiz,Rämistr. 100,,,,339,1006,,,1345,hcp
pfizer,Jan Steffel,Zürich,Schweiz,Rebbergstr. 21,,,,,,6800,,6800,hcp
pfizer,Jan-Dirk Studt,Basel,Schweiz,Lange Gasse 10,,,,,,1400,,1400,hcp
pfizer,Janine Carmen Rufener,Bern,Schweiz,Freiburgstr. 18,,,,,325,,,325,hcp
pfizer,Jean Dudler,Fribourg,Schweiz,Chemin des Pensionnats 2-6,,,,208,419,10000,103,10730,hcp
pfizer,Jean-François Lambert,Conches,Schweiz,Chemin de la Panmiere 19,,,,,,1400,,1400,hcp
pfizer,Jean-Louis Meier,Delémont,Schweiz,Faubourg des Capucins 30,,,,322,641,490,,1453,hcp
pfizer,Jean-Paul Schmid,Hünibach,Schweiz,Wartbodenstr. 6b,,,,,,1400,,1400,hcp
pfizer,Jean-Pierre Guigoz,Lausanne,Schweiz,Avenue de Rumine 35,,,,,99,1680,,1779,hcp
pfizer,Jean-Pierre Zellweger,Villars-sur-Glâne,Schweiz,Chemin de la Fenetta,,,,,,1800,,1800,hcp
pfizer,Jens Eckstein,Basel,Schweiz,Petersgraben 4,,,,,,1408,433,1841,hcp
pfizer,Jeroen Simon Goede,Wetzikon ZH,Schweiz,Höhenstr. 25,,,,,,1400,,1400,hcp
pfizer,Jocelyne Melchior-Capiot,Lausanne,Schweiz,Rue de la Madeleine 18,,,,,,840,,840,hcp
pfizer,Jody Stähelin,Baden,Schweiz,Kreuzweg 3,,,,,,1400,,1400,hcp
pfizer,Johann Wolfgang Maximilian Korte,St. Gallen,Schweiz,Schlatterstr. 26,,,,,,2800,,2800,hcp
pfizer,Jon Carnes,Bern,Schweiz,Seilerstr. 22,,,,208,664,560,,1432,hcp
pfizer,Josef Schönbächler,Zürich,Schweiz,Bederstr. 51,,,,581,385,,,966,hcp
pfizer,Julia Stehli,Zürich,Schweiz,Rämistr. 100,,,,636,896,,,1532,hcp
pfizer,Julian Cooper,Langenthal,Schweiz,Hasenmattstr. 37,,,,427,443,770,,1640,hcp
pfizer,Julius Pfister,Cham,Schweiz,Rigistr. 1,,,,,,350,,350,hcp
pfizer,Jürg Sturzenegger,Kreuzlingen,Schweiz,Hauptstr. 38/40,,,,581,407,280,,1268,hcp
pfizer,Karin Hartmann,Luzern,Schweiz,Spitalstr. 31,,,,289,1575,,,1864,hcp
pfizer,Karl Klingler,Zürich,Schweiz,Witellikerstr. 40,,,,,0,1400,,1400,hcp
pfizer,Karl Michael Essig,Baden,Schweiz,Langhaus 5,,,,,492,,,492,hcp
pfizer,Komlanvi Kafui Houegnifioh,Moutier,Schweiz,Rue de Beausite 49,,,,,290,,,290,hcp
pfizer,Lars Asmis,Zürich,Schweiz,Hufgasse 17,,,,,,4200,,4200,hcp
pfizer,Laszlo Morocz,Rapperswil SG,Schweiz,Alte Jonastr. 24,,,,,,70,,70,hcp
pfizer,Laure Brulhart Bletsas,La Chaux-de-Fonds,Schweiz,Rue de Chasseral 20,,,,547,1552,280,,2379,hcp
pfizer,Laure Pittet,Lausanne,Schweiz,Rue du Bugnon 46,,,,470,746,,,1216,hcp
pfizer,Leo Finci,Petit-Lancy,Schweiz,Chemin de la Caroline 2,,,,,837,,,837,hcp
pfizer,Leonardo Aceto,Zürich,Schweiz,Birmensdorferstr. 497,,,,339,1053,,,1392,hcp
pfizer,Liliane Christophe-Richtmann,Genève,Schweiz,Rue de Villereuse 5,,,,,134,,,134,hcp
pfizer,Lilo Elisabeth Muff,Affoltern am Albis,Schweiz,Bahnhofplatz 11,,,,208,619,,,827,hcp
pfizer,loannis Papadopoulos,Muttenz,Schweiz,Münchensteinerstr. 10,,,,,,560,,560,hcp
pfizer,Louis Andries Leonard Tjon-A-Meeuw,Zürich,Schweiz,Toblerstr. 51,,,,,323,,,323,hcp
pfizer,Luc Biedermann,Zürich,Schweiz,Kalkbreitestr. 121,,,,,,1400,,1400,hcp
pfizer,Ludmilla But,Basel,Schweiz,Spitalstr. 33,,,,,625,,,625,hcp
pfizer,Ludwig Perger,Zürich,Schweiz,Rämistr. 100,,,,,446,,,446,hcp
pfizer,Lukas Graf,St. Gallen,Schweiz,Ullmannstr. 13a,,,,,,1000,,1000,hcp
pfizer,Luzia Brunner van Reijn,Laufenburg,Schweiz,Spitalstr. 10,,,,427,349,,,776,hcp
pfizer,Luzia Meder,Zofingen,Schweiz,Mühlemattstr. 5,,,,322,617,,,939,hcp
pfizer,Maja Bjelan,Bad Ragaz,Schweiz,Am Platz 8,,,,,,700,,700,hcp
pfizer,Manuel Tejero-Kretz,Baden,Schweiz,Kurplatz 3,,,,,,560,,560,hcp
pfizer,Marc Erismann,St. Gallen,Schweiz,Rorschacherstr. 150,,,,581,385,350,,1316,hcp
pfizer,Marc Heizmann,Biberstein,Schweiz,Buhaldenstr. 6e,,,,,,1400,,1400,hcp
pfizer,Marc Küng,Spiegel bei Bern,Schweiz,Föhrenweg 94,,,,,,1000,,1000,hcp
pfizer,Marc Schindewolf,Bern,Schweiz,Freiburgstr. 4,,,,,,1301,595,1896,hcp
pfizer,Marc Widmer,Wetzikon ZH,Schweiz,Bahnhofstr. 137,,,,,,1120,,1120,hcp
pfizer,Marc-André Schürch,Lausanne,Schweiz,Avenue de la Gare 10,,,,,,1190,,1190,hcp
pfizer,Marcel Kuster-Tardent,Meilen,Schweiz,General-Wille-Str. 59,,,,,632,,,632,hcp
pfizer,Marco Christoph Travaglini,Bern,Schweiz,Laupenstr. 8,,,,438,1068,,,1506,hcp
pfizer,Marco Dressier,Nottwil,Schweiz,Obere Kirchmatte 3,,,,,,1000,,1000,hcp
pfizer,Marco Etter,Zürich,Schweiz,Lengghalde 2,,,,427,493,,,920,hcp
pfizer,Marco Kummer,Rheinfelden,Schweiz,Habich-Dietschy-Str. 18,,,,,384,,,384,hcp
pfizer,Marco Salvi,Neuchâtel,Schweiz,Rue du Musée 9,,,,,,910,,910,hcp
pfizer,Marco Waser,Luzern,Schweiz,St. Annastr. 32,,,,,446,,,446,hcp
pfizer,Margarita Candil,Lausanne,Schweiz,Avenue Pierre-Decker 4,,,,,99,,,99,hcp
pfizer,Maria Goridis-Misteli,Forch,Schweiz,Kronenweg 8,,,,,401,,,401,hcp
pfizer,Maria Teresa Neuhäusler,Pfäffikon SZ,Schweiz,Sonnenpark 26,,,,,,1200,,1200,hcp
pfizer,Maria Waser,Luzern,Schweiz,Obergrundstr. 88,,,,581,416,910,,1907,hcp
pfizer,Maria-Helena Terrien,Morges,Schweiz,Place St-Louis 7,,,,,,350,,350,hcp
pfizer,Marianne Dudler,Fribourg,Schweiz,Chemin des Pensionnats 2-6,,,,322,475,,,797,hcp
pfizer,Marie Couret,Epalinges,Schweiz,Route De La Corniche 1,,,,,,70,,70,hcp
pfizer,Marie-Laure Amram-Benamram,Genève,Schweiz,Avenue de l'Amandolier 24,,,,,,1000,,1000,hcp
pfizer,Marisa Crippa-Keller,Zürich,Schweiz,Bederstr. 51,,,,581,401,,,982,hcp
pfizer,Mark David Anliker,St. Gallen,Schweiz,Peter und Paulstr. 34,,,,,,1000,,1000,hcp
pfizer,Mark Uhlmann,Köniz,Schweiz,Schwarzenburgstr. 293,,,,484,960,,,1444,hcp
pfizer,Markus Felder,Zürich,Schweiz,Gartenstr. 14,,,,,,350,,350,hcp
pfizer,Markus G. Manz,Zollikon,Schweiz,Stettbachstr. 9,,,,,,1800,,1800,hcp
pfizer,Markus Gerber,Bern,Schweiz,Spitalgasse 29,,,,1555,2196,,,3751,hcp
pfizer,Markus Kaiser,Zürich,Schweiz,Bleicherweg 47,,,,484,884,,,1368,hcp
pfizer,Markus Maximilian Borner,Muri,Schweiz,Rossimattstr. 26b,,,,,,1400,,1400,hcp
pfizer,Markus Weber,Aesch BL,Schweiz,Ettingerstr. 1,,,,,,210,,210,hcp
pfizer,Martin Moro,Bülach,Schweiz,Rössligasse 11,,,,,,1200,,1200,hcp
pfizer,Martin Oehri,Frauenfeld,Schweiz,Rheinstr. 23,,,,,,140,,140,hcp
pfizer,Martin Sachs,Aarau,Schweiz,Schänisweg,,,,111,123,,,234,hcp
pfizer,Martin Sulzer,Zürich,Schweiz,Bleicherweg 47,,,,484,733,,,1217,hcp
pfizer,Martin Ziehmann,Zürich,Schweiz,Schaffhauserstr. 34,,,,427,334,,,761,hcp
pfizer,Mathias Schmid,Unterengstingen,Schweiz,Talacherring 5,,,,,,1400,,1400,hcp
pfizer,Matthias Meyer,Zürich,Schweiz,Birmensdorferstr. 497,,,,484,896,,,1380,hcp
pfizer,Matthias Saur,Frauenfeld,Schweiz,Rheinstr. 23,,,,547,3322,210,,4079,hcp
pfizer,Max von Salis,Stäfa,Schweiz,Bahnhofstr. 26,,,,,,1200,,1200,hcp
pfizer,Michael Andor,Zürich,Schweiz,Walchestr. 15,,,,,,350,,350,hcp
pfizer,Michael Baumann,Arbon,Schweiz,Werftstr. 3,,,,,,1400,,1400,hcp
pfizer,Michael Gengenbacher,Basel,Schweiz,Gellertstr. 144,,,,439,7268,,,7707,hcp
pfizer,Michael Kühne,Binningen,Schweiz,Im Spiegel 28,,,,,,800,,800,hcp
pfizer,Michael Späth,Uznach,Schweiz,Gasterstr. 25,,,,,,350,,350,hcp
pfizer,Michael Tamm,Arlesheim,Schweiz,Starenweg 3,,,,,,1400,,1400,hcp
pfizer,Michel Hunkeler,Fontaines,Schweiz,Route de Landeyeux,,,,,,350,,350,hcp
pfizer,Miguel Caravatti,Zürich,Schweiz,Witellikerstr. 40,,,,581,392,,,973,hcp
pfizer,Milek Kowalski,Solothurn,Schweiz,Leopoldstr. 1,,,,,,350,,350,hcp
pfizer,Monika Schär,Bern,Schweiz,Gutenbergstr. 21,,,,,,630,,630,hcp
pfizer,Mounir Ziadé,Clarens,Schweiz,Chemin de la Prairie 2-10,,,,,,1050,,1050,hcp
pfizer,Murielle Jaunin,Lausanne,Schweiz,Chemin de Montetan 16,,,,,770,,,770,hcp
pfizer,Myriam Eyer,Sion,Schweiz,Avenue du Grand Champsec 86,,,,339,1016,,,1355,hcp
pfizer,Nhu-Nam Tran-Thang,Lausanne,Schweiz,Avenue Alexandre-Vinet 19b,,,,389,5078,,,5467,hcp
pfizer,Nicola Reuschling,Münchenstein,Schweiz,Reinacherstr. 28,,,,,,140,,140,hcp
pfizer,Nicolas Brugger,Fribourg,Schweiz,Chemin des Pensionnats 2,,,,484,794,,,1278,hcp
pfizer,Nicolas Buchs,Genève,Schweiz,Rue de Lyon 64,,,,547,1623,,,2170,hcp
pfizer,Nicole Aepli-Schneider,Luzern,Schweiz,Obere Bergstr. 7a,,,,,,840,,840,hcp
pfizer,Nikhil Yawalkar,Bern,Schweiz,Freiburgstr. 18,,,,,,334,173,507,hcp
pfizer,Nils Kucher,Schindellegi,Schweiz,Untere Paulistr. 16,,,,,,4200,,4200,hcp
pfizer,Nina Khanna,Basel,Schweiz,Petersgraben 4,,,,,905,2800,,3705,hcp
pfizer,Norbert Nega,Riehen,Schweiz,Bettingerstr. 116,,,,111,65,,,176,hcp
pfizer,Nordwig Tomi,Weinfelden,Schweiz,Marktplatz 3,,,,,4380,,,4380,hcp
pfizer,Nuray Yarol,Lausanne,Schweiz,Rue du Grand-Chêne 8,,,,,771,,,771,hcp
pfizer,Olaf Müller,Bern,Schweiz,Monbijoustr. 10,,,,547,1506,70,,2123,hcp
pfizer,Olga Chatzis,Genève,Schweiz,Rue Willy-Donzé 6,,,,127,613,,,740,hcp
pfizer,Oliver Distler,Zürich,Schweiz,Gloriastr. 25,,,,300,2834,,,3134,hcp
pfizer,Oliver Tschopp,Zürich,Schweiz,Rämistr. 100,,,,,,1400,1899,3299,hcp
pfizer,Olivier Clerc,Neuchâtel,Schweiz,Rue de la Maladière 45,,,,339,1092,,,1431,hcp
pfizer,Paola Chevallier,Onex,Schweiz,Route de Loëx 3,,,,322,612,,,934,hcp
pfizer,Paolo De Vecchi,St. Moritz,Schweiz,Piazza Paracelsus 2,,,,,,280,,280,hcp
pfizer,Pascal Zufferey,Lausanne,Schweiz,Avenue Pierre-Decker 4,,,,986,10342,,,11328,hcp
pfizer,Patric Kurmann,Neuchâtel,Schweiz,Rue Du Seyon 10,,,,322,559,1750,,2631,hcp
pfizer,Patrick Bodmer,Winterthur,Schweiz,Theaterstr. 1,,,,581,385,,,966,hcp
pfizer,Patrick Hilti,Langenthal,Schweiz,St. Urbanstr. 67,,,,594,734,,,1328,hcp
pfizer,Patrick Höchli,Zug,Schweiz,Dorfstr. 15a,,,,581,478,,,1059,hcp
pfizer,Patrick Monnier,La Chaux-de-Fonds,Schweiz,Avenue Léopold-Robert 12,,,,484,837,,,1321,hcp
pfizer,Patrick Roth,Wädenswil,Schweiz,Bahnhofstr. 4,,,,,,420,,420,hcp
pfizer,Patrizia Frösch,Muralto,Schweiz,Via Camelia 1,,,,,,1000,,1000,hcp
pfizer,Peter Dür,Steinhausen,Schweiz,Bannstr. 31,,,,,,800,,800,hcp
pfizer,Peter Gnehm,Bern,Schweiz,Bottigenstr. 6,,,,111,123,,,234,hcp
pfizer,Peter Kremer,Zürich,Schweiz,Seestr. 315,,,,,,350,,350,hcp
pfizer,Peter Reber,Baden,Schweiz,Bäderstr. 16,,,,,,70,,70,hcp
pfizer,Peter Tölle,Basel,Schweiz,Weiherweg 54,,,,427,293,,,720,hcp
pfizer,Petra Rindova Stelzer,Küsnacht ZH,Schweiz,Untere Dorfstr. 2,,,,1009,734,1190,,2933,hcp
pfizer,Philippe Barazzone,Genève,Schweiz,Rond-Point de Plainpalais 7,,,,,99,350,,449,hcp
pfizer,Philippe Eggimann,Lausanne,Schweiz,Rue du Bugnon 46,,,,,,18855,2461,21316,hcp
pfizer,Philippe Lyrer,Basel,Schweiz,Benkenstr. 40,,,,,,1400,,1400,hcp
pfizer,Philippe von Burg,Solothurn,Schweiz,Schöngrünstr. 38,,,,,388,2800,,3188,hcp
pfizer,Pia Christina Schiffer Burkolter,Zofingen,Schweiz,Rathausgasse 9,,,,,,210,,210,hcp
pfizer,Pierre Quadri,St-Imier,Schweiz,Rue du Temple 3,,,,,,770,,770,hcp
pfizer,Pierre Reust,Genève,Schweiz,Avenue Krieg 7,,,,,,70,,70,hcp
pfizer,Pierre-André Guerne,Bellevue,Schweiz,Chemin de la Chenaie,,,,,,4000,103,4103,hcp
pfizer,Pierre-Yves Bochud,Lausanne,Schweiz,Rue du Bugnon 46,,,,339,1017,,,1356,hcp
pfizer,Platon Misovoulos,Sion,Schweiz,Avenue de Tourbillon 42,,,,,,500,,500,hcp
pfizer,Racem Bouzguenda,Peseux,Schweiz,Rue du Chateaux 9,,,,,,1000,,1000,hcp
pfizer,Raffaella Cristina Mordasini,Bern,Schweiz,Freiburgstr. 4,,,,484,980,,,1464,hcp
pfizer,Rainer Klöti,Brugg AG,Schweiz,Fröhlichstr. 5,,,,,,700,,700,hcp
pfizer,Rainer Kobelt,Wabern,Schweiz,Seftigenstr. 240,,,,415,,,,415,hcp
pfizer,Rainer Matthias Arendt,Zürich,Schweiz,Klausstr. 10,,,,,150,,,150,hcp
pfizer,Ralph Ringer,Zürich,Schweiz,Lengghalde 2,,,,602,1169,,,1771,hcp
pfizer,Raphael Haberthür,Breitenbach,Schweiz,Alice Vogt-Str. 2,,,,389,2416,,,2805,hcp
pfizer,Raymond Gaillet,Thun,Schweiz,Bälliz 49,,,,111,191,,,302,hcp
pfizer,Reinhard Lehner,Sarnen,Schweiz,Marktstr. 7,,,,547,1423,,,1970,hcp
pfizer,Reinhard Zenhäusern,Glis,Schweiz,Zenhäusernstr. 28,,,,,,1000,,1000,hcp
pfizer,René Knollmann,Einsiedeln,Schweiz,Spitalstr. 28,,,,,401,,,401,hcp
pfizer,Reto Frey,Zürich,Schweiz,Albisriederplatz 3,,,,581,389,,,970,hcp
pfizer,Reto Widrig,Rorschach,Schweiz,Mühletobelstr. 65,,,,,,210,,210,hcp
pfizer,Robert Alfred Mueller,Bolligen,Schweiz,Herrenwäldlirain 21a,,,,484,866,,,1350,hcp
pfizer,Robert Steffen,Küsnacht ZH,Schweiz,Grundwiesstr. 24,,,,,,1200,,1200,hcp
pfizer,Roger François Stucki,Vevey,Schweiz,Rue du Lac 39,,,,,,1750,,1750,hcp
pfizer,Rolf Gerny,Thun,Schweiz,Frutigenstr. 6,,,,427,334,350,,1111,hcp
pfizer,Rolf Maager,Reinach BL,Schweiz,Hintere Bergstr.,,,,,,1400,,1400,hcp
pfizer,Rolf Temperli,Liebefeld,Schweiz,Waldeggstr. 30,,,,,,1400,,1400,hcp
pfizer,Rüdiger Müller,St. Gallen,Schweiz,Rorschacherstr. 95,,,,300,7268,4400,93,12061,hcp
pfizer,Sabine Druschke,Amriswil,Schweiz,Kirchstr. 1,,,,,358,,,358,hcp
pfizer,Sabrina Zortea,Chur,Schweiz,Heidiweg 7,,,,,,800,,800,hcp
pfizer,Saida Parlato,Bellinzona,Schweiz,Via Ospedale,,,,433,509,,,942,hcp
pfizer,Sara Bastian,Chur,Schweiz,Loestr. 170,,,,,567,,,567,hcp
pfizer,Sarah Tschudin Sutter,Basel,Schweiz,Petersgraben 4,,,,,1030,,,1030,hcp
pfizer,Se-ll Yoon,Sursee,Schweiz,Centralstr. 35,,,,484,733,,,1217,hcp
pfizer,Semavet Nega,Riehen,Schweiz,Bettingerstr. 116,,,,111,65,,,176,hcp
pfizer,Sibylle Stingelin Guerne,Versoix,Schweiz,Chemin J.-B.-Vandelle 10,,,,,56,,,56,hcp
pfizer,Silke Jahr,Rapperswil SG,Schweiz,Rathausstr. 2,,,,602,1646,350,,2598,hcp
pfizer,Simone Karmann,Luzern,Schweiz,Spitalstr. 31,,,,,695,,,695,hcp
pfizer,Sophie Maillard,Marsens,Schweiz,Rue de l'Hôpital 140,,,,433,379,,,812,hcp
pfizer,Sophie Martin du Pan Pruijm,Genève,Deutschland,Avenue De La Roseraie 76A,,,,322,337,,,659,hcp
pfizer,Spasenija Savic Prince,Basel,Schweiz,Benkenstr. 65,,,,,,1000,,1000,hcp
pfizer,Stefan Bachmann,Valens,Schweiz,Taminaplatz 1,,,,602,1434,350,,2386,hcp
pfizer,Stefan Bützberger,Schinznach Bad,Schweiz,Badstr. 55,,,,427,327,,,754,hcp
pfizer,Stefan Fritz,Mühledorf,Schweiz,Büel,,,,,,1200,,1200,hcp
pfizer,Stefan Persili,Chur,Schweiz,Gäuggelistr. 37,,,,,,350,,350,hcp
pfizer,Stefanie Graf,Bern,Schweiz,Freiburgstr. 18,,,,,255,,,255,hcp
pfizer,Stefano Bianchi,Genève,Schweiz,Route de Malagnou 4OA,,,,,,1106,626,1732,hcp
pfizer,Steffen Gay,Zürich,Schweiz,Gloriastr. 25,,,,,1613,10980,9404,21997,hcp
pfizer,Steffen Lang,Landschlacht,Schweiz,Vorderdorfstr. 28,,,,,303,,,303,hcp
pfizer,Stephan Fleig,Kreuzlingen,Schweiz,Schützenstr. 1,,,,,371,,,371,hcp
pfizer,Stephan Zbinden,Langnau im Emmental,Schweiz,Dorfbergstr. 10,,,,111,211,,,322,hcp
pfizer,Stéphane Berclaz,Sierre,Schweiz,Avenue du General Guisan 18,,,,,111,,,111,hcp
pfizer,Stéphane Reverdin,Lausanne,Schweiz,Avenue Jomini 8,,,,,681,,,681,hcp
pfizer,Stephanie von Orelli,Zürich,Schweiz,Birmensdorferstr. 501,,,,389,4916,,,5305,hcp
pfizer,Susanna Enderlin,Zürich,Schweiz,Bederstr. 51,,,,322,613,,,935,hcp
pfizer,Susanne Buchholz,Zürich,Schweiz,Toblerstr. 51,,,,,,1000,,1000,hcp
pfizer,Susanne Zimmermann,Schaffhausen,Schweiz,Geissbergstr. 81,,,,433,509,,,942,hcp
pfizer,Sven Steinbronn,Colobier,Schweiz,Rue du College 17,,,,,316,,,316,hcp
pfizer,Thomas Daikeler,Basel,Schweiz,Petersgraben 4,,,,547,1423,,,1970,hcp
pfizer,Thomas Krech,Frauenfeld,Schweiz,Thundorferstr. 194b,,,,,545,2160,,2705,hcp
pfizer,Thomas Lehmann,Teufen,Schweiz,Schützenbergstr. 31,,,,,,1000,,1000,hcp
pfizer,Thomas Reygaerts,Fribourg,Schweiz,Chemin des Pensionnats 2-6,,,,,99,,,99,hcp
pfizer,Thomas Winder,Zürich,Schweiz,Biberlinstr. 5,,,,,,1000,,1000,hcp
pfizer,Timothy Cunningham,Genève,Schweiz,Boulevard des Tranchees 24,,,,,56,,,56,hcp
pfizer,Ueli Christian Studer,Bern,Schweiz,Bahnhofplatz 1,,,,547,1027,,,1574,hcp
pfizer,Ulrich Heininger,Basel,Schweiz,Spitalstr. 33,,,,,,1080,80,1160,hcp
pfizer,Ulrich Mey,Chur,Schweiz,Neubruchstr. 11,,,,,,1400,,1400,hcp
pfizer,Ulrich Walker,Basel,Schweiz,Petersgraben 4,,,,439,2285,,,2724,hcp
pfizer,Urs Beat Gröflin,Binningen,Schweiz,Hauptstr. 3,,,,,292,,,292,hcp
pfizer,Urs Gäumann,Murten,Schweiz,Champ Oliver 24,,,,322,632,,,954,hcp
pfizer,Urs Hess,Eggersriet,Schweiz,Benslistr. 6a,,,,,,1400,,1400,hcp
pfizer,Urs Heusser,Winterthur,Schweiz,Stadthausstr. 75,,,,547,1942,,,2489,hcp
pfizer,Urs Ulrich,Langenthal,Schweiz,Marktgasse 1,,,,,,800,,800,hcp
pfizer,Ursula Hasler-Strub,St. Gallen,Schweiz,Rorschacherstr. 95,,,,389,4251,,,4640,hcp
pfizer,Ursula Maria Flückiger,Küttigen,Schweiz,Burghaldeweg 18a,,,,,,2800,,2800,hcp
pfizer,Ursula Meierhofer,Zürich,Schweiz,Altstetterstr. 142,,,,547,1489,140,,2176,hcp
pfizer,Uwe Grommas,Kreuzlingen,Schweiz,Weinbergstr. 1,,,,,109,,,109,hcp
pfizer,Valentin Gisler,Bern,Schweiz,Freiburgstr. 8,,,,339,813,,,1152,hcp
pfizer,Verena Kreiliger,Basel,Schweiz,Spitalstr. 33,,,,,695,,,695,hcp
pfizer,Veronique Grobéty,Fribourg,Schweiz,Chemin des Pensionnats 2-6,,,,322,785,,,1107,hcp
pfizer,Vlastra Zavadova,Olten,Schweiz,Florastr. 14,,,,433,425,,,858,hcp
pfizer,Walo Alexander Iseli,Liestal,Schweiz,Weierweg 7,,,,322,638,140,,1100,hcp
pfizer,Walter Schweizer,Rheinfelden,Schweiz,Roberstenstr. 31,,,,427,349,,,776,hcp
pfizer,Wei Wang,Utzenstorf,Schweiz,Hauptstr. 15f,,,,111,254,,,365,hcp
pfizer,Werner Karrer,Crans-Montana,Schweiz,Route Prabe 3,,,,,,1400,,1400,hcp
pfizer,Werner Sutter,Frauenfeld,Schweiz,Zürcherstr. 167,,,,,,210,,210,hcp
pfizer,Wolf-Dieter Janthur,Aarau,Schweiz,Tellstr. 1,,,,,4447,,,4447,hcp
pfizer,Wolfram Jochum,Mörschwil,Schweiz,Bachwiesstr. 11,,,,,,1000,,1000,hcp
pfizer,Yves Christen,Lausanne,Schweiz,Chemin de Pre-Fleuri 6,,,,,837,,,837,hcp
pfizer,Yves Jaccard,Genolier,Schweiz,Route du Muids 3,,,,322,845,630,,1797,hcp
pfizer,Zdenek Skruzny,St. Gallen,Schweiz,Schreinerstr. 7,,,,,,350,,350,hcp
