company,name,location,country,address,uci,donations_grants,sponsorship,registration_fees,travel_accommodation,fees,related_expenses,total,type
pierrefabre,Ärztenetzwerk DOXnet,Bremgarten,Schweiz,Aeschenbrunnmattstr. 9,,,2000,,,,,2000,hco
pierrefabre,Ärztenetzwerk Grauholz,Urtenen-Schönbühl,Schweiz,Solothurnerstr. 43,,,2000,,,,,2000,hco
pierrefabre,Association des médcins de famille Fribourg,Riaz,Schweiz,Terreaux 4,,,2000,,,,,2000,hco
pierrefabre,Association Genevoise d'Asthme,Genève,Schweiz,,,,1000,,,,,1000,hco
pierrefabre,BBS Congress GmbH,Bern,Schweiz,Rabbentalstr. 83,,,2550,,,,,2550,hco
pierrefabre,BEBO Verlag & Training GmbH,Uster,Schweiz,Loren-Allee 12,,,500,,,,,500,hco
pierrefabre,BGP Products GmbH,Baar,Schweiz,Neuhofstr. 23,,,1500,,,,,1500,hco
pierrefabre,BV Congress Creating GmbH,Gossau,Schweiz,Industriestr.,,,4160,,,,,4160,hco
pierrefabre,CCAC (Centre de Chimiothérapie Anti-Cancéreuse) SA,Lausanne,Schweiz,av. Vinet 19 bis,,,1000,,,,,1000,hco
pierrefabre,CHUV Centre Hospitalier Universitaire Vaudois,Lausanne,Schweiz,Rue du Bugnon 46,,,,4361.33,,,,4361.33,hco
pierrefabre,Circolo Medico del Bell.,Bellinzona,Schweiz,,,,500,,,,,500,hco
pierrefabre,Circolo Medico Locarno e Dintorni,Ascona,Schweiz,Via Lido,,,1000,,,,,1000,hco
pierrefabre,Congrex Switzerland Ltd,Basel,Schweiz,Peter Merian Str. 80,,,7000,,,,,7000,hco
pierrefabre,ESMO European Society for Medical Oncology,Viganello,Schweiz,Via L. Taddei 4,,,,308,,,,308,hco
pierrefabre,FoROMe,Lausanne,Schweiz,,,,1500,,,,,1500,hco
pierrefabre,Groupe Médecine & Hygiène,Chêne-Bourg,Schweiz,,,,1000,,,,,1000,hco
pierrefabre,Gruppo di medicina manuale della Svizzera italiana,Novaggio,Schweiz,,,,750,,,,,750,hco
pierrefabre,Gruppo Medico Formazione,Roveredo,Schweiz,San Fedele,,,3300,,,,,3300,hco
pierrefabre,GSASA Schweizerischer Verein der Amts- und Spitalapotheker,Bern,Schweiz,Postfach,,,,3000,,,,3000,hco
pierrefabre,GZO AG Spital Wetzikon,Wetzikon,Schweiz,Spitalstr.,,,,356.87,533.33,,,890.2,hco
pierrefabre,Hirslanden Klinik im Park,Zürich,Schweiz,Seestr. 220,,,500,,,,,500,hco
pierrefabre,HUG Hôpitaux Universitaires Genève,Genève,Schweiz,,,,1000,,,,,1000,hco
pierrefabre,"HUG, Maternité",Genève,Schweiz,Boulevard de la Cluse 30,,,,4000,,,,4000,hco
pierrefabre,Inselspital,Bern,Schweiz,Effingerstr. 102,,,1500,,,,,1500,hco
pierrefabre,Institut für Medizin und Kommunikation AG,Basel,Schweiz,Münsterberg,,,4320,,,,,4320,hco
pierrefabre,IOSI (Istituto Oncologico della Svizzera Italiana),Bellinzona,Schweiz,Via Ospedale,,,5000,,,,,5000,hco
pierrefabre,Kantonsspital Aarau,Aarau,Schweiz,Tellstr.,,,2000,,,,,2000,hco
pierrefabre,Kantonsspital Aarau,Aarau,Schweiz,,,,2100,,,,,2100,hco
pierrefabre,Kantonsspital Baden,Baden,Schweiz,Im Ergel 1,,,,1058.8,,,,1058.8,hco
pierrefabre,Kantonsspital Basel,Basel,Schweiz,,,,1040,,,,,1040,hco
pierrefabre,Kantonsspital Graubünden,Chur,Schweiz,Loestr. 99,,,1500,,,,,1500,hco
pierrefabre,Kantonsspital St. Gallen,St. Gallen,Schweiz,Rorschacherstr. 95,,,3000,,,,,3000,hco
pierrefabre,Kantonsspital St. Gallen,St. Gallen,Schweiz,Rorschacher Str. 95,,,4000,,,,,4000,hco
pierrefabre,Kantonsspital Winterthur,Winterthur,Schweiz,Brauerstr. 15,,,7500,261.47,961.33,,,8722.8,hco
pierrefabre,KMS Kongress Management Swiss,Bern,Schweiz,,,,3840,,,,,3840,hco
pierrefabre,LUKS Sursee-Wolhusen/Aerztegesellschaft Gäu/SPZ Nottwil,Sursee,Schweiz,,,,1000,,,,,1000,hco
pierrefabre,Luzerner Kantonsspital,Luzern,Schweiz,,,,4000,,,,,4000,hco
pierrefabre,Medworld,Steinhausen,Schweiz,,,,5400,,,,,5400,hco
pierrefabre,Medworld,Steinhausen,Schweiz,Sennweidstr. 46,,,3920,,,,,3920,hco
pierrefabre,mmconsult volante GmbH,Cham,Schweiz,Riedstr. 1,,,4000,,,,,4000,hco
pierrefabre,mmconsult volante GmbH,Cham,Schweiz,Riedstr. 1,,,2000,,,,,2000,hco
pierrefabre,Onkologiepflege Schweiz,Kleinandelfingen,Schweiz,Hirstigstr. 13,,,,9150,,,,9150,hco
pierrefabre,Ordine dei Medici del Canton Ticino,Bellinzona,Schweiz,,,,1600,,,,,1600,hco
pierrefabre,Ospedale EOC,Viganello,Schweiz,Via Capelli,,,,761.47,961.33,,,1722.8,hco
pierrefabre,Osteoclub Ticino,Lugano,Schweiz,Via Moncucco 10,,,500,,,,,500,hco
pierrefabre,Quadrimed,Crans-Montana,Schweiz,,,,4550,,,,,4550,hco
pierrefabre,Remed,Genève,Schweiz,Chemin de Beau-Soleil 22,,,1000,,,,,1000,hco
pierrefabre,SAKK - Schweizerische Arbeitsgemeinschaft für Klinische Krebsforschung,Bern,Schweiz,Effingerstr. 40,,,5000,3000,,,,8000,hco
pierrefabre,SAMO Swiss Academy of Multidisciplinary Oncology,Bern,Schweiz,Effingerstr. 40,,,,3000,,,,3000,hco
pierrefabre,Schweinzerische Gesellschaft für Allgemeine Innere Medizin,Bern,Schweiz,,,,5880,,,,,5880,hco
pierrefabre,See-Spital Horgen,Horgen,Schweiz,Asylstr. 19,,,1000,,,,,1000,hco
pierrefabre,Soc. d'imagerie muscolo-squelettique,Sion,Schweiz,Rue du Scex 2,,,500,,,,,500,hco
pierrefabre,Societa Ultrasonologia Medica Svizzera Italiana,Mezzovico,Schweiz,Via Piraree,,,300,,,,,300,hco
pierrefabre,Spital Uster,Uster,Schweiz,Brunnenstr. 42,,,,526.47,533.33,,,1059.8,hco
pierrefabre,St. Gallen Oncology Conferences,St. Gallen,Schweiz,Rorschacherstr. 150,,,,5140,,,,5140,hco
pierrefabre,Stadtspital Triemli,Zürich,Schweiz,Birmensdorferstr. 497,,,,1000,,,,1000,hco
pierrefabre,Swiss Professional Media AG,Basel,Schweiz,Grosspeterstr. 23,,,2000,,,,,2000,hco
pierrefabre,Universitäts-Kinderspital Zürich,Zürich,Schweiz,Steinwiesstr. 75,,,1000,,,,,1000,hco
pierrefabre,Universitätsspital Basel,Basel,Schweiz,Petersgraben 4,,,3750,3026.47,533.33,,,7309.8,hco
pierrefabre,UniversitätsSpital Zürich,Zürich,Schweiz,Rämistr. 100,,,3500,508.8,961.33,,,4970.13,hco
pierrefabre,Verein Lunge Zürich,Zürich,Schweiz,Pfingstweidstr. 10,,,3980,,,,,3980,hco
pierrefabre,Vereinigung ZH Internisten,Zürich,Schweiz,Birmensdorfertrasse,,,3800,,,,,3800,hco
pierrefabre,Zeller Medical AG,Romanshorn,Schweiz,Seeblickstr.,,,2000,,,,,2000,hco
pierrefabre,Zuger Kantonsspital AG,Baar,Schweiz,Landhausstr. 11,,,,161.33,825,,,986.33,hco
pierrefabre,Alexander Müller,Zürich,Schweiz,Frauenklinikstr. 10,,,,,,1800,,1800,hcp
pierrefabre,Alfons Loher,St. Gallen,Schweiz,Vadianstr. 59,,,,295.35,676.05,,,971.4,hcp
pierrefabre,Andrea Scatizza,Lugano,Schweiz,Via Pretorio,,,1500,,,,,1500,hcp
pierrefabre,Argentina Stauber,Leibstadt,Schweiz,Oelhofstr. 377,,,,295.35,676.05,,,971.4,hcp
pierrefabre,Bächli-Wey,Brugg,Schweiz,Bahnhofstr. 24,,,,295.35,676.05,,,971.4,hcp
pierrefabre,Blickenstorfer,Dübendorf,Schweiz,Marktgasse 3,,,,295.35,676.05,,,971.4,hcp
pierrefabre,Cabinet Geneviève Michel-Reymond,Lausanne,Schweiz,Avenue de l'Avant-Poste 2,,,,161.33,,,,161.33,hcp
pierrefabre,Carla Maissen,Chur,Schweiz,Bahnhofstr. 14,,,,295.35,676.05,,,971.4,hcp
pierrefabre,Conrad Frei,Hausen b. Brugg,Schweiz,Hauptstr. 40,,,,295.35,533.95,,,829.3,hcp
pierrefabre,Dojciovic / Romero,Villars-sur-Glâne,Schweiz,Rue du Centre 12,,,200,,,,,200,hcp
pierrefabre,Dominik Marti,Basel,Schweiz,Rütimeyerplatz 9,,,,295.35,511.85,,,807.2,hcp
pierrefabre,Haidi Lorger,Zürich,Schweiz,Dufourstr. 143,,,,295.35,368.9,,,664.25,hcp
pierrefabre,Hansjörg Danuser,Meggen,Schweiz,Altstadtstr. 22,,,,,,1000,106,1106,hcp
pierrefabre,Insitut Multidsciplinaire D'Oncologie Imo,Genolier,Schweiz,Route du Muids 1,,,,,524.15,2171.6,,2695.75,hcp
pierrefabre,Isabel Reilly,Schaffhausen,Schweiz,Steigstr. 51,,,,,,1000,84.25,1084.25,hcp
pierrefabre,Jorge Tapia,Zug,Schweiz,Baarerstr. 75,,,2500,,,,,2500,hcp
pierrefabre,Katja Deseö,Zürich,Schweiz,Dufourstr. 143,,,,295.35,368.9,,,664.25,hcp
pierrefabre,Konstantin Vourtsis,Emmenbrücke,Schweiz,Seetalstr. 20,,,,295.35,676.05,,,971.4,hcp
pierrefabre,Laurent Dukas,Basel,Schweiz,Wiesendamm 22,,,,295.35,610.05,,,905.4,hcp
pierrefabre,Martin Umbehr,Zürich,Schweiz,Birmensdorfertrasse,,,,,,1000,,1000,hcp
pierrefabre,Marzia Conti,Pregassona,Schweiz,Via alle Vigne 7,,,,537.07,961.33,,,1498.4,hcp
pierrefabre,Mathias Schmidt,St. Peterzell,Schweiz,,,,,295.35,479.1,,,774.45,hcp
pierrefabre,Nigolian,Carouge,Schweiz,"14, rue J.-Dalphin",,,500,,,,,500,hcp
pierrefabre,Philipp Martin,Allschwil,Schweiz,Baslerstr. 96,,,,295.35,777.5,,,1072.85,hcp
pierrefabre,Rudolf Wissmann,St. Gallen,Schweiz,Rosenbergstr. 76,,,,295.35,508.05,,,803.4,hcp
pierrefabre,Sadi Ulugöl-Bissig,Winterthur,Schweiz,Bahnhofplatz 5a,,,,295.35,541.35,,,836.7,hcp
pierrefabre,Urs Keller,Sargans,Schweiz,Bahnhofpark 2,,,,295.35,575.35,,,870.7,hcp
