company,name,location,country,address,uci,donations_grants,sponsorship,registration_fees,travel_accommodation,fees,related_expenses,total,type
roche,AarReha Schinznach,Schinznach Bad,Schweiz,Badstr. 55,,,500,0,0,0,0,500,hco
roche,ADMED Pathologie,Neuchâtel,Schweiz,Avenue de Bellevaux 4A,,,0,0,0,1500,0,1500,hco
roche,Ärztegesellschaft des Kantons Luzern,Wolhusen,Schweiz,Schwanenplatz 7,,,1000,0,0,0,0,1000,hco
roche,Aurigen SA centre degénétique et pathologie,Lausanne,Schweiz,Avenue de Sevelin 18,,,0,0,0,5000,0,5000,hco
roche,Bethesda Spital AG,Basel,Schweiz,Gellertstr. 144,,,2000,0,139,0,0,2139,hco
roche,Biopath Lab SA,Lausanne,Schweiz,Rue du Liseron 11,,,0,0,0,3500,0,3500,hco
roche,Bürgerspital Basel,Basel,Schweiz,Friedrich Miescher-Str. 30,,,0,0,0,115768,0,115768,hco
roche,CHUV,Lausanne,Schweiz,Rue du Bugnon 46,,,102500,4056,18180,39171,963,164870,hco
roche,Clinica Luganese Moncucco SA,Lugano,Schweiz,Via Moncucco 10,,,3000,0,0,0,0,3000,hco
roche,Clinique romande de réadaptation,Sion,Schweiz,Avenue Grand-Champsec 90,,,3000,0,0,0,0,3000,hco
roche,Dr Ouwerkerk AG,Baar,Schweiz,Blegistr. 5,,,54788,6000,0,0,0,60788,hco
roche,ESMO European Society for Medical Oncology,Viganello,Schweiz,Via Luigi Taddei 4,,,195545,1509717,0,0,0,1705262,hco
roche,ETH Zürich Foundation,Zürich,Schweiz,Auf der Mauer 17,,,500000,0,0,0,0,500000,hco
roche,European Association of Dermato-Oncology,Glattbrugg,Schweiz,Flughofstr. 54,,,132225,0,0,0,0,132225,hco
roche,European Committee for Treatment and Research in Multiple Sclerosis,Basel,Schweiz,Peter Merian-Str. 80,,,485912,0,0,0,0,485912,hco
roche,European League Against Rheumatism,Kilchberg,Schweiz,Seestr. 240,,,321557,0,0,0,0,321557,hco
roche,Fondation ADMed PATHOLOGIE AD,Boudevilliers,Schweiz,Rue Comble-Emine 1,,,1000,0,0,0,0,1000,hco
roche,Fondation du Centre de Chimiothérapie Anti-Cancéreuse,Lausanne,Schweiz,Avenue Alexandre-Vinet 19 bis,,,1000,0,0,0,0,1000,hco
roche,Fondation fribourgeoise pour la recherche et la formation sur le cancer,Bourguillon,Schweiz,Rue Max von Sachsen 4,,5000,0,0,0,0,0,5000,hco
roche,frauenarztzentrum aargau ag,Baden,Schweiz,Bernerstr. 27,,0,0,0,0,1500,0,1500,hco
roche,Gesellschaft für Physikalische Medizin u. Rheumatologie der Nordostschweiz,Kreuzlingen,Schweiz,Hauptstr. 38,,0,900,0,0,0,0,900,hco
roche,Groupe des Pneumologues Genevois,Genève,Schweiz,Rue de la Servette 55,,0,0,0,0,0,500,500,hco
roche,Haematology Nurse & Healthcare Professionals Group,Winterthur,Schweiz,Espenstr. 33,,0,4000,0,0,0,0,4000,hco
roche,HFR Fribourg,Fribourg,Schweiz,Chemin des Pensionnats 2-6,,0,3000,0,0,11420,0,14420,hco
roche,Hôpital de Nyon / GHOL,Nyon,Schweiz,Chemin Monastier 10,,0,400,0,0,0,0,400,hco
roche,Hôpital du Jura Site de Porrentruy,Porrentruy,Schweiz,Chemin de l'Hôpital 9,,0,800,0,0,0,0,800,hco
roche,Hôpital du Valais,Sion,Schweiz,Avenue du Grand-Champsec 80,,0,4500,0,0,0,0,4500,hco
roche,Hôpital neuchâtelois,Neuchâtel,Schweiz,Rue de la Maladière 45,,0,0,195,98,10270,0,10563,hco
roche,Hôpital neuchâtelois La Chaux-de-Fonds,La Chaux-de-Fonds,Schweiz,Rue du Chasseral 20,,0,0,0,321,0,0,321,hco
roche,Hôpital Riviera-Chablais Site de Monthey,Monthey,Schweiz,Route de Morgins 54,,0,0,0,0,700,0,700,hco
roche,Hôpital Riviera-Chablais Site du Samaritain,Vevey,Schweiz,Boulevard Paderewski 3,,4500,0,0,0,0,0,4500,hco
roche,Hôpitaux Universitaires de Genève,Genève,Schweiz,Rue Gabrielle-Perret-Gentil 4,,41000,100559,0,0,10740,0,152299,hco
roche,Hypertension Research Foundation,St-Légier,Schweiz,Derrey le Motty 8,,0,2000,0,0,0,0,2000,hco
roche,IELSG -International Extranodal Lymphoma Study Group,Bellinzona,Schweiz,Ospedale San Giovanni,,10000,0,0,0,0,0,10000,hco
roche,IMK Institut für Medizin und Kommunikation AG,Basel,Schweiz,Münsterberg 1,,20000,3840,0,0,0,0,23840,hco
roche,Inselspital Bern AG,Bern,Schweiz,Freiburgstr. 18,,25000,15000,4141,12856,14115,76,71186,hco
roche,Inselspital-Stiftung Stiftungen und Fonds,Bern,Schweiz,Freiburgstr. 18,,35000,17650,0,110,21138,1335,75233,hco
roche,Institut für histologische und zytologische Diagnostik AG,Aarau,Schweiz,Dammweg 1,,0,0,0,0,2700,0,2700,hco
roche,International Breast Cancer Study Group,Bern,Schweiz,Effingerstr. 40,,0,5000,0,0,0,0,5000,hco
roche,International Society of Paediatric Oncology,Genève,Schweiz,Rue François-Versonnex 7,,0,19768,0,0,0,0,19768,hco
roche,Kantonsspital Aarau AG,Aarau,Schweiz,Tellstr.,,18000,12800,1625,13051,13580,0,59057,hco
roche,Kantonsspital Baden AG,Baden,Schweiz,Im Ergel 1,,2000,3500,1844,2523,3750,500,14117,hco
roche,Kantonsspital Baselland,Liestal,Schweiz,Rheinstr. 26,,0,0,621,6049,5463,0,12132,hco
roche,Kantonsspital Frauenfeld,Frauenfeld,Schweiz,Pfaffenholzstr. 4,,0,3000,0,0,7450,0,10450,hco
roche,Kantonsspital Graubünden,Chur,Schweiz,Loestr. 170,,1852,5000,1999,5779,10550,0,25180,hco
roche,Kantonsspital Münsterlingen,Münsterlingen,Schweiz,Spitalcampus 1,,0,0,0,0,3000,1500,4500,hco
roche,Kantonsspital St. Gallen,St. Gallen,Schweiz,Rorschacher Str. 95,,4000,72180,2180,15630,27435,0,121425,hco
roche,Kantonsspital Winterthur,Winterthur,Schweiz,Brauerstr. 15,,0,6000,0,0,5458,0,11458,hco
roche,Klinik St. Katharinental,Diessenhofen,Schweiz,Klinik St. Katharinental,,0,1000,0,0,0,0,1000,hco
roche,Leukemia Patient Advocates Foundation,Bern,Schweiz,"Münzgraben 6, P. O. B. 453",,0,64113,0,0,0,0,64113,hco
roche,LGID Foundation Liver & Gastrointest. Disease Foundation,Zürich,Schweiz,Seehofstr. 4,,15000,2000,0,0,0,0,17000,hco
roche,Ligue Genevoise Contre le Rhumatisme,Genève,Schweiz,Rue Merle-d'Aubigné 22,,1000,0,0,0,0,0,1000,hco
roche,Ligue vaudoise contre le rhumatisme,Lausanne,Schweiz,Avenue de Provence 12,,926,0,0,0,0,0,926,hco
roche,Lung Cancer Europe,Bern,Schweiz,Effingerstr. 40,,0,28851,0,0,0,0,28851,hco
roche,Lungenpraxis Aarau,Aarau,Schweiz,Schanzweg 7,,0,2000,0,0,0,0,2000,hco
roche,LungenZentrum Hirslanden,Zürich,Schweiz,Witellikerstr. 40,,0,0,0,0,500,0,500,hco
roche,Luzerner Kantonsspital,Luzern,Schweiz,Spitalstr.,,0,52274,1271,6265,13176,0,72986,hco
roche,marketing connection,Hünibach,Schweiz,Parkweg 9,,0,2000,0,0,0,0,2000,hco
roche,Medical Image Analysis Center,Basel,Schweiz,Mittlere-Str. 83,,0,0,0,0,1282,0,1282,hco
roche,Mediscience GmbH,Küssnacht am Rigi,Schweiz,Bahnhofstr. 17,,0,25000,0,0,0,0,25000,hco
roche,Meeting Com Congress Organisation,Cheseaux-sur-Lausanne,Schweiz,Rue des Pâquis 1,,0,5000,0,0,0,0,5000,hco
roche,Oncologia Varini Calderoni Christinat Bianchi,Lugano,Schweiz,Via Fogazzaro 3,,0,0,0,0,5000,0,5000,hco
roche,Onkologiepflege Schweiz,Kleinandelfingen,Schweiz,Hirstigstr. 13,,0,25750,0,0,0,0,25750,hco
roche,Onkologiepraxis Bellevue,Zürich,Schweiz,Stadelhoferstr. 42,,0,0,0,0,7000,0,7000,hco
roche,Onkozentrum Hirslanden,Zürich,Schweiz,Witellikerstr. 40,,0,0,616,4600,750,0,5966,hco
roche,Onkozentrum Zürich AG,Zürich,Schweiz,Seestr. 259,,0,0,195,98,750,0,1043,hco
roche,Ospedale Regionale Bellinzona e Valli Ospedale San Giovanni EOC,Bellinzona,Schweiz,Via Ospedale,,0,0,0,0,1500,0,1500,hco
roche,Ospedale Regionale di Lugano Ospedale Civico,Lugano,Schweiz,Via Tesserete 46,,10000,30600,0,0,61500,0,102100,hco
roche,Paracelsus-Spital Richterswil AG,Richterswil,Schweiz,Bergstr. 16,,0,1000,0,0,0,0,1000,hco
roche,Pathologie Institut Enge,Zürich,Schweiz,Hardturmstr. 133,,0,0,0,0,0,1500,1500,hco
roche,Pathologie Länggasse Bern,Ittigen,Schweiz,Worblentalstr. 32 West,,0,0,0,0,1200,1500,2700,hco
roche,Privatklinik Obach,Solothurn,Schweiz,Leopoldstr. 5,,0,2000,0,0,0,0,2000,hco
roche,Rehazentrum Valens Kliniken Valens,Valens,Schweiz,Taminaplatz 1,,0,4000,0,0,0,0,4000,hco
roche,Réseau Lausannois du Sein,Lausanne,Schweiz,Rue de la Vigie 5,,0,2000,0,0,0,0,2000,hco
roche,Rheuma Schweiz,Zürich,Schweiz,Aargauerstr. 250,,0,97830,0,0,0,0,97830,hco
roche,Rheumakränzli Zentralschweiz,Meggen,Schweiz,Mättelistr. 7,,0,1000,0,0,0,0,1000,hco
roche,Rheumasearch Foundation,Genève,Schweiz,"57, rue du Rhône",,0,5000,0,0,0,0,5000,hco
roche,S. Grasso Consulting,Lindau,Schweiz,Fischeracherstr. 17,,0,16300,0,0,0,0,16300,hco
roche,SAKK Schweizer Arbeitsgemeinsch aft für Klinische Krebsforschung,Bern,Schweiz,Effingerstr. 33,,95000,33500,0,0,0,0,128500,hco
roche,Schweiz. Gesellschaft für Allergologie und Immunologie,Bern,Schweiz,Scheibenstr. 20,,0,2400,0,0,0,0,2400,hco
roche,Schweiz. Gesellschaft für Dermatologie und Venerologie,Bern,Schweiz,Dalmazirain 11,,0,3300,0,0,0,0,3300,hco
roche,Schweiz. Gesellschaft für Herz- und thorakale Gefässchirurgie,Bern,Schweiz,Münstergasse 72,,0,1530,0,0,0,0,1530,hco
roche,Schweiz. Gesellschaft für Nephrologie,Worb,Schweiz,Postfach 567,,0,3120,0,0,0,0,3120,hco
roche,Schweiz. Gesellschaft für Pathologie,Oberkirch,Schweiz,Burghöhe 1,,0,6534,0,0,0,0,6534,hco
roche,Schweiz. Gesellschaft für Pneumologie,Bern,Schweiz,Chutzenstr. 10,,0,1530,0,0,0,0,1530,hco
roche,Schweizer Paraplegiker Forschung,Nottwil,Schweiz,Guido A. Zäch Str. 4,,0,0,0,0,3300,55,3355,hco
roche,Schweizerische Gesellschaft für Hämatologie,Münsingen,Schweiz,Innerer Giessenweg 37,,0,13000,0,0,0,0,13000,hco
roche,Schweizerische Gesellschaft für Kardiologie,Zürich,Schweiz,Schwarztorstr. 18,,0,1530,0,0,0,0,1530,hco
roche,Schweizerische Gesellschaft für Notfall- und Rettungsmedizin,Bern,Schweiz,Wattenwylweg 21,,0,0,0,0,250,0,250,hco
roche,Schweizerische Gesellschaft für Rheumatologie,Zürich,Schweiz,Josefstr. 92,,0,66196,0,0,0,0,66196,hco
roche,Schweizerische Multiple Sklerose Gesellschaft,Zürich,Schweiz,Josefstr. 129,,20000,0,0,0,0,0,20000,hco
roche,Schweizerische Pädiatrische Onkologie Gruppe SPOG,Bern,Schweiz,Effingerstr. 33,,0,1000,0,0,0,0,1000,hco
roche,Schweizerischer Verband Medizinischer Praxisfachpersonen,Bern,Schweiz,Monbijoustr. 35,,0,500,0,0,0,0,500,hco
roche,SCQM Foundation Swiss Clinical Quality Management,Zürich,Schweiz,Aargauerstr. 250,,0,81600,0,0,0,0,81600,hco
roche,SIRMED Schweizer Institut für Rettungsmedizin,Nottwil,Schweiz,Guido A. Zäch Str. 1,,0,0,0,0,2917,0,2917,hco
roche,Solothurner Spitäler AG,Solothurn,Schweiz,Schlössliweg 2-6,,0,0,0,0,926,0,926,hco
roche,Spital Limmattal,Schlieren,Schweiz,Urdorferstr. 100,,0,0,0,0,500,0,500,hco
roche,Spitalregion Rheintal Sargans Sarganserland Spital Grabs,Rebstein,Schweiz,Alte Landstr. 106,,0,1850,0,0,0,0,1850,hco
roche,St. Claraspital AG,Basel,Schweiz,Kleinriehenstr. 30,,0,0,0,0,1000,0,1000,hco
roche,Stiftung für klinische Forschung c/o Universitätsspital,Zürich,Schweiz,Rämistr. 100,,4800,0,0,0,0,0,4800,hco
roche,Stiftung für wissenschaftliche Forschung am Stadtspital Triemli,Zürich,Schweiz,Birmensdorferstr. 497,,0,11000,0,0,9620,0,20620,hco
roche,Stiftung SONK St. Gallen Oncology Conferences,St. Gallen,Schweiz,Rorschacher Str. 150,,0,8857,0,0,0,0,8857,hco
roche,Swiss Academy of Multidisciplinary Oncology,Bern,Schweiz,Effingerstr. 40,,0,46500,0,0,0,0,46500,hco
roche,Swiss Federation of Clinical Neuro-Societies,Basel,Schweiz,Münsterberg 1,,0,34000,0,0,0,0,34000,hco
roche,Swiss Tumor Immunology Institute,Zürich,Schweiz,Seestr. 259,,0,20000,0,0,2000,0,22000,hco
roche,Swiss Tumor Institute Sekretariat,Zürich,Schweiz,Seefeldstr. 214,,0,53400,0,0,0,0,53400,hco
roche,Swisstransplant Nationale Stiftung für Organspende und Transplantation,Bern,Schweiz,Effingerstr. 1,,1000,0,0,0,0,0,1000,hco
roche,TUCARE Dietikon,Dietikon,Schweiz,Heimstr. 1,,0,0,0,0,800,0,800,hco
roche,Tumor Zentrum Aarau AG,Aarau,Schweiz,Rain 34,,0,5000,402,944,0,0,6346,hco
roche,Tumorzentrum ZeTuP,Rapperswil,Schweiz,Alte Jonastr. 24,,0,0,195,98,0,0,293,hco
roche,Universität Basel,Basel,Schweiz,Petersplatz 1,,60000,7000,0,0,1000,0,68000,hco
roche,Universität Bern,Bern,Schweiz,Hochschulstr. 6,,0,0,0,0,1500,0,1500,hco
roche,Universität Zürich,Zürich,Schweiz,Rämistr. 71,,53000,21000,0,0,18250,0,92250,hco
roche,Universitäts-Kinderspital,Basel,Schweiz,Spitalstr. 33,,10000,0,0,0,1950,3529,15479,hco
roche,Universitätsspital Basel,Basel,Schweiz,Petersgraben 4,,60000,36200,2122,15675,63715,1000,178712,hco
roche,UniversitätsSpital Zürich,Zürich,Schweiz,Culmannstr. 8,,10000,61500,0,0,6425,0,77925,hco
roche,Verein Interdigest,Zürich,Schweiz,Toblerstr. 51,,0,500,0,0,0,0,500,hco
roche,Adam Czaplinski,Zürich,Schweiz,Theaterstr. 8,,,,359,336,1300,0,1995,hcp
roche,Adrian Dubs,Männedorf,Schweiz,Asylstr. 10,,,,421,1116,0,0,1537,hcp
roche,Adrian Forster,Winterthur,Schweiz,Brauerstr. 15,,,,0,2133,0,2400,4533,hcp
roche,Agnes Auteri,La Chaux-de-Fonds,Schweiz,Rue du Chasseral 20,,,,195,98,0,0,293,hcp
roche,Alden Moccia,Locarno,Schweiz,Via all'Ospedale 1,,,,366,795,4550,0,5711,hcp
roche,Alexander Dieterle,Birsfelden,Schweiz,Hauptstr. 70,,,,195,98,700,0,993,hcp
roche,Alexander Martin,Liestal,Schweiz,Rheinstr. 16,,,,0,0,500,0,500,hcp
roche,Alexander Siebenhüner,Zürich,Schweiz,Rämistr. 100,,,,195,98,0,0,293,hcp
roche,Alexander Turk,Horgen,Schweiz,Asylstr. 19,,,,0,0,600,0,600,hcp
roche,Alexandra Studhalter,Zofingen,Schweiz,Rathausgasse 9,,,,0,0,500,0,500,hcp
roche,Alexandre Bodmer,Genève,Schweiz,Boulevard de la Cluse 30,,,,402,1180,4000,0,5582,hcp
roche,Alexandre Christinat,Lugano,Schweiz,Via Fogazzaro 3,,,,0,0,700,0,700,hcp
roche,Alina Elisabeta Stadler,Aarburg,Schweiz,Längackerstr. 20,,,,297,145,500,0,942,hcp
roche,Ana Bishara,Carouge,Schweiz,Rue Vautier 17c,,,,279,279,0,0,557,hcp
roche,Anastasios Stathis,Bellinzona,Schweiz,Ospedale San Giovanni,,,,0,0,800,0,800,hcp
roche,Andrea Papadia,Bern,Schweiz,Effingerstr. 102,,,,0,0,500,0,500,hcp
roche,Andreas Barth,Solothurn,Schweiz,Schöngrünstr. 38,,,,0,0,850,0,850,hcp
roche,Andreas Christe,Bern,Schweiz,Tiefenaustr. 112,,,,0,0,2000,0,2000,hcp
roche,Andreas Himmelmann,Luzern,Schweiz,St. Annastr. 32,,,,0,0,800,0,800,hcp
roche,Andreas Hochstrasser,Männedorf,Schweiz,Asylstr. 10,,,,195,98,700,0,993,hcp
roche,Andreas Laubscher,Bad Ragaz,Schweiz,Am Platz 8,,,,297,318,0,0,615,hcp
roche,Andreas Müller,Winterthur,Schweiz,Brauerstr. 15,,,,272,865,1950,0,3087,hcp
roche,Angela Pugliesi,Meyrin,Schweiz,Avenue J.-D.-Maillard 3,,,,0,0,1500,0,1500,hcp
roche,Ann-Katrin Seidel,Winterthur,Schweiz,Brauerstr. 15,,,,195,98,0,0,293,hcp
roche,Anne Hügli,Genève,Schweiz,Chemin de Beau-Soleil 22,,,,0,0,1000,0,1000,hcp
roche,Anne-Marie Chamot,Morges,Schweiz,Rue Centrale 9,,,,207,347,0,0,554,hcp
roche,Anouk Widmer,Zürich,Schweiz,Rämistr. 100,,,,0,0,1000,0,1000,hcp
roche,Antonella Palumbo Pellini,Bellinzona,Schweiz,Salita Mariotti 2,,,,0,0,600,0,600,hcp
roche,Antonello Calderoni,Lugano,Schweiz,Via Fogazzaro 3,,,,0,0,850,0,850,hcp
roche,Ariane Saudan-Kister,Genève,Schweiz,Rue de Lyon 57,,,,279,279,0,0,557,hcp
roche,Armin Zink,Zürich,Schweiz,Birmensdorferstr. 497,,,,0,0,500,0,500,hcp
roche,Arnaud Roth,Genève,Schweiz,Rue Gabrielle-Perret-Gentil 4,,,,396,4315,0,0,4711,hcp
roche,Audrey Simon,Genève,Schweiz,Rue Gabrielle-Perret-Gentil 4,,,,0,0,800,0,800,hcp
roche,Augusto Pedrazzini,Locarno,Schweiz,Via Vincenzo Vela 11,,,,0,0,800,0,800,hcp
roche,Balz Kleinert,Zürich,Schweiz,Limmattalstr. 167,,,,0,0,500,0,500,hcp
roche,Basil Albert Bättig,Zürich,Schweiz,Stadelhoferstr. 42,,,,0,133,800,0,933,hcp
roche,Beat Bühler,Schwyz,Schweiz,Waldeggstr. 10,,,,195,98,0,0,293,hcp
roche,Beat Kipfer,Bern,Schweiz,Tellstr. 18,,,,195,130,0,0,325,hcp
roche,Beate Gleissner,Bäch,Schweiz,Seestr. 164,,,,0,0,800,0,800,hcp
roche,Béatrice Zimmerli Schwab,Biel/Bienne,Schweiz,Vogelsang 84,,,,421,1013,0,0,1434,hcp
roche,Behrouz Mansouri Taleghani,Bern,Schweiz,Freiburgstr. 18,,,,0,0,800,0,800,hcp
roche,Bernhard Pestalozzi,Zürich,Schweiz,Rämistr. 100,,,,195,98,0,0,293,hcp
roche,Bettina Engel,Lausanne,Schweiz,Avenue du Théâtre 7,,,,195,98,800,0,1093,hcp
roche,Boris Fischer,Zürich,Schweiz,Birmensdorferstr. 497,,,,0,0,375,0,375,hcp
roche,Boris Hübenthal,Glarus,Schweiz,Schweizerhofstr. 3,,,,0,0,800,0,800,hcp
roche,Boris Schleiffenbaum,Zürich,Schweiz,Bellariastr. 38,,,,337,1197,1800,0,3334,hcp
roche,Britta Maurer,Zürich,Schweiz,Gloriastr. 25,,,,0,1148,0,0,1148,hcp
roche,Burkhard Möller,Bern,Schweiz,Freiburgstr. 18,,,,0,1189,0,0,1189,hcp
roche,Carlo Chizzolini,Genève,Schweiz,Rue Gabrielle-Perret-Gentil 4,,,,0,1091,0,0,1091,hcp
roche,Carolin Brümmerhoff,St. Gallen,Schweiz,Rorschacher Str. 95,,,,0,0,1000,0,1000,hcp
roche,Caroline Brunner-Schmöller,Basel,Schweiz,Petersgraben 4,,,,0,0,0,1074,1074,hcp
roche,Catherine Leromain,Yverdon-les-Bains,Schweiz,Avenue des Bains 22,,,,0,0,1000,0,1000,hcp
roche,Catherine Plancherel Lévy,Fribourg,Schweiz,Rue Hans-Geiler 6,,,,195,130,0,0,325,hcp
roche,Catrina Uhlmann Nussbaum,Olten,Schweiz,Baslerstr. 150,,,,195,98,0,0,293,hcp
roche,Cédric Poyet,Zürich,Schweiz,Frauenklinikstr. 10,,,,0,0,250,0,250,hcp
roche,Cem Gabay,Genève,Schweiz,Avenue de Beau-Séjour 26,,,,0,0,9750,450,10200,hcp
roche,Christa Baumann,Bern,Schweiz,Bremgartenstr. 117,,,,402,1180,0,0,1582,hcp
roche,Christian Clarenbach,Zürich,Schweiz,Rämistr. 100,,,,492,874,2200,0,3566,hcp
roche,Christian Monnerat,Delémont,Schweiz,Faubourg des Capucins 30,,,,0,162,0,0,162,hcp
roche,Christian Spirig,Luzern,Schweiz,St. Annastr. 32,,,,0,0,800,0,800,hcp
roche,Christian Stettler,Moutier,Schweiz,Rue de Beausite 49,,,,0,424,0,0,424,hcp
roche,Christof Wittig,Bad Ragaz,Schweiz,Am Platz 8,,,,297,311,0,0,608,hcp
roche,Christoph Gut,Reinach,Schweiz,Bruggstr. 12b,,,,0,0,500,0,500,hcp
roche,Christoph Renner,Zürich,Schweiz,Witellikerstr. 40,,,,679,958,0,0,1637,hcp
roche,Christoph Rochlitz,Basel,Schweiz,Petersgraben 4,,,,0,0,2000,0,2000,hcp
roche,Christoph Tausch,Zürich,Schweiz,Seefeldstr. 214,,,,0,0,1250,0,1250,hcp
roche,Claudia Linsenmeier,Zürich,Schweiz,Rämistr. 100,,,,0,0,500,0,500,hcp
roche,Claudine Helg,Genève,Schweiz,Rue Maunoir 26,,,,0,0,800,0,800,hcp
roche,Claudius Irlé,Meyrin,Schweiz,Avenue Jacob-Daniel Maillard 11,,,,0,0,3780,0,3780,hcp
roche,Claus Kopp,Münchenstein,Schweiz,Baselstr. 58,,,,0,0,500,0,500,hcp
roche,Cord von Restorff,Männedorf,Schweiz,Asylstr. 84,,,,574,5180,0,0,5754,hcp
roche,Corina Bron Yawalkar,Bern,Schweiz,Bremgartenstr. 119,,,,297,173,0,0,470,hcp
roche,Cornel Stöckli,Bremgarten,Schweiz,Zürcherstr. 8,,,,0,1064,0,0,1064,hcp
roche,Cristiana Sessa,Bellinzona,Schweiz,Ospedale San Giovanni,,,,0,0,1000,0,1000,hcp
roche,Dagmar Regina Hauser,Baar,Schweiz,Landhausstr. 11,,,,0,1093,0,0,1093,hcp
roche,Daiana Stolz,Basel,Schweiz,Petersgraben 4,,,,0,0,2420,0,2420,hcp
roche,Dan Adler,Genève,Schweiz,Rue Gabrielle-Perret-Gentil 4,,,,0,682,500,0,1182,hcp
roche,Daniel Betticher,Fribourg,Schweiz,Chemin des Pensionnats 2-6,,,,473,550,3900,0,4923,hcp
roche,Daniel Fink,Zürich,Schweiz,Frauenklinikstr. 10,,,,0,0,3200,0,3200,hcp
roche,Daniel Reding,Baar,Schweiz,Landhausstr. 11,,,,0,0,800,0,800,hcp
roche,Daniel Ritscher,Zürich,Schweiz,Albisstr. 53,,,,0,0,900,0,900,hcp
roche,Daniel Ryser,Solothurn,Schweiz,Schöngrünstr. 42,,,,366,1161,0,0,1527,hcp
roche,Daniela Benz,Fribourg,Schweiz,Rue Jacques-Vogt 3,,,,576,619,0,0,1195,hcp
roche,David Germann,Zürich,Schweiz,Witellikerstr. 40,,,,0,0,500,0,500,hcp
roche,David Thorn,Basel,Schweiz,Lange Gasse 78,,,,0,0,1550,0,1550,hcp
roche,Deivis Strutas,Zürich,Schweiz,Frauenklinikstr. 10,,,,0,0,500,0,500,hcp
roche,Didier Renaud Jallut,Lausanne,Schweiz,Avenue du Théâtre 7,,,,0,0,2550,0,2550,hcp
roche,Dimitrios Chatsiproios,Unknown / Relocated,Schweiz,Unknown / Relocated,,,,0,0,500,0,500,hcp
roche,Dominique Piguet,Neuchâtel,Schweiz,Ruelle Du Peyrou 2,,,,942,958,0,0,1900,hcp
roche,Donat Dürr,Zürich,Schweiz,Birmensdorferstr. 497,,,,527,1066,850,0,2443,hcp
roche,Eirini Kouroupi,Neuchâtel,Schweiz,Rue de la Maladière 45,,,,0,0,800,0,800,hcp
roche,Eloi Baumgartner,Porrentruy,Schweiz,Rue du Jura 11,,,,279,90,0,0,369,hcp
roche,Enrico Roggero,Bellinzona,Schweiz,Viale Portone 5,,,,0,0,800,0,800,hcp
roche,Erich Russi,Zürich,Schweiz,Merkurstr. 20,,,,0,0,600,0,600,hcp
roche,Ernst-Wilhelm Radü,Basel,Schweiz,Mittlere-Str. 83,,,,0,0,16740,0,16740,hcp
roche,Esther Katrin Hostettler,Basel,Schweiz,Petersgraben 4,,,,0,0,1400,0,1400,hcp
roche,Fabia Weisser,Schwyz,Schweiz,Waldeggstr. 10,,,,195,130,0,0,325,hcp
roche,Fabian Büchele,Zürich,Schweiz,Frauenklinikstr. 26,,,,0,0,2000,0,2000,hcp
roche,Felicitas Hitz,St. Gallen,Schweiz,Rorschacher Str. 95,,,,0,0,1500,401,1901,hcp
roche,Fernando Colla,Winterthur,Schweiz,Theaterstr. 1,,,,252,393,0,0,645,hcp
roche,Franco Cavalli,Bellinzona,Schweiz,Ospedale San Giovanni,,,,0,0,1500,1058,2558,hcp
roche,Franz Immer,Bern,Schweiz,Laupenstr. 37,,,,0,0,1500,0,1500,hcp
roche,Franziska Häfner,Thalwil,Schweiz,Alte Landstr. 130,,,,0,0,500,0,500,hcp
roche,Franziska Zenger,Brugg,Schweiz,Fröhlichstr. 7,,,,0,0,1000,0,1000,hcp
roche,Georg Tscherry,Uster,Schweiz,Brunnenstr. 42,,,,366,1200,0,0,1566,hcp
roche,Georgios Georgiou,Lausanne,Schweiz,Rue de la Vigie 5,,,,0,0,800,0,800,hcp
roche,Gianfranco Pesce,Bellinzona,Schweiz,Via Ospedale,,,,195,98,0,0,293,hcp
roche,Giannicola D'Addario,Schaffhausen,Schweiz,Geissbergstr. 81,,,,195,98,300,0,593,hcp
roche,Gisela Rilling,St. Gallen,Schweiz,Poststr. 23,,,,0,0,500,0,500,hcp
roche,Gregor Fürstenberger,Chur,Schweiz,Masanserstr. 2,,,,0,0,800,0,800,hcp
roche,Guido Domenighetti,Locarno,Schweiz,Via Ospedale 14,,,,297,0,0,0,297,hcp
roche,Günther Zech,Basel,Schweiz,Gellertstr. 144,,,,0,0,1000,0,1000,hcp
roche,Hamdi Abeidi,Sierre,Schweiz,Route De Sion 31,,,,0,0,1050,0,1050,hcp
roche,Hanne Hawle,Bern,Schweiz,Effingerstr. 33,,,,195,98,0,0,293,hcp
roche,Hans-Georg Wirsching,Zürich,Schweiz,Frauenklinikstr. 26,,,,0,0,1500,0,1500,hcp
roche,Hansruedi Gugg,Rickenbach b. Wil,Schweiz,Toggenburgerstr. 40,,,,0,0,500,0,500,hcp
roche,Heribert Mauron,Moosseedorf,Schweiz,Moosbühlstr. 33,,,,0,0,1500,0,1500,hcp
roche,Holger Moch,Zürich,Schweiz,Schmelzbergstr. 12,,,,0,0,9375,1944,11319,hcp
roche,Hubert Schefer,Luzern,Schweiz,St. Annastr. 32,,,,0,0,800,0,800,hcp
roche,Inna Meyer,Winterthur,Schweiz,Brauerstr. 15,,,,195,130,0,0,325,hcp
roche,Ioannis Metaxas,Chur,Schweiz,Loestr. 170,,,,0,0,1000,0,1000,hcp
roche,Ioannis Papadopoulos,Münchenstein,Schweiz,Reinacherstr. 28,,,,0,0,500,0,500,hcp
roche,Isabella Schönenberger,St. Gallen,Schweiz,Vadianstr. 31,,,,195,98,0,0,293,hcp
roche,Jacques Stalder,Yverdon-les-Bains,Schweiz,Rue des Remparts 9,,,,0,0,500,0,500,hcp
roche,Jan Heckmann,St. Gallen,Schweiz,Rorschacher Str. 95,,,,0,0,1000,0,1000,hcp
roche,Jean Dudler,Fribourg,Schweiz,Chemin des Pensionnats 2-6,,,,453,5366,1500,0,7319,hcp
roche,Jean-François Lambert,Nyon,Schweiz,Chemin Monastier 10,,,,0,0,1000,0,1000,hcp
roche,Jeroen Simon Goede,Winterthur,Schweiz,Brauerstr. 15,,,,0,0,2300,0,2300,hcp
roche,Johann Gregory Wirth,Genève,Schweiz,Rue Gabrielle-Perret-Gentil 4,,,,0,0,250,0,250,hcp
roche,Jörg Eimers,Luzern,Schweiz,Holzhäusernstr. 5,,,,195,130,0,0,325,hcp
roche,Jörg-Erich Bautzmann,Luzern,Schweiz,Tribschenstr. 21,,,,195,130,0,0,325,hcp
roche,Julian Cooper,Langenthal,Schweiz,Hasenmattstr. 37,,,,297,311,0,0,608,hcp
roche,Julian Schardt,Bern,Schweiz,Freiburgstr. 18,,,,0,0,500,0,500,hcp
roche,Jürg Bernhard,Solothurn,Schweiz,Schöngrünstr. 42,,,,0,907,0,0,907,hcp
roche,Karin Hohloch,Chur,Schweiz,Loestr. 170,,,,0,50,926,0,976,hcp
roche,Karl A. Steuer,Allschwil,Schweiz,Brennerstr. 12,,,,195,98,800,0,1093,hcp
roche,Kaspar Remund,Bern,Schweiz,Bremgartenstr. 119,,,,297,257,0,0,554,hcp
roche,Katja Zirlik,Chur,Schweiz,Masanserstr. 2,,,,0,0,800,0,800,hcp
roche,Katrin Breitling,Schaffhausen,Schweiz,Geissbergstr. 81,,,,447,574,0,0,1021,hcp
roche,Katrin Conen,Basel,Schweiz,Petersgraben 4,,,,0,0,1500,0,1500,hcp
roche,Klaus Peter Schalk,Aarau,Schweiz,Rain 34,,,,0,0,1800,0,1800,hcp
roche,Konstantin Dedes,Zürich,Schweiz,Frauenklinikstr. 10,,,,402,4496,2500,0,7398,hcp
roche,Kristin Zeidler,Stans,Schweiz,Ennetmooserstr. 19,,,,195,98,0,0,293,hcp
roche,Bletsas Laure Sophie Brulhart,La Chaux-de-Fonds,Schweiz,Rue de Chasseral 20,,,,279,0,0,0,279,hcp
roche,Laurent Carrez,Genève,Schweiz,Rue Gabrielle-Perret-Gentil 4,,,,444,188,0,0,632,hcp
roche,Laurent Rosset,Fribourg,Schweiz,Route de Villars 37,,,,195,98,0,0,293,hcp
roche,Laurent Wälchli,Chêne-Bougeries,Schweiz,Route de Chêne 110,,,,0,0,2200,0,2200,hcp
roche,Leila Achtari Jeanneret,Neuchâtel,Schweiz,Rue de la Maladière 45,,,,195,98,0,0,293,hcp
roche,Luca Mazzucchelli,Locarno,Schweiz,Via in Selva 24,,,,444,483,0,0,927,hcp
roche,Lucas Widmer,Zürich,Schweiz,Witellikerstr. 40,,,,0,1045,0,0,1045,hcp
roche,Lucien Perey,Morges,Schweiz,Chemin du Crêt 2,,,,530,978,0,0,1508,hcp
roche,Ludger Kneuper,Glarus,Schweiz,Schweizerhofstr. 3,,,,0,0,800,0,800,hcp
roche,Ludivine Mercier,Delémont,Schweiz,Faubourg des Capucins 30,,,,421,1050,0,0,1472,hcp
roche,Lukas Wildi,Zürich,Schweiz,Gloriastr. 25,,,,0,0,500,0,500,hcp
roche,Mahbiz Nobahar Corke,Chêne-Bougeries,Schweiz,Route de Chêne 110,,,,0,440,0,0,440,hcp
roche,Maja Bjelan,Bad Ragaz,Schweiz,Am Platz 8,,,,297,318,0,0,615,hcp
roche,Malcolm Kohler,Zürich,Schweiz,Rämistr. 100,,,,0,0,1250,0,1250,hcp
roche,Marc Donath,Basel,Schweiz,Petersgraben 4,,,,0,0,2500,0,2500,hcp
roche,Marc Küng,Fribourg,Schweiz,Chemin des Pensionnats 2-6,,,,272,864,0,0,1136,hcp
roche,Marc Widmer,Wetzikon,Schweiz,Bahnhofstr. 137,,,,297,0,0,0,297,hcp
roche,Marc-André Schürch,Lausanne,Schweiz,Avenue de la Gare 10,,,,0,0,500,0,500,hcp
roche,Marco Salvi,Neuchâtel,Schweiz,Rue du Musée 9,,,,279,259,0,0,537,hcp
roche,Marco Varini,Lugano,Schweiz,Via Fogazzaro 3,,,,273,1284,0,0,1557,hcp
roche,Marcus Schuermann,Richterswil,Schweiz,Bergstr. 16,,,,195,98,800,0,1093,hcp
roche,Maria Teresa De Zulueta,Baar,Schweiz,Landhausstr. 11,,,,195,98,0,0,293,hcp
roche,Marie Couret,Epalinges,Schweiz,Route De La Corniche 1,,,,0,0,500,0,500,hcp
roche,Mario Uhr,Bioggio,Schweiz,Via Pianon 7,,,,469,475,0,0,944,hcp
roche,Markus Borner,Biel/Bienne,Schweiz,Vogelsang 84,,,,0,0,800,0,800,hcp
roche,Markus Felix Rütti,Zürich,Schweiz,Rämistr. 100,,,,205,922,0,0,1128,hcp
roche,Markus Gabriel Manz,Zürich,Schweiz,Rämistr. 100,,,,0,0,1000,0,1000,hcp
roche,Markus Hoefliger,Altstätten,Schweiz,Bahnhofstr. 5,,,,195,98,0,0,293,hcp
roche,Markus Senn,Zürich,Schweiz,Schulstr. 37,,,,0,0,500,0,500,hcp
roche,Martha Monika Groove,Bern,Schweiz,Freiburgstr. 18,,,,366,1065,0,0,1431,hcp
roche,Marzia Conti Beltraminelli,Pregassona,Schweiz,Via alle Vigne 7,,,,0,0,700,0,700,hcp
roche,Mathias Fehr,Frauenfeld,Schweiz,Pfaffenholzstr. 4,,,,469,0,0,0,469,hcp
roche,Mathias Schmid,Zürich,Schweiz,Birmensdorferstr. 497,,,,0,0,800,0,800,hcp
roche,Matthias Saur,Frauenfeld,Schweiz,Rheinstr. 23,,,,297,377,0,0,674,hcp
roche,Max Solenthaler,Thun,Schweiz,Krankenhausstr. 12,,,,0,0,1300,0,1300,hcp
roche,Meinrad Mannhart-Harms,Cham,Schweiz,Rigistr. 1,,,,421,760,0,0,1181,hcp
roche,Michael Andor,Zürich,Schweiz,Walchestr. 15,,,,0,0,1000,0,1000,hcp
roche,Michael Baumann,St. Gallen,Schweiz,Frohbergstr. 3,,,,0,0,800,0,800,hcp
roche,Michael Bernimoulin,Carouge,Schweiz,Avenue du Cardinal-Mermillod 5,,,,0,0,800,0,800,hcp
roche,Michael Jemec,Bellinzona,Schweiz,Via Giovanni Nizzola 1,,,,0,0,600,0,600,hcp
roche,Michael Kiessling,Zürich,Schweiz,Rämistr. 100,,,,195,98,0,0,293,hcp
roche,Michael Mühlstädt,Genève,Schweiz,Rue Gabrielle-Perret-Gentil 4,,,,1477,841,0,0,2318,hcp
roche,Michael Seitz,Bern,Schweiz,Freiburgstr. 18,,,,0,0,5063,0,5063,hcp
roche,Michael Tamm,Basel,Schweiz,Petersgraben 4,,,,0,0,1300,0,1300,hcp
roche,Michael Weller,Zürich,Schweiz,Frauenklinikstr. 26,,,,0,0,8671,19876,28547,hcp
roche,Michail Kouros,Locarno,Schweiz,Via Vincenzo Vela 11,,,,0,0,500,0,500,hcp
roche,Michel Forni,Carouge,Schweiz,Avenue Cardinal-Mermillod 1,,,,0,0,2375,0,2375,hcp
roche,Michel Starobinski,Onex,Schweiz,Route De Chancy 98,,,,0,0,800,0,800,hcp
roche,Michele Ghielmini,Bellinzona,Schweiz,Ospedale San Giovanni,,,,337,5193,15500,16282,37312,hcp
roche,Michele Zoppi,Bern,Schweiz,Morillonstr. 77,,,,337,1197,0,0,1534,hcp
roche,Mihaela Precup,Fribourg,Schweiz,Chemin des Pensionnats 2-6,,,,195,98,0,0,293,hcp
roche,Miklós Pless,Winterthur,Schweiz,Brauerstr. 15,,,,0,0,1400,0,1400,hcp
roche,Milo Frattini,Locarno,Schweiz,Via in Selva 24,,,,0,0,600,0,600,hcp
roche,Monika Jermann,Zürich,Schweiz,Toblerstr. 50,,,,195,98,0,0,293,hcp
roche,Mounir Ziadé,Clarens,Schweiz,Rue du Lac 142,,,,0,0,500,0,500,hcp
roche,Nerbil Kilic,Zürich,Schweiz,Birmensdorferstr. 497,,,,195,130,0,0,325,hcp
roche,Nicola Reuschling,Münchenstein,Schweiz,Reinacherstr. 28,,,,0,0,500,0,500,hcp
roche,Nicolas Mach,Genève,Schweiz,Rue Gabrielle-Perret-Gentil 4,,,,0,0,1650,0,1650,hcp
roche,Nicole Mutter-Borgognon,Luzern,Schweiz,St. Annastr. 32,,,,366,857,0,0,1223,hcp
roche,Niklaus Hauser,Baden,Schweiz,Bernerstr. 27,,,,0,5001,0,0,5001,hcp
roche,Nikola Cihoric,Bern,Schweiz,Freiburgstr. 18,,,,0,0,500,0,500,hcp
roche,Nina Kotrubczik,Uster,Schweiz,Brunnenstr. 42,,,,195,98,0,0,293,hcp
roche,Norbert Lombriser,Zürich,Schweiz,Birmensdorferstr. 497,,,,195,98,0,0,293,hcp
roche,Oliver Distler,Zürich,Schweiz,Gloriastr. 25,,,,0,0,1500,0,1500,hcp
roche,Olivia Pagani-Santoro,Viganello,Schweiz,Viale Pietro Capelli 1,,,,402,4950,2500,0,7852,hcp
roche,Paola Gasche-Soccal,Genève,Schweiz,Rue Gabrielle-Perret-Gentil 4,,,,782,2632,0,0,3413,hcp
roche,Pascal Bonnabry,Genève,Schweiz,Rue Gabrielle-Perret-Gentil 4,,,,0,0,760,545,1305,hcp
roche,Patrice Nordmann,Fribourg,Schweiz,Rue Albert-Gockel 3,,,,0,0,1500,0,1500,hcp
roche,Patrick Brun,Heiligenschwendi,Schweiz,Schwendi 299,,,,0,0,600,0,600,hcp
roche,Patrick Roth,Zürich,Schweiz,Frauenklinikstr. 26,,,,0,0,4500,0,4500,hcp
roche,Patrizia Frösch,Locarno,Schweiz,Via all'Ospedale 1,,,,0,0,1800,0,1800,hcp
roche,Peter Keller,Langenthal,Schweiz,St. Urbanstr. 67,,,,0,0,1000,0,1000,hcp
roche,Peter M. Villiger,Bern,Schweiz,Freiburgstr. 18,,,,0,5139,5184,0,10323,hcp
roche,Peter Tölle,Basel,Schweiz,Weiherweg 54,,,,0,0,500,0,500,hcp
roche,Philipp Latzin,Bern,Schweiz,Kinderheilkunde des Inselspitals,,,,0,0,1050,0,1050,hcp
roche,Philippe Schucht,Bern,Schweiz,Freiburgstr. 18,,,,0,0,1500,0,1500,hcp
roche,Philippe von Burg,Solothurn,Schweiz,Schöngrünstr. 38,,,,0,3080,1800,0,4880,hcp
roche,Photis Beris,Genève,Schweiz,Avenue Blanc 51,,,,0,0,1000,0,1000,hcp
roche,Pia Schiffer,Zofingen,Schweiz,Rathausgasse 9,,,,0,0,500,0,500,hcp
roche,Pierre Hösli,Yverdon-les-Bains,Schweiz,Rue D'Entremonts 11,,,,0,0,700,0,700,hcp
roche,Pierre-André Guerne,Genève,Schweiz,Avenue de Beau-Séjour 26,,,,0,940,0,0,940,hcp
roche,Pierre-Antonio Pilotto,Genève,Schweiz,"5, Chemin Malombré",,,,0,0,800,0,800,hcp
roche,Pierre-Yves Dietrich,Genève,Schweiz,Rue Gabrielle-Perret-Gentil 4,,,,0,0,2000,0,2000,hcp
roche,Pietro Peghini,Zürich,Schweiz,Schaffhauserstr. 359,,,,366,909,800,0,2075,hcp
roche,Pius Brühlmann,Zürich,Schweiz,Toblerstr. 51,,,,0,0,250,0,250,hcp
roche,Racem Bouzguenda,Neuchâtel,Schweiz,Rue de la Maladière 45,,,,0,0,500,0,500,hcp
roche,Rainer Klöti,Brugg,Schweiz,Fröhlichstr. 5,,,,297,324,0,0,622,hcp
roche,Raphael Haberthür,Breitenbach,Schweiz,Alice Vogt-Str. 2,,,,0,0,800,0,800,hcp
roche,Rastine Mérat,Genève,Schweiz,Rue Gabrielle-Perret-Gentil 4,,,,1406,0,0,0,1406,hcp
roche,Regula Wagner-Huber,Winterthur,Schweiz,Brauerstr. 15,,,,0,0,600,0,600,hcp
roche,Reinhard Lehner,Sarnen,Schweiz,Marktstr. 7,,,,297,291,0,0,588,hcp
roche,Reinhard Zenhäusern,Brig,Schweiz,Überlandstr. 14,,,,473,550,0,0,1023,hcp
roche,Reto Kühne,Zürich,Schweiz,Tièchestr. 99,,,,0,0,1000,0,1000,hcp
roche,Roger Stucki,Vevey,Schweiz,Rue du Lac 39,,,,0,0,500,0,500,hcp
roche,Rolf Brücker,Luzern,Schweiz,Zentralstr. 1,,,,297,298,0,0,595,hcp
roche,Rolf Maager,Aarau,Schweiz,Igelweid 5,,,,297,311,500,0,1108,hcp
roche,Roman Inauen,Münsterlingen,Schweiz,Spitalcampus 1,,,,195,98,0,0,293,hcp
roche,Rossella Graffeo,Viganello,Schweiz,Viale Pietro Capelli 1,,,,0,0,700,0,700,hcp
roche,Rucsandra Dobrota,Zürich,Schweiz,Gloriastr. 25,,,,0,1080,0,0,1080,hcp
roche,Sabina Susanna Schacher-Kaufmann,Winterthur,Schweiz,Brauerstr. 15,,,,0,0,250,0,250,hcp
roche,Sara Fertani,Genève,Schweiz,Rue Gabrielle-Perret-Gentil 4,,,,195,130,0,0,325,hcp
roche,Sara Mach-Pascual,Chêne-Bougeries,Schweiz,Route de Chêne 110,,,,0,0,800,0,800,hcp
roche,Severin Läuchli,Zürich,Schweiz,Seefeldstr. 4,,,,1225,1033,0,0,2258,hcp
roche,Sieglinde Major Schumacher,Tafers,Schweiz,Zelgstr. 25,,,,279,183,0,0,461,hcp
roche,Simone Goldinger,Zürich,Schweiz,Gloriastr. 31,,,,0,0,2200,0,2200,hcp
roche,Simonetta Mauri,Massagno,Schweiz,Via San Gottardo 60,,,,0,0,600,0,600,hcp
roche,Stefan Greuter,Sargans,Schweiz,Bahnhofpark 2b,,,,195,98,0,0,293,hcp
roche,Stefan Mühlebach,Sursee,Schweiz,Buchenstr. 4,,,,297,324,0,0,622,hcp
roche,Stefan Zimmermann,Fribourg,Schweiz,Chemin des Pensionnats 2-6,,,,0,450,4500,0,4950,hcp
roche,Stefanie Huggle,Wetzikon,Schweiz,Spitalstr. 66,,,,0,0,500,0,500,hcp
roche,Stephane Cochet,Lausanne,Schweiz,Avenue Alexandre-Vinet 19b,,,,421,1017,0,0,1438,hcp
roche,Susanna Enderlin Steiger,Zürich,Schweiz,Bederstr. 51,,,,297,311,0,0,608,hcp
roche,Susanna Stoll,Zürich,Schweiz,Birmensdorferstr. 497,,,,0,0,1425,0,1425,hcp
roche,Susanne Zwahlen,Bern,Schweiz,Freiburgstr. 28,,,,195,98,0,0,293,hcp
roche,Tamas Major,Uznach,Schweiz,Gasterstr. 25,,,,0,0,600,0,600,hcp
roche,Thomas Frauenfelder,Zürich,Schweiz,Rämistr. 100,,,,0,0,2000,0,2000,hcp
roche,Thomas Furrer,Bern,Schweiz,Monbijoustr. 10,,,,473,537,0,0,1011,hcp
roche,Thomas Hess,Winterthur,Schweiz,Brauerstr. 15,,,,787,2678,1000,0,4465,hcp
roche,Thomas Neumann,St. Gallen,Schweiz,Rorschacher Str. 95,,,,0,0,1000,0,1000,hcp
roche,Thomas Ruhstaller,St. Gallen,Schweiz,Rorschacher Str. 95,,,,0,0,4800,0,4800,hcp
roche,Thomas von Briel,Zürich,Schweiz,Witellikerstr. 40,,,,364,537,0,0,901,hcp
roche,Tobias Metzger,Thun,Schweiz,Krankenhausstr. 12,,,,0,0,250,0,250,hcp
roche,Ueli Studer,Bern,Schweiz,Bahnhofplatz 1,,,,0,0,1000,0,1000,hcp
roche,Ulrich Mey,Chur,Schweiz,Loestr. 170,,,,0,0,1000,0,1000,hcp
roche,Urs Breitenstein,Zürich,Schweiz,Seestr. 259,,,,621,4568,0,0,5188,hcp
roche,Urs Gössi,Schwyz,Schweiz,Waldeggstr. 10,,,,205,1115,0,0,1320,hcp
roche,Urs Richard Meier,Winterthur,Schweiz,Brauerstr. 15,,,,364,537,0,0,901,hcp
roche,Ursula Schafroth,Thun,Schweiz,Bahnhofstr. 3,,,,0,0,500,0,500,hcp
roche,Ursula Urner-Bloch,Zürich,Schweiz,Zürichbergstr. 34,,,,0,0,2200,0,2200,hcp
roche,Ute Gick,Thun,Schweiz,Krankenhausstr. 12,,,,402,1180,0,0,1582,hcp
roche,Vanessa Chatelain,Vevey,Schweiz,Avenue de la Prairie 3,,,,0,0,800,0,800,hcp
roche,Veronika Marianne Pasquinelli-Egli,Bern,Schweiz,Effingerstr. 102,,,,0,0,500,0,500,hcp
roche,Veronika Nagy,Winterthur,Schweiz,Brauerstr. 15,,,,195,98,0,0,293,hcp
roche,Vito Spataro,Bellinzona,Schweiz,Viale Stazione 23,,,,65,33,0,0,98,hcp
roche,Wolfgang Korte,St. Gallen,Schweiz,Frohbergstr. 3,,,,0,0,1000,0,1000,hcp
roche,Wolfram Jochum,St. Gallen,Schweiz,Rorschacher Str. 95,,,,0,0,3000,1068,4068,hcp
roche,Xavier Montet,Genève,Schweiz,Rue Gabrielle-Perret-Gentil 4,,,,0,0,2000,0,2000,hcp
roche,Yves Chalandon,Genève,Schweiz,Rue Gabrielle-Perret-Gentil 4,,,,337,5037,0,0,5373,hcp
roche,Yvonne Hummel,Zürich,Schweiz,Jägerstr. 3,,,,195,98,0,0,293,hcp
roche,Zsuzsanna Varga,Zürich,Schweiz,Schmelzbergstr. 12,,,,0,0,500,0,500,hcp
