company,name,location,country,address,uci,donations_grants,sponsorship,registration_fees,travel_accommodation,fees,related_expenses,total,type
sandoz,Aerztenetzwerk Bern,Hinterkappelen,Schweiz,Praxiszentrum im Ring,,,8000,,,,,8000,hco
sandoz,Apotheke Dr. Bruhin,Lachen,Schweiz,Seidenstr. 5,,,,186.16,422.06,,,608.22,hco
sandoz,Apotheke Gossau,Gossau SG,Schweiz,St. Gallenstr. 19,,,,186.16,422.06,,,608.22,hco
sandoz,Apotheke Wyss AG,Baden,Schweiz,Bahnhofstr. 36,9041503958,,,186.16,422.06,1800,,2408.22,hco
sandoz,Argomed Ärzte AG,Lenzburg,Schweiz,Bahnhofstr. 24,,,24000,,,,,24000,hco
sandoz,Bahnhof Apotheke,Zürich,Schweiz,Bahnhofplatz 15,,,,186.16,422.06,,,608.22,hco
sandoz,Brüggmoos Apotheke,Brugg,Schweiz,Erlenstr. 40,,,,186.16,422.06,,,608.22,hco
sandoz,Bündner Oberländer Ärzteverein,Vella,Schweiz,,,,1500,,,,,1500,hco
sandoz,CHUV,Lausanne,Schweiz,Rue du Bugnon 46,,,,1547.01,1392.09,,,2939.1,hco
sandoz,Chuv / Bh 04,Lausanne,Schweiz,Rue du Bugnon 46,,,,1547.01,1392.09,,,2939.1,hco
sandoz,CHUV Centre Hospitalier Universitaire Vaudois,Lausanne,Schweiz,Rue du Bugnon 21,,,1500,,,,,1500,hco
sandoz,"Chuv, Département Des Psychiatrie",Prilly-Lausanne,Schweiz,Site de Cery,,,5550,,,,,5550,hco
sandoz,DragonPharm GmbH,Zürich,Schweiz,Hohlstr. 109,,,,,,600,,600,hco
sandoz,Ente Ospedaliero Cantonale,Bellinzona,Schweiz,Viale Officina 3,,,1100,,,,,1100,hco
sandoz,ESMO European Society for Medical Oncology,Viganello,Schweiz,Via Luidi Taddei 4,,,38790.97,3112.54,,,,41903.51,hco
sandoz,Grischa Pharma,Domat,Schweiz,Via Sogn Pieder 1,,3347,,,,,,3347,hco
sandoz,Gsasa,Bern,Schweiz,,,,10000,,,,,10000,hco
sandoz,GZO Spital Wetzikon,Wetzikon,Schweiz,Spitalstr. 66,,,,1326,1327.41,,,2653.41,hco
sandoz,Hawadoc Ag,Winterthur,Schweiz,Gammarkt 1,9041101280,,22300,,,,,22300,hco
sandoz,HFR Fribourg,Fribourg,Schweiz,Chemin des Pensionnats 2-6,,,,367.2,738.57,,,1105.77,hco
sandoz,Hôpital du Jura,Porrentruy,Schweiz,Chemin de l'Hôpital 9,,,500,,,,,500,hco
sandoz,Insel Gruppe AG,Bern,Schweiz,Freiburgstr. 4,,,250.28,4000,,,,4250.28,hco
sandoz,Inselspital,Bern,Schweiz,Freiburgstr.,,10000,1000,,,,,11000,hco
sandoz,Interdisziplinae Res Aeztenetzwerk,Zürich,Schweiz,Bahnhofplatz 4,,,8000,,,,,8000,hco
sandoz,Kantonsspital Aarau AG,Aarau,Schweiz,Tellstr. 25,,,5000,,,,,5000,hco
sandoz,Kantonsspital St. Gallen,St. Gallen,Schweiz,Rorschacherstr. 95,,,,,,800,,800,hco
sandoz,Kantonsspital St. Gallen,St. Gallen,Schweiz,Rorschacher Str. 95,9041102012,,,90.9,1037.28,,,1128.18,hco
sandoz,Linden Apotheke,Rapperswil,Schweiz,Mitteldorf 4,,,,186.16,422.06,,,608.22,hco
sandoz,Lindenapotheke AG,Unterentfelden,Schweiz,Schinhuetweg 5,,,,,,1200,,1200,hco
sandoz,Lindenplatz Apotheke,Allschwil,Schweiz,Langmattwei 1,,,,186.16,422.06,,,608.22,hco
sandoz,Löwen Apotheke,Sarnen,Schweiz,Nelkenstr. 2,,,,186.16,422.06,,,608.22,hco
sandoz,Luzerner Kantonsspital,Luzern,Schweiz,Spitalstr. 2,,,1500,,,,,1500,hco
sandoz,Luzerner Kantonsspital,Luzern,Schweiz,Spitalstrase,,,1500,,,,,1500,hco
sandoz,Medinform GmbH,Zürich,Schweiz,Badenerstr. 332,,,,,,1200,,1200,hco
sandoz,Oncologia Varini Calderoni Christinat Bianchi,Lugano,Schweiz,Via Antonio Fogazzaro 3,,,3000,,,,,3000,hco
sandoz,Pharmacie de l'Hôtel de Ville SA,Echallens,Schweiz,Place De Château 3,,,,,,600,,600,hco
sandoz,Pharmacie de la Grand-Rue,Peseux,Schweiz,Grand-Rue 42,,,,,,600,,600,hco
sandoz,Regionalspital Emmental AG,Burgdorf,Schweiz,Oberburgstr. 54,,3055.56,,,,,,3055.56,hco
sandoz,Rheumaliga Schweiz,Zürich,Schweiz,Joselstr. 92,,,25000,,,,,25000,hco
sandoz,Sanacare AG,Winterthur,Schweiz,Zürcherstr. 19,,,12042.35,,,,,12042.35,hco
sandoz,Santemed Gesunheitszentre n AG,Winterthur,Schweiz,Römerstr. 38,,,82000,,,,,82000,hco
sandoz,Schweizerische Liga gegen Epilepsie,Zürich,Schweiz,Seefeldstr. 84,,,9375,,,,,9375,hco
sandoz,Societé Vaudoise de Pharmacie,Paudex,Schweiz,Route Du Lac 2,,3000,,,,,,3000,hco
sandoz,Solothurner Spitäler AG,Solothurn,Schweiz,SCHOENGRUENstr. 42,,740.74,,,,400,,1140.74,hco
sandoz,Stadtspital Triemli,Zürich,Schweiz,Birmensdorferstr Asse 467,,,2500,,,800,,3300,hco
sandoz,Staedtli Apotheke,Laufen,Schweiz,Hauptstr. 20,,,,186.16,422.06,,,608.22,hco
sandoz,Stern Apotheke,Lenzburg,Schweiz,Poststr. 10,,,,186.16,422.06,,,608.22,hco
sandoz,Stern Apotheke Lenzburg AG,Lenzburg,Schweiz,Poststr. 10,,,,,,600,,600,hco
sandoz,Stiftung für Forschung in Parkinson und Bewegungsstörungen,Bern,Schweiz,c/o Inselspital Universitätsklin ik für Neurologie,,,7500,800,,,,8300,hco
sandoz,Stiftung Fur Wissenschaftlich E,Zürich,Schweiz,Birmensdorferstr asse 497,,,2500,,,,,2500,hco
sandoz,Stiftung SONK St. Gallen Oncology Conferences,St. Gallen,Schweiz,Rorschacherstr. 150,,,,4784.45,,,,4784.45,hco
sandoz,SVGO,Basel,Schweiz,Missionsstr. 24,,,2500,,,,,2500,hco
sandoz,Swiss Tumor Institute,Zürich,Schweiz,Seefeldstr. 214,,,2200,,,,,2200,hco
sandoz,Toppharm Apotheke Niesen,Spiez,Schweiz,Oberlandstr. 7,,,,186.16,422.06,,,608.22,hco
sandoz,Toppharm Apotheke Terminus,Spiez,Schweiz,Bahnhofplatz,,,,186.16,422.06,,,608.22,hco
sandoz,Toppharm Morgental Apotheke,Zürich,Schweiz,Albisstr. 44,,,,186.16,422.06,,,608.22,hco
sandoz,Tumorzentrum ZeTuP,Rapperswil,Schweiz,Alte Jonastr. 24,,,1400,,,,,1400,hco
sandoz,Universitäre Psychiatrische Dienste Bern,Bern,Schweiz,Bolligenstr. 111,,,2000,,,,,2000,hco
sandoz,Universität Zürich,Zürich,Schweiz,Möhrlistr. 23,,,2000,,,,,2000,hco
sandoz,UniversitätsSpital Zürich,Zürich,Schweiz,Rämistr. 100,,,4000,,,,,4000,hco
sandoz,Université de Genève,Genève,Schweiz,Rue de Lausanne 67,,,2000,,,,,2000,hco
sandoz,Victoria Apotheke,Zürich,Schweiz,Bahnhofstr. 71,,,,186.16,422.06,,,608.22,hco
sandoz,Waldmann Apotheke,Dübendorf,Schweiz,Bahnhofstr. 50,,,,186.16,422.06,,,608.22,hco
sandoz,Werd Apotheke,Zürich,Schweiz,Birmensdorferstr asse 51,,,,186.16,422.06,,,608.22,hco
sandoz,Zürcher Schmerzkonferenz,Zürich,Schweiz,Witellikerstr. 40,,2000,,,,,,2000,hco
sandoz,Adrien Coman,Lausanne,Schweiz,Rue du Petit-Chêne 18,,,,329,166,,,495,hcp
sandoz,Aikaterini Stasinaki,St. Gallen,Schweiz,Claudiusstr. 6,,,,,,,475.65,475.65,hcp
sandoz,Alexander Pincherlé,Bienne,Schweiz,Rue de L'Union 14,,,,,,1200,,1200,hcp
sandoz,Alexandra Studhalter-Pallini,Zofingen,Schweiz,Rathausgasse 9,,,,338.51,347.12,,,685.63,hcp
sandoz,Alexandre Cavin,Nyon,Schweiz,Pharmacie Nyonnaise Rue de la Gare 43,,,,,,1800,,1800,hcp
sandoz,Alexandre Christinat,Lugano,Schweiz,Via Fogazzaro 3,,,,213.12,1450.93,,,1664.05,hcp
sandoz,Amro Moatemed,Romont,Schweiz,Av. Gérard Clerc 24,,,,329,166,,,495,hcp
sandoz,Andreas Gschwend,Baar,Schweiz,Landhausstr. 11,,,,60,,,,60,hcp
sandoz,Andreas Haller,Wil,Schweiz,Zürcherstr. 30,,,,379,605,,,984,hcp
sandoz,Anita Krähenbühl-Melcher,Langnau im Emmental,Schweiz,Dorfbergstr. 10,,,,442,465.8,,,907.8,hcp
sandoz,Anne-Laure Jacquet,Morges,Schweiz,Chemin du Crêt 2,,,,656.4,,,,656.4,hcp
sandoz,Aqal Nawaz Khan,Genève,Schweiz,Clinique de Belle-Idée,,,,329,166,,,495,hcp
sandoz,Arijeta Thaqi,Sursee,Schweiz,Buchenstr. 4,,,,379,605,,,984,hcp
sandoz,Axel Mischo,Lachen SZ,Schweiz,Oberdorfstr. 41,,,,60,,,,60,hcp
sandoz,Belkheir Amrari,La Chaux-de-Fonds,Schweiz,Passage Léopold-Robert 8,,,,329,166,,,495,hcp
sandoz,Buenyamin Yasmin,Langenthal,Schweiz,Wiesenstr. 39,,,,379,605,,,984,hcp
sandoz,Carla Maissen,Chur,Schweiz,Bahnhofstr. 14,,,,422,375,,,797,hcp
sandoz,Christa Bauer,Muri,Schweiz,Singisenstr. 40,,,,338.51,347.12,,,685.63,hcp
sandoz,Christian Semini,Viganello,Schweiz,Coop Vitality Farmacia Via Molinazzo 1,,,,,,600,,600,hcp
sandoz,Christiane Zenklusen,Neuchâtel,Schweiz,Faubourg de l'Hôpital 65,,,,,,500,,500,hcp
sandoz,Christoph Räber,Wetzikon,Schweiz,Kastellstr. 1,,,,379,605,,,984,hcp
sandoz,Claudine Helg,Genève,Schweiz,Rue Maunoir 26,,,,60,,,,60,hcp
sandoz,Daniel Berger,Zollikofen,Schweiz,Kreuz Apotheke Zollikofen Bernstr. 150,,,,,,600,,600,hcp
sandoz,Daniel Zöllig,Romanshorn,Schweiz,Bahnhofstr. 16,,,,422,375,,,797,hcp
sandoz,der Maur Markus Auf,Altdorf,Schweiz,Spitalstr. 1,,,,213.12,931.67,,,1144.79,hcp
sandoz,Didier Jallut,Lausanne,Schweiz,Avenue du Théâtre 7,,,,213.12,996.5,,,1209.62,hcp
sandoz,Dominique Olivier Brand,St-Imier,Schweiz,Beau-Site 20,,,,,,500,,500,hcp
sandoz,Edith Holsboer-Trachsler,Basel,Schweiz,Willhelm Klein Str. 27,,,,,,800,,800,hcp
sandoz,Elisabeth De Vecchi-Hofmeier,St. Moritz,Schweiz,Medizinisches Zentrum-Heilbad,,,,338.51,251.12,,,589.63,hcp
sandoz,Emmanuel Laffitte,Genève,Schweiz,Rue Gabrielle-Perret -Gentil 4,,,,,,800,,800,hcp
sandoz,Erich Seifritz,Zürich,Schweiz,Lenggstr. 31,,,,,,1000,,1000,hcp
sandoz,Esther Heussi,Wetzikon,Schweiz,Spitalstr. 66,,,,442,442.47,,,884.47,hcp
sandoz,Fazia Bernasconi,Locarno,Schweiz,Via della Pace 16,,,,329,166,,,495,hcp
sandoz,Florence Faucherre,Lausanne,Schweiz,Rue du Bourg 27,,,,329,166,,,495,hcp
sandoz,Gafur Sherbeti,Olten,Schweiz,Wilerweg 15,,,,379,605,,,984,hcp
sandoz,Gea Besso,Mendrisio,Schweiz,Via Pasta 3a,,,,329,166,,,495,hcp
sandoz,Gorica Velickovic,Chêne-Bougeries,Schweiz,Route de Chêne 89,,,,329,166,,,495,hcp
sandoz,Grégory Podilsky,Lausanne,Schweiz,Rue du Bugnon 46,,,,515.67,464.03,,,979.7,hcp
sandoz,Günter Krämer,Zürich,Schweiz,Neurozentrum Bellevue Theaterstr. 8,,,,,,14700,,14700,hcp
sandoz,Hamid-Reza Eslam,Marin-Epagnier,Schweiz,Rue Bellevue 7,,,,329,166,,,495,hcp
sandoz,Hansjörg Hungerbühler,Luzern,Schweiz,St. Annastr. 32,,,,,,800,,800,hcp
sandoz,Heike Bischoff-Ferrari,Zürich,Schweiz,Gloriastr. 25,,,,,,2000,,2000,hcp
sandoz,Heiner Burri,Liestal,Schweiz,Tiergartenstr. 30,,,,379,605,,,984,hcp
sandoz,Heinrich Vogt,Zürich,Schweiz,Bleulerstr. 60,,,,,,800,,800,hcp
sandoz,Heinz Othmar Hofer,Zürich,Schweiz,Witellikerstr. 40,,,,338.51,347.12,,,685.63,hcp
sandoz,Heinz Probst,Schaffhausen,Schweiz,Nordstr. 111,,,,379,605,,,984,hcp
sandoz,Heribert Mauron,Moosseedorf,Schweiz,Moosbühlstr. 33,,,,495.51,769.12,,,1264.63,hcp
sandoz,Ibrahim Sejdini,Dornach,Schweiz,Amthausstr. 30,,,,379,605,,,984,hcp
sandoz,Irene Vogel,Schaffhausen,Schweiz,Geissbergstr. 81,,,,442,490.47,,,932.47,hcp
sandoz,Ivano Oechslin,Lugano,Schweiz,Via Francesco Soave,,,,,,300,,300,hcp
sandoz,Jakob Lütschg,Glarus,Schweiz,Burgstr. 20,,,,338.51,347.12,,,685.63,hcp
sandoz,Jan Triebel,Zürich,Schweiz,Birmensdorferstr asse 497,,,,,,800,,800,hcp
sandoz,Jaqueline Badoud-Wildhaber,Vevey,Schweiz,Place du Marché 2,,,,,,600,,600,hcp
sandoz,Jean-Marc Vuissoz,Vevey,Schweiz,Rue du Midi 34,,,,,672.7,,,672.7,hcp
sandoz,Jean-Pierre Bacchetta,Chêne-Bourg,Schweiz,Chemin du Petit-Bel-Air 2,,,,329,166,,,495,hcp
sandoz,Johannes Von Kempis,St. Gallen,Schweiz,Rorschacher Str. 95,,,,,,2010.97,600.11,2611.08,hcp
sandoz,Josto Sotgia,Yverdon-les-Bains,Schweiz,Rte de Lausanne 15-17,,,,329,166,,,495,hcp
sandoz,Juan Lopez,Lausanne,Schweiz,Ch du Levant 159,,,,329,166,,,495,hcp
sandoz,Jürg Spiess,Sissach,Schweiz,Hauptstr.  46 A,,,,338.51,347.12,,,685.63,hcp
sandoz,Karine Hadaya,Cologny,Schweiz,Route De Vandoeuvres 12,,,,,,800,,800,hcp
sandoz,Katharina Bollinger,Kloten,Schweiz,Schaffhauserstr. 76,,,,,,600,,600,hcp
sandoz,Klaudia Susanne Wenger,Altdorf,Schweiz,Seedorferstr. 6,,,,379,605,,,984,hcp
sandoz,Kurt Hostettmann,St-Sulpice,Schweiz,Rue du Centre 80a,,,,,,600,,600,hcp
sandoz,Laurance Schumacher,Vevey,Schweiz,Boulevard Paderewski 3,,,,515.67,510.7,,,1026.37,hcp
sandoz,Leonora Zajmi,Wil,Schweiz,Obere Bahnhofstr. 38,,,,379,605,,,984,hcp
sandoz,Logos Curtis,Genève,Schweiz,Rue de Lausanne 67,,,,329,166,,,495,hcp
sandoz,Maria Geiser-Cloot,Münsingen,Schweiz,Thunerstr. 26,,,,379,605,,,984,hcp
sandoz,Marijana Lechner,Luzern,Schweiz,Hirschengraben 13,,,,379,605,,,984,hcp
sandoz,Markoulina Berger,Lausanne,Schweiz,Rue du Bugnon 46,,,,515.67,464.03,,,979.7,hcp
sandoz,Markus Gerber,Bern,Schweiz,Spitalgasse 29,,,,338.51,347.12,,,685.63,hcp
sandoz,Martin Lachat,Brugg,Schweiz,Fröhlichstr. 5,,,,338.51,347.12,,,685.63,hcp
sandoz,Martin Vilaseca-Bonhomme,Chêne-Bourg,Schweiz,Avenue de Vergys 31,,,,329,166,,,495,hcp
sandoz,Matteo Prencipe,Osogna,Schweiz,In Gerascia da Sora 3,,,,,,300,,300,hcp
sandoz,Matti Aapro,Genolier,Schweiz,Route du Muids 3,,,,,,1092.12,132.9,1225.02,hcp
sandoz,Michele Mattia,Paradiso,Schweiz,Via San Salvatore 7,,,,,,300,,300,hcp
sandoz,Max Caviezel,Domat/Ems,Schweiz,TopPharm Domat-Apotheke Via Sogn Pieder 1,,,,,,1200,,1200,hcp
sandoz,Michael Braunschweig,Zürich,Schweiz,Weinbergstr. 20,,,,379,605,,,984,hcp
sandoz,Michel Alexandre Nicolas,Le Mont sur Lausanne,Schweiz,Rte du Grand-Mont 27,,,,329,166,,,495,hcp
sandoz,Michele Mattia,Lugano,Schweiz,Via San Salvatore 7,,,,329,166,,,495,hcp
sandoz,Michelle Montani,Marin-Epagnier,Schweiz,CNP - Site de Préfargier,,,,329,166,,,495,hcp
sandoz,Mircea Bancila,Genève,Schweiz,Boulevard des Philosophes 23,,,,329,166,,,495,hcp
sandoz,Miriam Pfiffner,Zürich,Schweiz,Steinwiesstr. 75,,,,442,490.47,,,932.47,hcp
sandoz,Mona Riebe,Chur,Schweiz,Albulastr. 37,,,,338.51,347.12,,,685.63,hcp
sandoz,Nikhil Yawalkar,Wabern,Schweiz,Parkstr. 14,,,,1000,,740.74,,1740.74,hcp
sandoz,Otto Knüsel,Maienfeld,Schweiz,Bahnhofstr. 18,,,,,,600,,600,hcp
sandoz,Paolo Prolo,Sementina,Schweiz,Via Ticino 13,,,,329,166,,,495,hcp
sandoz,Pascal Bonnabry,Vessy,Schweiz,Chemin de Chantefleur 101,,,,,,3750,,3750,hcp
sandoz,Pia Schiffer,Zofingen,Schweiz,Rathausgasse 9,,,,338.51,347.12,,,685.63,hcp
sandoz,Piermario Maffei,Savosa,Schweiz,Via Tesserete 67a,,,,329,166,,,495,hcp
sandoz,Pierre-Alain Buchs,Sion,Schweiz,"Pharmacie du Midi, Place du Midi",,,,,,1200,,1200,hcp
sandoz,Raffaella Pozzi,Lugano,Schweiz,Corso Pestalozzi 4a,,,,329,166,,,495,hcp
sandoz,Renate Mathieu,Solothurn,Schweiz,Hauptbahnhofstr. 12,,,,338.51,347.12,,,685.63,hcp
sandoz,René Jenni,Zürich,Schweiz,Stampfenbachstr. 7,,,,,,900,,900,hcp
sandoz,Rüdiger Müller,St. Gallen,Schweiz,Krüsistr. 8,,,,,,1416.67,,1416.67,hcp
sandoz,Sandrine Betrix,Yverdon-les-Bains,Schweiz,Rue d'Entremonts Schweiz 11,,,,367.2,612.14,,,979.34,hcp
sandoz,Sara Mach-Pascual,Chêne-Bougeries,Schweiz,Route de Chêne 110,,,,60,,,,60,hcp
sandoz,Serge Ferrari,Genève,Schweiz,rue Gabrielle Perret Gentil 6,,,,,,2108,,2108,hcp
sandoz,Sevdije Shala,Wohlen,Schweiz,Zentralstr. 17,,,,379,605,,,984,hcp
sandoz,Silke Henzen,Sevelen,Schweiz,Velturrietstr. 5,,,,422,375,,,797,hcp
sandoz,Sonia Cattaneo,Mendrisio,Schweiz,Via Pasta 3a,,,,329,166,,,495,hcp
sandoz,Stefan Bützberger,Schinznach Bad,Schweiz,Badstr. 55,,,,,,800,,800,hcp
sandoz,Stefan Diermayr,Winterthur,Schweiz,Theaterstr. 1,,,,338.51,347.12,,,685.63,hcp
sandoz,Stefan Greuter,Sargans,Schweiz,Bahnhofpark 2b,,,,60,,,,60,hcp
sandoz,Steffen Lang,Landschlacht,Schweiz,Vorderdorfstr. 28,,,,422,375,,,797,hcp
sandoz,Stephan Gerosa,Läufelfingen,Schweiz,Hirzenfeldweg 4,9041500346,,,,,5000,,5000,hcp
sandoz,Stetula Staicov,Münsterlingen,Schweiz,Seeblickstr. 3,,,,379,605,,,984,hcp
sandoz,Thierry Currat,Clarens,Schweiz,Av. Alexandre Vinet 30,,,,329,166,,,495,hcp
sandoz,Thomas Müller,Bern,Schweiz,Murtenstr. 21,,,,,,1700,,1700,hcp
sandoz,Ulrich Buser,Basel,Schweiz,Hirschgässlein 44,,,,213.12,440.64,,,653.76,hcp
sandoz,Paolo De Vecchi,St. Moritz,Schweiz,Medizinisches Zentrum-Heilbad,,,,338.51,251.12,,,589.63,hcp
sandoz,Vesselin Dubuis,Genève,Schweiz,Rue de la Servette 67,,,,329,166,,,495,hcp
sandoz,Visnica Vincic,Wattwil,Schweiz,Hembergerstr. 22,,,,379,605,,,984,hcp
sandoz,Wüthrich Vanessa Banz,Bern,Schweiz,Freiburgstr. 18,9041101950,,,,406.57,1000,,1406.57,hcp
sandoz,Zamine Begolli,Olten,Schweiz,Baslerstr. 150,,,,379,605,,,984,hcp
sandoz,Zoulikha Amrari-Arar,Saint-Imier,Schweiz,Pierre Jolissaint 47,,,,329,166,,,495,hcp
