company,name,location,country,address,uci,donations_grants,sponsorship,registration_fees,travel_accommodation,fees,related_expenses,total,type
sanofi,Ärztenetzwerk Grauholz,Urtenen-Schönbühl,Schweiz,Solothurnstr. 43,,,,,,864,,864,hco
sanofi,Ärztenetzwerk Grauholz,Urtenen-Schönbühl,Schweiz,Solothurnstr. 43,,,2160,,,2160,,4320,hco
sanofi,Ass. Mendrisio Medical Meeting,Minusio,Schweiz,Via Cadogno 1 Residenza Cadogno,,,,,3000,,,3000,hco
sanofi,Associazione Medici Internisti,Paradiso,Schweiz,Via G. Guisan 10,,,1000,,,,,1000,hco
sanofi,ATD Associazione Ticinese,Bellinzona,Schweiz,Via Motto di Mornera 4,,,,,,555.6,,555.6,hco
sanofi,Klinik Barmelweid AG,Barmelweid,Schweiz,Kardiologie/Mediczin,,,,,,1080,,1080,hco
sanofi,Bethesda Spital AG,Basel,Schweiz,Gellerstr. 144,,,,,,1000,,1000,hco
sanofi,CAP,Nyon,Schweiz,Rue Juste-Olivier 16,,,1620,,,,,1620,hco
sanofi,Centre hospitalier Univ. Vaudois,Lausanne,Schweiz,Rue du Bugnon 21,,,18000,,,1500,,19500,hco
sanofi,Centre Médical de la Côte SA,Corcelles NE,Schweiz,Rue du Petit-Berne 14,,,,,1000,,,1000,hco
sanofi,Centre Médico-Chirurgical de la,Payerne,Schweiz,Rue de Guillaume 8,,,,,2000,,,2000,hco
sanofi,Clinique le Noirmont,Le Noirmont,Schweiz,,,,,,1500,,,1500,hco
sanofi,Fondation Centre de Chimiothérapie Anti-Cancéreuse / p. a. CCAC SA,Lausanne,Schweiz,Avenue Vinet 19bis,,,1000,,,,,1000,hco
sanofi,Gesundheitszentrum Fricktal,Rheinfelden,Schweiz,Postfach,,,,,,2000,,2000,hco
sanofi,GHOL SA Nyon,Nyon,Schweiz,Chemin Monastier 10,,,1500,,1200,,,2700,hco
sanofi,Gruppo Ticinese Infermiere Diabetol,Roveredo,Schweiz,Caraa di Cavài,,,,,,1500,,1500,hco
sanofi,GSASA Schweizerischer Verein der Amts- und Spitalapotheker,Bern,Schweiz,,,,10000,,,,,10000,hco
sanofi,Hôpital du Jura bernois SA Site de St-Imier,St-Imier,Schweiz,Les Fontenayes 17,,,,,2000,,2500,4500,hco
sanofi,Hôpital du Valais,Sion,Schweiz,Av Grand-Champsec 80,,,10520,,2160,2160,,14840,hco
sanofi,Hôpital Fribourgeois,Fribourg,Schweiz,Case postale,,,3900,,2500,,,6400,hco
sanofi,Hopital Riviera,Vevey,Schweiz,Site De Mottex,,,5400,,,,,5400,hco
sanofi,Igomed,Thun,Schweiz,Höheweg 26 A,,,3000,,,,,3000,hco
sanofi,INSEL GRUPPE AG Universitätsklinik für Neurologie,Bern,Schweiz,Freiburgstr. 18,,,,,,2417,,2417,hco
sanofi,Inselspital,Bern,Schweiz,Freiburgerstr. 18,,,57616,,,10880,2113.56,70609.56,hco
sanofi,International Conference on Heart&Brain,Genève,Schweiz,Rue François-Versonnex 7,,,16000,,,,,16000,hco
sanofi,Kantonsspital Glarus AG,Glarus,Schweiz,Burgstr. 99,,,,,,1000,,1000,hco
sanofi,Kantonsspital Graubünden,Chur,Schweiz,Loestr. 170,,,1500,,,,,1500,hco
sanofi,Kantonsspital St. Gallen,St. Gallen,Schweiz,Rorschacher Str. 95,,,,,,1280,1307,2587,hco
sanofi,Kinderspital Zürich,Zürich,Schweiz,Steinwiesstr. 75,,,20000,,,,,20000,hco
sanofi,Klinik Bethesda,Tschugg,Schweiz,,,,1736.1,,,,,1736.1,hco
sanofi,Luzerner Kantonsspital,Luzern,Schweiz,Spitalstr.,,,12400,,,1620,,14020,hco
sanofi,Medical Image Analysis Center,Basel,Schweiz,Mittlere-Str. 83,,,,,,4105,174.17,4279.17,hco
sanofi,Nature First AG,Zürich,Schweiz,Albisriederplatz 3,,,,,,694.45,,694.45,hco
sanofi,Ordine del Medici del Canton Ticino,Mezzovico,Schweiz,Stabile Qi - Via Cantonale,,,,,,2500,,2500,hco
sanofi,Pharmacie Amavita Centre Migros,Moutier,Schweiz,Rue de l'Ecluse 1,,,,,,230,,230,hco
sanofi,Praxis Villiger & DiaMon AG,Baden-Dättwil,Schweiz,Mellingerstr. 207,,,,,,1000,2000,3000,hco
sanofi,Privatklinik Obach,Solothurn,Schweiz,Leopoldstr. 5,,,,,,4320,,4320,hco
sanofi,Regionalspital Emmental,Burgdorf,Schweiz,Oberburgstr. 54,,,,,,2000,,2000,hco
sanofi,Reha Rheinfelden,Rheinfelden,Schweiz,Salinenstr. 98,,,1500,,,,,1500,hco
sanofi,Réseau Santé Balcon du Jura. vd,Ste-Croix,Schweiz,Rue des Rosiers 29,,,,,2160,,,2160,hco
sanofi,Schweizerische Gesellschaft für Allgemeine Innere Medizin,Bern,Schweiz,Monbijoustr. 43,,,32400,,,,,32400,hco
sanofi,Schweizerische Gesellschaft für Endokrinologie und Diabetologie,Baden,Schweiz,Rütistr. 3 A,,,62100,,,,,62100,hco
sanofi,Schweizerische Gesellschaft zum,Zürich,Schweiz,Aargauerstr. 250,,,3700,,,,,3700,hco
sanofi,Schweizerische Ophthalmologische Gesellschaft,St. Margarethen,Schweiz,Bahnhofplatz 12,,,1000,,,,,1000,hco
sanofi,Schweizerische Pädiatrische Onkologie Gruppe SPOG,Bern,Schweiz,Effingerstr. 33,,,500,,,,,500,hco
sanofi,SIOG International Society of Geriatric Oncology,Genève,Schweiz,"1-5, route des Morillons PO Box",,45672,62255.25,,,,,107927.25,hco
sanofi,Société Suisse d'Ophtalmologie,Heerbrugg,Schweiz,Bemeckerstr. 26,,,2712,,,,,2712,hco
sanofi,Solothurner Spitäler AG,Solothurn,Schweiz,Schlössllweg 2-6,,,1000,,,7572,2098,10670,hco
sanofi,Spital Bülach,Bülach,Schweiz,Spitalstr. 24,,,,,,500,,500,hco
sanofi,Spital Thurgau AG,Frauenfeld,Schweiz,Waldeggstr. 8,,,,,,10860,,10860,hco
sanofi,Stadtspital Triemli Zürich c/o Dr. Lars Huber,Zürich,Schweiz,Birmensdorferstr. 497,,,5400,,,,,5400,hco
sanofi,Stadtspital Waid,Zürich,Schweiz,Tièchestr. 99,,,,,,10000,,10000,hco
sanofi,Stiftung für wissenschaftliche Forschung am Stadtspital Triemli,Zürich,Schweiz,Birmensdorferstr. 497,,,1080,,,,,1080,hco
sanofi,Swiss Federation of Ciinical,Basel,Schweiz,Muensterberg 1,,,5600,,,,,5600,hco
sanofi,Union des sociétés suisses,Aarau,Schweiz,Bahnofstr. 55,,,,,,1334.5,,1334.5,hco
sanofi,UniversitätsSpital Zürich,Zürich,Schweiz,Rämistr. 100,,,27450.43,,,,,27450.43,hco
sanofi,Universitätsspital Basel,Basel,Schweiz,Petersgraben 4,,,13500,,,14375.93,640.04,28515.97,hco
sanofi,Universitätsspital Basel,Basel,Schweiz,Petersgraben 4,,,,,,1875,812.94,2687.94,hco
sanofi,Verein QualiCCare,Baden,Schweiz,Rütistr. 3 A,,,10000,,,,,10000,hco
sanofi,Vito Spataro,Bellinzona,Schweiz,Viale Stazione 23,,,,,,700,,700,hco
sanofi,Adam Wiktor Ziemka,Horw,Schweiz,Wellness-Apotheke GmbH Kantonsstr. 96,,,,,703,,,703,hcp
sanofi,Albert Jürgen Grabbe,Aarau,Schweiz,Kantonsspital Aarau AG Kantonsspital am Bahnhof Dermatologische Klinik Bahnhofplatz 3C,,,,,,1300,,1300,hcp
sanofi,Alexander Meisel,Zürich,Schweiz,Stadtspital Waid Medizin Onkologie Tièchestr. 99,,,,566.99,1324.65,1000,2404.29,5295.93,hcp
sanofi,Alexander Semmler,Zürich,Schweiz,Gruppenpraxis Zürich Im eisernen Zeit 1,,,,,315.65,,,315.65,hcp
sanofi,Andrea Orecchio,Lausanne,Schweiz,CHUV endocrinology Av. De la Sallaz 8,,,,438.18,1069.82,,,1508,hcp
sanofi,Andreas Lutterotti,Zürich,Schweiz,"Universitätsspital Zürich Medizin Neurologie, Frauenklinikstr. 26",,,,,,3500,845.92,4345.92,hcp
sanofi,Angela Caduff,Zürich,Schweiz,Steinwiesstr. 75,,,,446.08,252.78,,,698.86,hcp
sanofi,Anne Decollogny,Lausanne,Schweiz,Avenue Vinet 7,,,,,,6100,,6100,hcp
sanofi,Anne Hügli,Genève,Schweiz,Cabinet de groupe Genève Chemin de Beau-Soleil 22,,,,516,710.7,,122.32,1349.02,hcp
sanofi,Annemarie Alther-Leu,St. Gallen,Schweiz,Geriatrische Klinik St. Gallen AG Spitalapotheke Rorschacher Str. 94,,,,446.08,379.17,,,825.25,hcp
sanofi,Armelle Colin,St-Prex,Schweiz,Pharmacie de St-Prex S. A. Rue de la Gare 1,,,,,703,,,703,hcp
sanofi,Aurelius Omlin,St. Gallen,Schweiz,"Kantonsspital St. Gallen Medizin Onkologie, Rorschacher Str. 95",,,,,149.94,,,149.94,hcp
sanofi,Balthasar Fehr,Landquart,Schweiz,Arztpraxis FMH Allgemeine Innere Medizin Haus Amba Bahnhofstr. 3,,,,,,600,,600,hcp
sanofi,Barbara Ernst,St. Gallen,Schweiz,Arztpraxis FMH Chirurgie eSwiss Medical and Surgical Center AG Brauerstr. 97,,,,,-148.14,,88.3,-59.84,hcp
sanofi,Barbara Kälin,Horgen,Schweiz,See-Spital Standort Horgen Innere Medizin Asylstr. 19,,,,,,800,,800,hcp
sanofi,Benedikt Schmid-Giovanoli,Chur,Schweiz,Gruppenpraxis Chur Ottostr. 6,,,,,,600,,600,hcp
sanofi,Bianca Link,Zürich,Schweiz,Universitäts-Kinderspital Zürich Medizin Stoffwechsel Steinwiesstr. 75,,,,,,1186.24,28.63,1214.87,hcp
sanofi,Birsen Arici,Rheinfelden,Schweiz,Spital Rheinfelden Gesundheitszentrum Fricktal Innere Medizin Riburgerstr. 12,,,,438.18,1116.1,,,1554.28,hcp
sanofi,Cédric Lehner,Fribourg,Schweiz,Cabinet médical FMH cardiologie Rue de Locarno 1,,,,,500,,,500,hcp
sanofi,Christian Marc Schmied,Zürich,Schweiz,"Universitätsspital Zürich Medizin Kardiologie, Rämistr. 100",,,,,,850,,850,hcp
sanofi,Christian Templin,Zürich,Schweiz,"Universitätsspital Zürich Medizin Kardiologie, Rämistr. 100",,,,,,800,,800,hcp
sanofi,Christoph Thalhammer,Muri b. Bern,Schweiz,Kräyigenweg 18,,,,,,800,,800,hcp
sanofi,Claude Meric,Yverdon-les-Bains,Schweiz,3 rue de la Villette,,,,,,6400,1261.6,7661.6,hcp
sanofi,Daniela Sofrà,Lausanne,Schweiz,Cabinet de groupe Lausanne Avenue de la Gare 11,,,,,1000,,900,1900,hcp
sanofi,Dominique Loosli,Nottwil,Schweiz,Schweizer Paraplegiker-Zentrum Spitalapotheke Guido A. Zäch Str. 1,,,,446.08,821.73,,,1267.81,hcp
sanofi,Doris Clausen Caramaschi,Weinfelden,Schweiz,Apotheke Aemisegger AG Marktplatz 3,,,,,,540,,540,hcp
sanofi,Elisabeth Nützi-Constam,Winterthur,Schweiz,Arztpraxis FMH Endokrinologie-Diabetologie Wülflingerstr. 59,,,,,,850,,850,hcp
sanofi,Elisabetta Andreani Safwan,Bellinzona,Schweiz,Studio medico FMH endocrinologia- diabetologia Viale Stazione 30,,,,,1000,,,1000,hcp
sanofi,Emmanuelle Tullen,Genève,Schweiz,Cabinet de groupe Genève Chemin de Beau-Soleil 22,,,,,422.91,,,422.91,hcp
sanofi,Eugen Christian Müller,Basel,Schweiz,Universitätsspital Basel Medizin Kardiologie Petersgraben 4,,,,,620.75,,,620.75,hcp
sanofi,François Mach,Genève,Schweiz,Hôpitaux Universitaires de Genève Méd. Cardiologie Rue Gabrielle-Perret-Gentil 4,,,,485.47,372.45,,,857.92,hcp
sanofi,Gabriella Nager,Zürich,Schweiz,Arztpraxis FMH Kardiologie Ottikerstr. 38,,,,,,850,,850,hcp
sanofi,Georg Noll,Zürich,Schweiz,HerzKlinik Hirslanden Zürich Witellikerstr. 40,,,,,,850,,850,hcp
sanofi,Gian Bundi,Vella,Schweiz,Arztpraxis FMH Allgemeine Innere Medizin Sumsiaras 117B,,,,,,600,,600,hcp
sanofi,Giatgen Spinas,Zürich,Schweiz,Universitätsspital Zürich Medizin Endo/Diabetologie Rämistr. 100,,,,,,850,,850,hcp
sanofi,Giovanni Ferrari,Lugano,Schweiz,Studio medico Lugano Corso Pestalozzi 11,,,,,,1300,,1300,hcp
sanofi,Gurpreet Anand-Wadhawan,Zürich,Schweiz,Universitätsspital Zürich Medizin Endo/Diabetologie Rämistr. 100,,,,,,800,,800,hcp
sanofi,Heike Annette Bischoff-Ferrari,Zürich,Schweiz,Universitätsspital Zürich Medizin Geriatrie Gloriastr. 25,,,,,,3912.12,896.38,4808.5,hcp
sanofi,Hervé Magnin,Villars-sur-Glâne,Schweiz,Cabinet médical FMH Médecine interne générale Chemin de la Redoute 5,,,,,300,,,300,hcp
sanofi,Hervé Thabuis de Mouroux,Genève,Schweiz,Pharmacie Amavita Carl-Vogt GaleniCare SA Boulevard Carl-Vogt 18,,,,,,160,,160,hcp
sanofi,Isabella Sudano,Zürich,Schweiz,"Universitätsspital Zürich Medizin Kardiologie, Rämistr. 100",,,,,496.6,2100,,2596.6,hcp
sanofi,Jean-Joseph Vogel,Sierre,Schweiz,Cabinet de groupe Sierre Avenue de la Gare 3,,,,,,800,,800,hcp
sanofi,Jean-Paul Schmid,Bern,Schweiz,"Spital Tiefenau, Insel Gruppe AG Medizin Kardiologie Tiefenaustr. 112",,,,,496.6,2100,,2596.6,hcp
sanofi,Jens Würfel,Basel,Schweiz,Medical Image Analysis Center (MIAC AG) c/o University Hospital Basel Mittlere-Str. 83,,,,,,2500,,2500,hcp
sanofi,Johann Gregory Wirth,Genève,Schweiz,Hôpitaux Universitaires de Genève Urologie Clinique Rue Gabrielle-Perret-Gentil 4,,,,,,500,,500,hcp
sanofi,Josef Gschwend,Zürich,Schweiz,Arztpraxis FMH Kardiologie Kappelistr. 6,,,,,,850,,850,hcp
sanofi,Julien Vionnet,Lausanne,Schweiz,CHUV Chir. Transplantation Rue du Bugnon 46,,,,,736.32,,812.9,1549.22,hcp
sanofi,Jürg Lareida,Aarau,Schweiz,Arztpraxis FMH Endokrinologie-Diabetologie Praxis Lareida GmbH Vordere Vorstadt 16,,,,,,850,,850,hcp
sanofi,Karine Hadaya,Genève,Schweiz,Hôpitaux Universitaires de Genève Méd. Néphrologie Rue Gabrielle-Perret-Gentil 4,,,,,789.86,440,813,2042.86,hcp
sanofi,Kathrin Pipczynski-Suter,Bern,Schweiz,Kinderheilkunde des Inselspitals Kinderklinik Kinderheilkunde des Inselspitals,,,,,,,600,600,hcp
sanofi,Katya Bonnard,Frauenfeld,Schweiz,Walzmühlestr. 48,,,,,703,,,703,hcp
sanofi,Kiril Tzvetanov,Sierre,Schweiz,Cabinet médical FMH cardiologie Avenue du Général Guisan 12,,,,,,800,,800,hcp
sanofi,Krassen Nedeltchev,Aarau,Schweiz,Kantonsspital Aarau AG Medizin Neurologie Tellstr.,,,,,,1000,,1000,hcp
sanofi,Laetitia Baud,St-Prex,Schweiz,Pharmacie de St-Prex S. A. Rue de la Gare 1,,,,,703,,,703,hcp
sanofi,Laurent Wälchli,Chêne-Bougeries,Schweiz,Centre d'oncologie et d'hématologie Chêne-Bougeries Route de Chêne 110,,,,,149.94,,,149.94,hcp
sanofi,Luca Giovanella,Bellinzona,Schweiz,Ospedale Regionale Bellinzona e Valli Ospedale San Giovanni EOC Radiologische Klinik Via Ospedale,,,,,,1440,1761.69,3201.69,hcp
sanofi,Marc Donath,Basel,Schweiz,Universitätsspital Basel Medizin Endo/Diabetologie Petersgraben 4,,,,,,2000,352.5,2352.5,hcp
sanofi,Marc Gutmann,Liestal,Schweiz,Kantonsspital Baselland Liestal Innere Medizin Rheinstr. 26,,,,485.47,496.6,,,982.07,hcp
sanofi,Margherita Vona,Billens,Schweiz,HFR Billens Méd. Cardiologie Rue de l'Hôpital 1,,,,485.47,798.8,,,1284.27,hcp
sanofi,Maria Filippova,Basel,Schweiz,Universitätsspital Basel Abteilung Biomedizin Hebelstr. 20,,,,,,1250,,1250,hcp
sanofi,Marie-Laure Amram,Genève,Schweiz,Hôpitaux Universitaires de Genève Médecine Oncologie Rue Gabrielle-Perret-Gentil 4,,,,,422.91,500,,922.91,hcp
sanofi,Markus Lüdi,Schwarzenburg,Schweiz,Schlosspraxis AG Schwarzenburg Guggisbergstr. 11,,,,,,,750,750,hcp
sanofi,Markus Wilhelm,Zürich,Schweiz,Universitätsspital Zürich Chirurgie Herz/Thorax/Gefäss e Rämistr. 100,,,,,,800,,800,hcp
sanofi,Martin Peter,Wolhusen,Schweiz,Luzerner Kantonsspital Wolhusen Medizin Kardiologie Spitalstr.,,,,485.47,620.75,,,1106.22,hcp
sanofi,Martin Schweiger,Zürich,Schweiz,Herzchirurgie Steinwiesstr. 75,,,,,,1672,,1672,hcp
sanofi,Massimo Bongiovanni,Lausanne,Schweiz,CHUV Pathologie Rue du Bugnon 25,,,,,291.5,,,291.5,hcp
sanofi,Matthias Hermann,Wald ZH,Schweiz,Zürcher RehaZentrum Wald Medizin Kardiologie Faltigbergstr. 7,,,,,,850,,850,hcp
sanofi,Mehdi Namdar,Genève,Schweiz,Hôpitaux Universitaires de Genève Méd. Cardiologie Rue Gabrielle-Perret-Gentil 4,,,,,1311.37,22164.3,10570.51,34046.18,hcp
sanofi,Michael Klainguti,Zürich,Schweiz,Herzpraxis Stadelhofen Zürich Goethestr. 20,,,,,,850,,850,hcp
sanofi,Michael Richter,Pfäffikon SZ,Schweiz,Arztpraxis FMH Kardiologie Bahnhofstr. 13,,,,485.47,620.75,,,1106.22,hcp
sanofi,Michael Schwanda,Schlieren,Schweiz,Spital Limmattal Medizin Kardiologie Urdorferstr. 100,,,,,,850,,850,hcp
sanofi,Mirja Veronika Faulenbach,Zürich,Schweiz,Arztpraxis FMH Endokrinologie-Diabetologie Hormon Zentrum Zürich Witellikerstr. 36,,,,,,800,,800,hcp
sanofi,Nadine Haserück,SeewisDorf,Schweiz,Reconditions-Center Seewis Rehabilitationszentru m für Herzpatienten Medizin Kardiologie Schlossstr. 1,,,,485.47,496.6,,,982.07,hcp
sanofi,Natalie Fischer,Winterthur,Schweiz,"Kantonsspital Winterthur Medizin Onkologie, Brauerstr. 15",,,,,300,,,300,hcp
sanofi,Nathalie Pugnale-Verillotte,Fribourg,Schweiz,Cabinet médical FMH endocrinologie- diabétologie Rue St-Pierre 1,,,,,500,,,500,hcp
sanofi,Oliver Tschopp,Zürich,Schweiz,Universitätsspital Zürich Medizin Endo/Diabetologie Rämistr. 100,,,,,,800,,800,hcp
sanofi,Olivier Scheidegger,Bern,Schweiz,"Inselspital, Freiburgstr. 18",,,,,13.5,,,13.5,hcp
sanofi,Peter Bartel,Sursee,Schweiz,Arztpraxis FMH Urologie Urologische Praxis im Buchenhof Buchenstr. 4,,,,,533.46,,,533.46,hcp
sanofi,Peter Diem,Bern,Schweiz,"Inselspital Bern, Insel Gruppe AG Medizin Endo/Diabetologie Opfingenstr. 44",,,,,,,1086.74,1086.74,hcp
sanofi,Peter Gerritsen,Zug,Schweiz,Arztpraxis FMH Allgemeine Innere Medizin Gubelstr. 17,,,,,802,,,802,hcp
sanofi,Philippe Grisel,Monthey,Schweiz,Cabinet de groupe Monthey Avenue de la Gare 24,,,,,,800,,800,hcp
sanofi,Photis Beris,Genève,Schweiz,Cabinet médical FMH Hématologie Unilabs Avenue Blanc 51,,,,,,450,,450,hcp
sanofi,Pierre Vogt,Lausanne,Schweiz,CHUV Méd. Cardiologie Rue du Bugnon 46,,,,485.47,496.6,,,982.07,hcp
sanofi,Regula Honegger,Horgen,Schweiz,Arztpraxis am Bahnhof Horgen Seestr. 117,,,,,,850,,850,hcp
sanofi,René Schläpfer,Zürich,Schweiz,Arztpraxis FMH Kardiologie Falkenstr. 30,,,,,,800,,800,hcp
sanofi,Rico Stocker,DavosDorf,Schweiz,Arztpraxis FMH Allgemeine Innere Medizin Bahnhofstr. 15,,,,,,600,,600,hcp
sanofi,Robert Karl Josef Clemens,Zürich,Schweiz,Universitätsspital Zürich Medizin Angiologie Rämistr. 100,,,,,,800,,800,hcp
sanofi,Roger Lehmann,Zürich,Schweiz,Universitätsspital Zürich Medizin Endo/Diabetologie Rämistr. 100,,,,,,2250,,2250,hcp
sanofi,Rudolf Hämmerli,Luzern,Schweiz,Kardiologische Praxis Luzern Luzern Stadthofstr. 3,,,,485.47,496.6,,,982.07,hcp
sanofi,Sabine Funk,Horgen,Schweiz,See-Spital Standort Horgen Innere Medizin Asylstr. 19,,,,,,800,,800,hcp
sanofi,Sacha Rothschild,Basel,Schweiz,Universitätsspital Basel Medizin Onkologie Petersgraben 4,,,,344.71,1174.71,,,1519.42,hcp
sanofi,Saèd Burgan,Genève,Schweiz,Cabinet de groupe Genève Rue de Contamines 26,,,,,372.45,,,372.45,hcp
sanofi,Sao-Nam Tran,Genève,Schweiz,Cabinet médical FMH urologie Route de Frontenex 90,,,,,300,,,300,hcp
sanofi,Simon Ramseier,Dättwil AG,Schweiz,Ärztezentrum Täfernhof Dättwil AG Mellingerstr. 207,,,,,,1000,,1000,hcp
sanofi,Stefan Aczel,St. Gallen,Schweiz,Kantonsspital St. Gallen Beratung Adipositas Rorschacher Str. 311,,,,354.2,654.32,,,1008.52,hcp
sanofi,Stefan Bilz,St. Gallen,Schweiz,Kantonsspital St. Gallen Medizin Endo/Diabetologie Rorschacher Str. 95,,,,,,2450,,2450,hcp
sanofi,Stephan Krähenbühl,Basel,Schweiz,Universitätsspital Basel Med. Klin. Pharmakol ogie Hebelstr. 2,,,,,,2800,,2800,hcp
sanofi,Stephan Luterbacher,Luzern,Schweiz,Kantonsapotheker Gesundheits- und Meyerstr. 20,,,,446.08,379.17,,,825.25,hcp
sanofi,Sven Schulz,Davos Platz,Schweiz,Arztpraxis FMH Allgemeine Innere Medizin Promenade 83,,,,,,600,,600,hcp
sanofi,Tanja Hänni,Olten,Schweiz,Kantonsspital Olten Innere Medizin Baslerstr. 150,,,,,158.72,,534.73,693.45,hcp
sanofi,Thomas Deseö,Zürich,Schweiz,Gruppenpraxis Zürich Dufourstr. 143,,,,,,800,,800,hcp
sanofi,Thomas Müller,Zürich,Schweiz,Universitätsspital Zürich Medizin Nephrologie Rämistr. 100,,,,,,1748.96,15.59,1764.55,hcp
sanofi,Thomas Zilli,Genève,Schweiz,Hôpitaux Universitaires de Genève Radio- oncologie Rue Gabrielle-Perret-Gentil 4,,,,,1093,,,1093,hcp
sanofi,Tobias Traupe,Bern,Schweiz,"Spital Tiefenau, Insel Gruppe AG Medizin Kardiologie Tiefenaustr. 112",,,,485.47,496.6,,,982.07,hcp
sanofi,Uta Kliesch,Schwyz,Schweiz,Neurologische Arztpraxis Schwyz Maria-Hilf-Str. 9,,,,,,500,,500,hcp
sanofi,Valentin Marie-Luise,Zürich,Schweiz,Universitätsspital Zürich Medizin Angiologie Rämistr. 100,,,,,,800,,800,hcp
sanofi,Vera Kessens,Windisch,Schweiz,Hauserstr. 2c,,,,,,600,,600,hcp
sanofi,Verena Wilzeck,Baden,Schweiz,Kantonsspital Baden AG Medizin Kardiologie Im Ergel 1,,,,142.4,753.77,,,896.17,hcp
sanofi,Werner Knisel,Zürich,Schweiz,Stadtspital Triemli Medizin Endo/Diabetologie Birmensdorferstrass e 497,,,,,,850,,850,hcp
sanofi,Yves Perrin,Morges,Schweiz,Pharmacie Populaire Charpié Pharmacie Populaire de Morges Sàrl Grand-Rue 100,,,,,703,,,703,hcp
