company,name,location,country,address,uci,donations_grants,sponsorship,registration_fees,travel_accommodation,fees,related_expenses,total,type
servier,Ärztenetzwerk Grauholz,Ittigen,Schweiz,Worblentalstr. 99,AerztenetzwerkGrauholzIttigen,,2800,,,,,2800,hco
servier,AMC - Association Médecins de la Côte,Nyon,Schweiz,Rue Neuve 6,AMCNyon,,1500,,,,,1500,hco
servier,APA - Ärzte mit Patientenapotheke,St. Gallen,Schweiz,Kolumbanstr. 2,ApAStGallen,400,,,,,,400,hco
servier,Arbeitsgruppe Herzinsuffizienz der SGK,Basel,Schweiz,"Universitätsspital Basel, Petersgraben 4",ArbeitsgruppeHerzinsuffizienzSGKBasel,,5000,,,,,5000,hco
servier,Ärztekongress Arosa,Arosa,Schweiz,Sekretariat,ÄrztekongressArosa,,5850,,,,,5850,hco
servier,Aerztenetzwerk Bern,Zürich,Schweiz,Bahnhofplatz 4,ÄrztenetzwerkBernZürich,,3500,,,,,3500,hco
servier,Ärzteverein Werdenberg / Sarganserland,Sargans,Schweiz,Facharzt Urologie - Bahnhofstr. 6,ÄrztevereinWerdenbergSarganserlandSargans,,1500,,,,,1500,hco
servier,Asi-Adoc,Paradiso-Lugano,Schweiz,Viale San Salvatore 7,ASIADOCParadisoLugano,,1000,,,,,1000,hco
servier,"Association ""Rencontre cardiologique annuelle",Genève,Schweiz,Président de l'Association Dr Léo Finci 13 rue Marignac,AssociationRencontrecardiologiqueannuelleGenève,,2000,,,,,2000,hco
servier,Associazone Ticinese dei medici di famiglia e dell'infanzia-ATIMEF,Pambio-Noranco,Schweiz,Strada Cantonale 34,ATIMEFPambioNoranco,,500,,,,,500,hco
servier,BBS Congress GmbH,Bern,Schweiz,Rabbentalstr. 83,BBSCongressBern,,5610,,,,,5610,hco
servier,CARDIOMAXX Consulting GmbH,Küsnacht ZH,Schweiz,Güstr. 38a,CARDIOMAXXConsultingKüsnachtZH,,,,,1800,58,1858,hco
servier,CHUV - Finances op. - comptabilité,Lausanne,Schweiz,Rue du Bugnon 21,CHUVFinancesLausanne,,19180,,,2000,,21180,hco
servier,Circolo di Qualita PMB,Colerio,Schweiz,Campagna Adorna,CircoloQualitàColdrerio,,1500,,,,,1500,hco
servier,Clinica Santa Croce SA,Orselina,Schweiz,Via al Parco 27,SantaCroceOrselina,,2000,,,,,2000,hco
servier,Comptabilité Médecine Université de Genève,Genève,Schweiz,Rue Michel-Servet 1,UniversitéGenèveComptabilitéMédecineGenève4,,,,,2000,,2000,hco
servier,Conqrès Médical QUADRIMED,Crans-Montana,Schweiz,Case postale 299,QuadrimedCransMontana,,11157,,,,,11157,hco
servier,CONTENT Marketing & Services GmbH,Frauenfeld,Schweiz,Walzmühlestr. 55a,CONTENTMarketing&ServicesFrauenfeld,,6000,,,,,6000,hco
servier,CSSC,Ste-Croix,Schweiz,Centre de soins,CSSCSteCroix,,3600,,,,,3600,hco
servier,Diabète Mouvement Santé,Moutier,Schweiz,Nationalstr. 17,DiabèteMouvementSantéMoutier,,,,,1000,,1000,hco
servier,DOXnet,Hinterkappelen,Schweiz,Kappelenring 6,DOXnetBremgarten,,2000,,,,,2000,hco
servier,Ente Ospedaliero Cantonale,Bellinzona,Schweiz,"Direzione generale, Viale Officina 3",EnteOspedalieroCantonaleBellinzona,,5300,,,,,5300,hco
servier,Fondation Recherche Et Formation Pour L Enseignement Du Malade Desg,Genève,Schweiz,52 Bd Saint-Georges                     L'Enseignement Du Malade / Desg,FONDATIONRECHERCHEETFORMATIONDESGGeneve,3000,,,,3000,,6000,hco
servier,Fondazione Cardiocentro Ticino,Lugano,Schweiz,Via Tesserete 48,FondazioneCardiocentroTicinoLugano,,500,,,,,500,hco
servier,FoROMe,Lausanne,Schweiz,Rue du Bugnon 46,AssociationFoROMeLausanne,,1500,,,,,1500,hco
servier,Fortbildungsgruppe Adler,Steckborn,Schweiz,Storchengasse 2,FortbildungsgruppeAdlerSteckborn,,500,,,,,500,hco
servier,Fortbildungsveranstaltung Lenker Woche,LenkimSimmental,Schweiz,Lenk im Simmental,FortbildungsveranstaltungLenkerWocheLenkImSimmental,,2000,,,,,2000,hco
servier,GECOR - Fondation pour la recherche de la Cardiologie Universitaire de Genève,Genève,Schweiz,"c/o HUG, Département de Médecine interne, Service de Cardiologie, Rue Gabrielle-Perret-Gentil 4",FondationGECORGenève,,10000,,397,9800,,20197,hco
servier,GHOL SA Nyon,Nyon,Schweiz,Chemin Monastier 10,GHOLNyon,,800,,,,,800,hco
servier,GIK - Schweizerische Gesellschaft f. intensive dynamische Kurzpsychotherapie atelierPsy&Psy,Baagaz,Schweiz,Fläscherstr. 37,GIKBadRagaz,,750,,,,,750,hco
servier,GRIMM - Groupe d'Intervention Médicale en Montagne,Grimisuat,Schweiz,Chemin Des Chênes 12,GRIMMGrimisuat,,1000,,,,,1000,hco
servier,Groupement des Psychiatres et Psychothérapeutes Vaudois,Lausanne,Schweiz,Place de la Riponne 3,GroupementPsychiatresPsychothérapeutesVaudoisLausanne,,1800,,,,,1800,hco
servier,Gruppo Medico Formazione,Giubiasco,Schweiz,Casella Postale 823,GruppoMedicoFormazioneGiubiasco,,3300,,,,,3300,hco
servier,HFR hôpital fribourgeois,Fribourg,Schweiz,Chemin des Pensionnats 2,HFRHopitalFribourgeoisFribourg,,1500,,,,,1500,hco
servier,Hôpital du Jura Bernois SA,St-Imier,Schweiz,Service comptabilité,HôpitalJuraBernoisComptabilitéStImier,,2500,,,,,2500,hco
servier,Hôpital du Valais,Sion,Schweiz,Avenue du Grand-Champsec 80,HôpitalValaisSion,,4000,,,,,4000,hco
servier,HUG Hôpitaux Universitaires de Genève,Genève,Schweiz,Rue Gabrielle-Perret-Gentil 4,HUGGenève,,14000,,,,,14000,hco
servier,Igomed,Thun,Schweiz,Höheweg 26a,IGOMEDThun,,1000,,,,,1000,hco
servier,Impulze GmbH,Zürich,Schweiz,Minervastr. 25,ImpulzeZürich,,11500,,,,,11500,hco
servier,Inselspital,Bern,Schweiz,Freiburgstr. 18,InselspitalStiftungFondsBern,,3000,,,,,3000,hco
servier,Intervisionsgruppe,Lenzburg,Schweiz,Dr. med. Fritz Ramseier & - Dr. med. Hans Ulrich Karli - Niederlenzer Kirchweg 3,IntervisionsgruppeLenzburg,,700,,,,,700,hco
servier,IPW - Zürcher Unterland,Winterthur,Schweiz,Wieshofstr. 102 Postfach 144,IPWWinterthur,,750,,,,,750,hco
servier,Istdp,Bern,Schweiz,Bern,ISTDPBern,,1500,,,,,1500,hco
servier,Jacques Garnier et Juan Sztajzel,Carouge,Schweiz,Clinique de Carouge - Avenue Cardinal-Mermillod 5,CliniqueCarougeGarnierSztajzelCarouge,,1000,,,,,1000,hco
servier,Journées postgraduées de l'Unité de Proctologie,Genève,Schweiz,Rue Micheli-du-Crest 24,JournéesPostgraduéesUnitéProctologieGenève,,500,,,,,500,hco
servier,Kantonsspital Aarau AG,Aarau,Schweiz,Tellstr.,KantonsspitalAarau,,2000,,,,,2000,hco
servier,Kantonsspital St. Gallen,St. Gallen,Schweiz,Departement Finanzen - Rorschacherstr. 95,KantonsspitalFinanzabteilungStGallen,,7000,,,,,7000,hco
servier,Klinik Südhang & Forel Klinik,Kirchlindach,Schweiz,ATF Forschungsverbund - Südhang 1,KlinikSüdhang&ForelKlinikKirchlindach,,500,,,,,500,hco
servier,Klinik und Poliklinik für Innere Medizin Universitätsspital Zürich,Zürich,Schweiz,Rämistr. 100,UniversitätsspitalZürichInnereMedizinZürich,,2000,,,,,2000,hco
servier,Kollegium für Hausarztmedizin KHM / CMPR,Genève,Schweiz,"92, route de Frontenex",KHMGenève,,5442,,,,,5442,hco
servier,Luzerner Psychiatrie,St. Urban,Schweiz,Klinik St. Urban - Schafmattstr. 1,LuzernerPsychiatrieStUrban,,2000,,,,,2000,hco
servier,Médecin Famille Fribourg,Farvagny,Schweiz,Impasse du Petit-Crêt 3,MédecinFamilleFribourgFarvagny,,2000,,,,,2000,hco
servier,Médecins de Famille Genève,Genève,Schweiz,Rue Conseil Général 11,MédecinsFamilleGEGenève,,2000,,,,,2000,hco
servier,Medworld AG,Steinhausen,Schweiz,AGLA - Sennweidstr. 46,MedworldAGLASteinhausen,12000,,,,,,12000,hco
servier,New Medmotion GmbH,Bergdietikon,Schweiz,Im Schlittental 3,NewMedmotionBergdietikon,,,,,800,,800,hco
servier,OFCT - Ordine dei farmacisti del Cantone Ticino,Lugano,Schweiz,Via Al Forte 3,OFCTLugano,,2500,,,,,2500,hco
servier,Onkologiepflege Schweiz,Kleinandelfingen,Schweiz,Hirstigstr. 13,OnkologiepflegeKleinandelfingen,,2750,,,,,2750,hco
servier,Ordine dei Medici del Canton Ticino,Mezzovico-Vira,Schweiz,Stabile Qi - Via Cantonale,OrdineMediciTicinoMezzovicoVira,,1600,,,,,1600,hco
servier,PizolCare AG,Mels,Schweiz,Flurstr. 12,PizolCareMels,,4500,,,,,4500,hco
servier,Privatklinik Hohenegg AG,Meilen,Schweiz,Hohenegg 1,PrivatklinikHoheneggMeilen,,500,,,,,500,hco
servier,Privatklinik Meiringen AG,Meiringen,Schweiz,Willigen,PrivatklinikMeiringen,,1944,,,,,1944,hco
servier,Psychiatrie Baselland,Liestal,Schweiz,Bienentalstr. 7,PsychiatrieBasellandLiestal,,8000,,,,,8000,hco
servier,Psychiatriezentrum Münsingen,Münsingen,Schweiz,Finanzbuchhaltung - Hunzigenallee 1,PsychiatriezentrumMünsingen,,1500,,,,,1500,hco
servier,Psychiatrische Dienste Aargau AG,Windisch,Schweiz,Zürcherstr. 241,PsychiatrischeDiensteAargauWindisch,,2000,,,,,2000,hco
servier,Psychiatrische Universitätsklinik Zürich,Zürich,Schweiz,Klinik f. Affektive Erkrankungen und Allgemeinpsychiatrie Zürich Ost - Lenggstr. 31,PsychiatrischeUniversitätsklinikZürich,,6000,,,,,6000,hco
servier,Repubblica e Cantone Ticino,Menisio,Schweiz,Servizio finanze - Via Agostino Maspoli,OSCMendrisio,,1000,,,,,1000,hco
servier,Réseau fribourgeois de santé mentale,Marsens,Schweiz,Centre de soins hospitaliers - L'Hôpital 140,RéseauFribourgeoisSantéMentaleMarsens,,3000,,,,,3000,hco
servier,Sanatorium Kilchberg AG,Kilchberg ZH,Schweiz,Alte Landstr. 70,SanatoriumKilchbergZH,,2500,,,,,2500,hco
servier,Schweizerische Gesellschaft f. Zwangsstörungen,Zürich,Schweiz,Klinik f. Psychiatrie und Psychotherapie - Culmannstr. 8,SchweizerischeGesellschaftZwangsstörungenZürich,,2000,,,,,2000,hco
servier,Schweizerische Gesellschaft für Allgemeine Medizin,Courfaivre,Schweiz,Rue de la Faverge 21,SGAM-CO,,6074,,,,,6074,hco
servier,Schweizerische Gesellschaft für Gerontologie,Bern,Schweiz,Schwanengasse 14,SchweizerischeGesellschaftGerontologieBern,170,,,,,,170,hco
servier,Schweizerische Gesellschaft für Phlebologie,Bruderholz,Schweiz,Medizinische Universitätsklinik,SchweizerischeGesellschaftPhlebologieBruderholz,,10700,,,,,10700,hco
servier,Schweizerischen Gesellschaft für Psychoonkologie,Bern,Schweiz,c/o Krebsliga Schweiz Effingerstr. 40 Postfach,SGPOBern,,2000,,,,,2000,hco
servier,Second Chance Association,Meyrin,Schweiz,Avenue Jean-Daniel-Maillard 1,SecondChanceAssociationMeyrin,10000,,,,,,10000,hco
servier,SGAD - Schweizerische Gesellschaft für Angst & Depression,Zürich,Schweiz,Geschäftsstelle - Ringstr. 70,SGADZürich,20000,,,,,,20000,hco
servier,SGAMSP,Aarburg,Schweiz,Postfach 100,SGAMSPZürich,,4000,,,,,4000,hco
servier,SGED - Schweiz. Gesellschaft f. Endokrinologie & Diabetolgie,Baden,Schweiz,Rütistr. 3a,SGEDBaden,,7500,,,,,7500,hco
servier,SGAIM - Schweizerische Gesellschaft für Allgemeine Innere Medizin,Basel,Schweiz,Solothurnerstr. 68,SGIMBVRBasel,,18290,,,,,18290,hco
servier,SGUM,Diepoldsau,Schweiz,Vordere Kirchstr. 8,SGUMDiepoldsau,,1920,,,,,1920,hco
servier,SHG - Schweiz. Hypertonie Gesellschaft,Lausanne,Schweiz,Hôpital Nestlé,SHGLausanne,16000,,,,,,16000,hco
servier,SNM Société Neuchâteloise de Médecine,Hauterive NE,Schweiz,Les Theyers 2,SNMHauteriveNE,,1000,,,,,1000,hco
servier,Societa Ticinese di Psichiatria e Psicoterapia,Lugano,Schweiz,Stpp,STPPLugano,,1500,,,,,1500,hco
servier,Solothurner Spitäler AG,Solothurn,Schweiz,Schlössliweg 2-6,SolothurnerSpitälerSolothurn,,3620,,,1200,,4820,hco
servier,Spital Thurgau AG,Frauenfeld,Schweiz,Debitorenbuchhaltung,SpitalThurgauFrauenfeld,,4000,,,,,4000,hco
servier,Spitalverbund Appenzell Ausserrhoden,Herisau,Schweiz,Krombach,SpitalverbundAppenzellAusserrhodenHerisau,,1000,,,,,1000,hco
servier,St. Gallische Kantonale Psychiatrische Dienste,Wil SG,Schweiz,Zürcherstr. 30,StGallischePsychiatrischeDiensteSektorNordWilSG,,7343,,,,,7343,hco
servier,Stiftung für Herz- und Kreislaufforschung,Zürich,Schweiz,Moussonstr. 4,StiftungHerzKreislaufforschungZürich,,55700,,,,,55700,hco
servier,Stiftung Für Klinische Forschung,Zürich,Schweiz,"Klinik für Endokrinologie, Diabetologie & Klinische Ernährung - Rämistr. 100",StiftungKlinischeForschungZürich,18800,,,,,,18800,hco
servier,Stiftung Rheinleben,Basel,Schweiz,Clarastr. 6,StiftungRheinlebenBasel,,2500,,,,,2500,hco
servier,Stiftungen und Fonds Insel Gruppe AG,Bern,Schweiz,Freiburgstr.,InselGruppeAGBern,,6000,,,,,6000,hco
servier,Universitäre Psychiatrische Dienste Bern,Bern,Schweiz,Bolligenstr. 111,UPDBern60,,2000,,,750,,2750,hco
servier,Universität Zürich,Zürich,Schweiz,Institut für Sozial- und Präventivmedizin - AMIS Plus Data Center - Hirschengraben 84,UniversitätZürichInstitutSozialAMISPlusZürich,,10000,,,,,10000,hco
servier,Universitätsspital Basel,Basel,Schweiz,Controlling Kardiologie,UniversitätsspitalBaselControllingKardiologieBasel,,11108,,,1200,,12308,hco
servier,UniversitätsSpital Zürich,Zürich,Schweiz,Veranstaltungen - Rämistr. 100,UniversitätsspitalZürichVeranstaltungenZürich,,1000,,,,,1000,hco
servier,Université de Lausanne,Lausanne,Schweiz,Service financier - Bâtiment Unithèque,UniversitédeLausanneFinancesLausanne,10000,,,,,,10000,hco
servier,USGG - Union Schweiz. Gesellschaften f. Gefässkrankheiten,Baagaz,Schweiz,Venenzentrum,USGGKüpferBadRagaz,750,,,,,,750,hco
servier,Verein Lunge Zürich,Zürich,Schweiz,Pfingstweidstr. 10,VereinLungeZürich,,10440,,,,,10440,hco
servier,Verein Quartierärzte Kreis 9,Zürich,Schweiz,Verein Quartierärzte Kreis 9,VereinQuartierärzteKreis9Zürich,,1000,,,,,1000,hco
servier,Vereinigung der Zürcher Internisten,Zollikon,Schweiz,VZI Symposium,VereinigungZürcherInternistenZollikon,,3800,,,,,3800,hco
servier,Zurich Academy of Internal Medicine,Steinhausen,Schweiz,c/o Medworld AG Sennweidstr. 46,ZAIMMedworldSteinhausen,,8200,,,,,8200,hco
servier,Zurich Heart House,Zürich,Schweiz,Moussonstr. 4P. O. Box,ZURICHHEARTHOUSEZurich,459,275229,,,,,275688,hco
servier,Ahmad Farid Hassanzadah,Vevey,Schweiz,Vevey Medical Center Sarl - Avenue Général-Guisan 26,7601003413021,,,594,1520,,,2114,hcp
servier,Alen Tschurr,Horgen,Schweiz,Seestr. 126,7601000548795,,,204,633,,,837,hcp
servier,Alexane Delessert,Belmont-sur-Lausanne,Schweiz,Dailles 13,7601000742919,,,,,800,,800,hcp
servier,Alexane Morais Cravador,Genève,Schweiz,FMH psychiatrie et psychothérapie Rue de Lausanne 65,7601000981752,,,300,539,,,839,hcp
servier,Alfredo Velardi,Neuchâtel,Schweiz,Avenue du 1er-Mars 6,7601000008305,,,300,539,,,839,hcp
servier,Ané-Jean Gruaz,Estavayer-le-Lac,Schweiz,Avenue de la Gare 111,7601000052506,,,221,490,,,711,hcp
servier,Anna Wirz-Justice,Basel,Schweiz,Universitäre Psychiatrische Kliniken Basel - Wilhelm Klein-Str. 27,WirzJusticeAnnaBasel,,,,327,1635,,1962,hcp
servier,Anne-Laure Bonvin,Sion,Schweiz,Rue des Cèdres 13,7601000633446,,,,268,,,268,hcp
servier,Antoine Humbert,Neuchâtel,Schweiz,Médecin interne / Néphrologie - Hôpital de la Providence - Faubourg de l'Hôpital 81,7601000645340,,,,,400,,400,hcp
servier,Antoinette Al Amine-Odermatt,Genève,Schweiz,Rue de Lausanne 54,7601000037701,,,100,,,,100,hcp
servier,Anton Camprubi,Gland,Schweiz,Rue Mauverney 22B,7601000418227,,,300,539,,,839,hcp
servier,Arnaud Roth,Conches,Schweiz,214 Route de Florissant,7601000033352,,,,,1500,88,1588,hcp
servier,Augusto Bernasconi,Lugano,Schweiz,Via Serafino Balestra 27,7601000182753,,,,230,400,,630,hcp
servier,Aurélie Dupouy,Yverdon-les-Bains,Schweiz,UTAD Unité de traitement des addictions - Secteur psychiatrique nord - Ruelle Vautier 5,7601003405576,,,300,539,,,839,hcp
servier,Beat E. Coradi,Zürich,Schweiz,Zelglistr. 47,7601000216137,,,,,800,,800,hcp
servier,Benedict Martina,Basel,Schweiz,St. Alban-Anlage 50,7601000120267,,,,,1000,,1000,hcp
servier,Bernard Mosimann,La Neuveville,Schweiz,Route de Neuchâtel 3,7601000076526,,,,205,,,205,hcp
servier,Bertrand Jop,Grimisuat,Schweiz,Rue des Fermes 45,7601000956293,,,,,800,,800,hcp
servier,Birsen Arici,Basel,Schweiz,Schweizergasse 50,7601000718198,,,,,800,,800,hcp
servier,Blaise Ingold,Villeneuve VD,Schweiz,Grand-Rue 12,7601000003546,,,,,800,,800,hcp
servier,Bobocel Rustea,Bellinzona,Schweiz,Centro terapia cognitiva comportamentale - Piazza Collegiata 7,7601000962072,,,,254,,,254,hcp
servier,Brahim Lakki,Genève,Schweiz,Rue De Lausanne 39,7601000385895,,,100,,,,100,hcp
servier,Catherine Extermann,Lausanne,Schweiz,Route d'Oron 1,7601000382757,,,287,458,800,,1545,hcp
servier,Céic Vuille,Founex,Schweiz,Chemin de la Dôle 5,7601000029553,,,,,800,,800,hcp
servier,Céline Meyer-Battaglin,Lausanne,Schweiz,Chemin des Croix-Rouges 5,7601000364777,,,,,800,,800,hcp
servier,Charles-Alphonse Reynard,Sion,Schweiz,Avenue de la Gare 25,7601000066220,,,,,800,,800,hcp
servier,Christine Hoff,Zürich,Schweiz,Asylstr. 82,7601000747150,,,,,800,,800,hcp
servier,Christophe Hentsch,Genève,Schweiz,Rue de Moillebeau 33,7601000737137,,,221,458,,,679,hcp
servier,Christophe Liberek,Sion,Schweiz,Avenue de la Gare 30,7601000642592,,,,216,,,216,hcp
servier,Christophe Pasche,Romanel-s-Lausanne,Schweiz,Chemin des Esserpys 20,7601000621870,,,221,484,,,705,hcp
servier,Claude-Ané Moser-Morel,La Chaux-de-Fonds,Schweiz,Rue de la Paix 39,7601000071859,,,182,352,,,534,hcp
servier,Claudia Ariemma,Menisio,Schweiz,Via Turconi 23,7601000990938,,,300,536,,,837,hcp
servier,Claudius Irlé,Meyrin,Schweiz,Avenue J.-D.- Maillard 11,7601000042736,,,,397,,,397,hcp
servier,Concepcion Colastra,Bulle,Schweiz,Chemin de Bouleyres 10,7601000054234,,,300,539,,,839,hcp
servier,Constantin Protoulis,Genève,Schweiz,Avenue Jules-Crosnier 4,7601000037091,,,,227,,,227,hcp
servier,Cyril Pellaton,Neuchâtel,Schweiz,Rue de la Maladière 45,7601000644749,,,595,628,,,1223,hcp
servier,Cyril Pellaton,Neuchâtel,Schweiz,Cardiologie FMH - Médecine interne FMH - Hôpital neuchâtelois - Pourtalès - Rue de la Maladière 45,7601000644749,,,396,893,,,1289,hcp
servier,Daniel Périard,Fribourg,Schweiz,Fort-St-Jacques 23,7601000622068,,,,,800,,800,hcp
servier,Daniel Schlossberg,Zürich,Schweiz,Imbisbühlsteig 20,7601000216595,,,,,800,,800,hcp
servier,Daniel Tenthorey,Fully,Schweiz,Centre médical de Charnot - Rue Maison de Commune 17,7601000018649,,,221,440,,,661,hcp
servier,David Kabashi,Bremgarten AG,Schweiz,Zürcherstr. 4,7601000989307,,,364,519,,,883,hcp
servier,David Katzenfuss,Zumikon,Schweiz,Chapfstr. 103,7601000708427,,,,,800,,800,hcp
servier,Dino Constantinidis,Chêne-Bourg,Schweiz,Chemin du Petit-Bel-Air 1,7601000459411,,,,185,,,185,hcp
servier,Djordje Petrovic,Hergiswil NW,Schweiz,Psychiatrie Petrovic GmbH - Landweg 3,7601000448842,,,367,400,,,767,hcp
servier,Dominique Baettig,Delémont,Schweiz,Rue de Fer 6,7601000079435,,,,200,,,200,hcp
servier,Dumitru Lacatis,Genève,Schweiz,Rue Chantepoulet 5,7601000021014,,,100,,,,100,hcp
servier,Edith Holsboer-Trachsler,Oberägeri,Schweiz,Hauptstr. 47c,7601000118073,,,743,717,,,1460,hcp
servier,Elke Broos-Könitz,St. Gallen,Schweiz,santémed Gesundheitszentren AG - Vadianstr. 26,7601000761002,,,204,459,,,663,hcp
servier,Emrush Rexhaj,Corminboeuf,Schweiz,La Clé-des-Champs 5,7601000535153,,,,,1000,,1000,hcp
servier,Eric Paul Gobin,Saignelégier,Schweiz,Chemin des Anémones,7601000883100,,,,,400,,400,hcp
servier,Erich Seifritz,Bolligen,Schweiz,Ruettelerweg 3,7601000117823,,,,,2000,,2000,hcp
servier,Ettore Battaglia,Lugano,Schweiz,Viale Stefano Franscini 1,7601000187185,,,,,400,,400,hcp
servier,Fabien Stucker,Neuchâtel,Schweiz,Crêt-Taconnet 14,7601000633149,,,,,400,,400,hcp
servier,Fatma Megdiche,Lausanne,Schweiz,Médecin assistante - Service de néphrologie et hypertension - CHUV - Rue du Bugnon 17,MegdicheFatmaLausanne,,,,248,,,248,hcp
servier,Ferdinand Jaggi,Zürich,Schweiz,Rütihofstr. 49,7601000193995,,,,,1300,,1300,hcp
servier,Fiorenzo Acquati,Menisio,Schweiz,Via Giuseppe Motta 35,7601000668059,,,,,700,,700,hcp
servier,Florin Antonie Orha,Le Landeron,Schweiz,Rue de Soleure 1,7601000054678,,,,141,,,141,hcp
servier,Francesco Colella Albino,Lugano,Schweiz,Via Nassa 7,7601000758378,,,221,464,,,685,hcp
servier,François Audétat,Genève,Schweiz,Homéopathie - Rue du Môle 4,7601000037893,,,100,,,,100,hcp
servier,Frank Günter Wilhelmus,Regensdorf,Schweiz,Adlikerstr. 236,7601000967039,,,204,575,,,779,hcp
servier,Frank Ruschitzka,Zürich,Schweiz,Rämistr. 100,7601000502186,,,,,3028,2009,5037,hcp
servier,Frédéric Gerber,Moutier,Schweiz,Rue du Viaduc 34,7601000078759,,,,181,,,181,hcp
servier,Frédéric Glauser,Genève,Schweiz,28 Quai du Seujet,7601000642028,,,,,1800,,1800,hcp
servier,Friederike Matter-Tanski,Heiligenschwendi,Schweiz,Schwendi 299,7601000736208,,,585,1090,,,1675,hcp
servier,Friederike Matter-Tanski,Heiligenschwendi,Schweiz,Oberärztin - Berner Reha Zentrum - Schwendi 299,7601000736208,,,396,1404,,,1800,hcp
servier,Georg Noll,Küsnacht ZH,Schweiz,Tollwiesstr. 9,7601000087041,,,,,1800,,1800,hcp
servier,Giatgen Spinas,Meilen,Schweiz,Toggwilerstr. 23,7601000226556,,,,,3000,,3000,hcp
servier,Gilles Sauvant,Zürich,Schweiz,Kappelistr. 7,7601000233349,,,,,750,,750,hcp
servier,Giuseppe Ghilardi,Onex,Schweiz,Avenue Bois de la Chapelle 95,7601000011398,,,221,463,,,684,hcp
servier,Grégoire Girod,Lausanne,Schweiz,Chemin Isabelle de Montolieu 34A,7601000056078,,,,,800,,800,hcp
servier,Guido Bondolfi,Genève,Schweiz,Service de psychiatrie de liaison - et d'intervention de crise - Hôpitaux Universitaires de Genève - Rue Gabrielle-Perret-Gentil 4,7601000008503,,,743,602,,,1345,hcp
servier,Gurpreet Anand-Wadhawan,Binz,Schweiz,Im Herrenholz 4,7601000725301,,,,,1000,,1000,hcp
servier,Hans Rickli,Berneck,Schweiz,Oberfeldweg 8,7601000264701,,,,,1500,,1500,hcp
servier,Heike Seifert,Zürich,Schweiz,Universitätsspital Zürich Klinik für Onkologie Rämistr. 100,7601000953780,,,,788,,,788,hcp
servier,Heinz Schutzbach,Dietikon,Schweiz,Clienia Dietikon - Neumattstr. 7,7601000714985,,,364,623,,,987,hcp
servier,Isabella Sudano,Zürich,Schweiz,Universitätsspital Zürich Klinik für Kardiologie Rämistr. 100,7601000733641,,,968,1777,4000,,6745,hcp
servier,Jacek Cichon,Bern,Schweiz,Bubenbergplatz 10,7601000540003,,,585,1090,,,1675,hcp
servier,Jacek Cichon,Bern,Schweiz,Bubenbergplatz 10,7601000540003,,,396,1471,,,1867,hcp
servier,Jacques Philippe,Chêne-Bougeries,Schweiz,Avenue Sismondi 15,7601000032812,,,,,1500,38,1538,hcp
servier,Jan Dieter Schmid,Lyss,Schweiz,Marktplatz 7,7601000113184,,,204,478,,,682,hcp
servier,Jeffrey Mc Cutchan,Luzern,Schweiz,Mühleplatz 10,7601000665980,,,204,552,,,756,hcp
servier,Jens Eckstein,Fribourg,Schweiz,Erwinstr. 56,7601000716927,,,,,1200,,1200,hcp
servier,Johannes Berger,Rorschach,Schweiz,Neugasse 14,7601000777348,,,364,498,,,862,hcp
servier,Juan Francisco Benvenuti,Mollie-Margot,Schweiz,"Chemin de Grange La Ville, 10",7601000745149,,,,,800,,800,hcp
servier,Karin Zingg Brühlmann,Aarberg,Schweiz,Lyss-Str. 7,7601000082060,,,204,478,,,682,hcp
servier,Karina Silina,Zürich,Schweiz,Winterthurerstr. 190,SilinaKarinaZürich,,,,594,,,594,hcp
servier,Kenichiro Furuyama,Genève,Schweiz,HUG - Médecine génétique et développement Rue Gabrielle-Perret-Gentil 4,FURUYAMAKenichiroGeneve,,,,936,,,936,hcp
servier,Linda Belabbas,Carouge GE,Schweiz,Route des Jeunes 9,7601000918680,,,,185,,,185,hcp
servier,Lubica Gujanicic,Heiden,Schweiz,Paradies 4,7601000752383,,,204,833,,,1037,hcp
servier,Lucia Isoldi Magnani,Chiasso,Schweiz,Corso San Gottardo 89,7601000406996,,,,157,,,157,hcp
servier,Marc Donath,Basel,Schweiz,Petersgraben 4,7601000220868,,,,282,,,282,hcp
servier,Marc-Aurèle Bonvallat,Delémont,Schweiz,Route de Bâle 25,7601000079282,,,,236,,,236,hcp
servier,Marco Gebbers,Zürich,Schweiz,Freiestr. 71,7601000533302,,,364,515,,,879,hcp
servier,Maria-Rosaria Ciavaglioli,Locarno,Schweiz,Piazza Muraccio 3,7601000859556,,,300,539,,,839,hcp
servier,Marie-Angela Schnyder,Bern,Schweiz,Wildhainweg 12,7601000892249,,,,,1000,,1000,hcp
servier,Marie-Pierre Barbanneau,Nyon,Schweiz,Rue de la Combe 21,7601003432664,,,221,561,,,782,hcp
servier,Marino Urbinelli,Oensingen,Schweiz,"ÄrzteZentrum Leuenfeld, Leuenstr. 2",7601000626431,,,364,519,,,883,hcp
servier,Mario Cavallini,Lugano,Schweiz,Piazza Molino Nuovo 8,7601000668554,,,,240,400,,640,hcp
servier,Markus Noveanu,Le Noirmont,Schweiz,Chemin de Roc-Montès 20,7601000722584,,,595,837,,,1432,hcp
servier,Markus Noveanu,Le Noirmont,Schweiz,Centre de réadaptation cardio-vasculaire - Clinique Le Noirmont - Chemin de Roc-Montès 20,7601000722584,,,396,872,,,1268,hcp
servier,Marzio Roberti,Giornico,Schweiz,Via Cantonale,7601000180797,,,,240,,,240,hcp
servier,Marzio Roberti-Maggiore,Giornico,Schweiz,FMH medicina interna generale    Via Cantonale,7601000180797,,,,,400,,400,hcp
servier,Masseod Bazeghy,Bellinzona,Schweiz,Via Giovanni Nizzola 11,7601000181541,,,,,700,,700,hcp
servier,Max Henzen,Bellinzona,Schweiz,Via Giuseppe Motta 17B,7601000181381,,,,,400,,400,hcp
servier,Michaél Hagmann,Pully,Schweiz,Chemin Pré-de-la-Tour 12,7601000013170,,,,,800,,800,hcp
servier,Michael Henrich,Kreuzlingen,Schweiz,Nationalstr. 17,7601000862594,,,204,522,,,726,hcp
servier,Michel Ruchonnet,Courtelary,Schweiz,Rue Bellevue 2,7601000077707,,,221,581,,,802,hcp
servier,Milena Veizovic-Polic,Genève,Schweiz,FMH psychiatrie et psychothérapie Rue du Port 6,7601003366778,,,300,539,,,839,hcp
servier,Milos Savcic,Lausanne,Schweiz,Avenue de Savoie 10,7601000013866,,,,,400,,400,hcp
servier,Mme Nathalie Juillard,Genève,Schweiz,Service d'endocrinologie & diabétologie - Hôpitaux Universitaires de Genève - Rue Gabrielle-Perret-Gentil 4,JuillardNathalieGenève,,,100,,,,100,hcp
servier,Nadir Boumendjel,Onex,Schweiz,Chemin de la Traille 25,7601000358394,,,100,,,,100,hcp
servier,Norman Sartorius,Genève,Schweiz,Genève,7601000024657,,,,,1514,,1514,hcp
servier,Olivier Nançoz,Genève,Schweiz,Rue de Moillebeau 33,7601000634115,,,221,458,,,679,hcp
servier,Othman Sentissi,Genève,Schweiz,Centres de thérapies brèves - HUG / Section Jonction - Rue des Bains 35,7601000879820,,,,185,,,185,hcp
servier,Paolo-Mirco Suter,Zürich,Schweiz,Klinik und Poliklinik für Innere Medizin - Universitätsspital Zürich - Rämistr. 100,7601000227058,,,386,885,,,1271,hcp
servier,Patrizia Salari-Widmer,Bellinzona,Schweiz,Centro terapia cognitiva comportamentale - Piazza Collegiata 7,7601000344182,,,,286,,,286,hcp
servier,Peo L. Herrera,Genève,Schweiz,HUG - Médecine génétique et développement Rue Gabrielle-Perret-Gentil 4,HERRERAPedroGeneva,,,,936,,,936,hcp
servier,Peter Eisler,Zürich,Schweiz,Burenweg 32a,7601000209023,,,,,750,,750,hcp
servier,Peter Grafe,Schaffhausen,Schweiz,Vorstadt 40/42,7601000684325,,,,,800,,800,hcp
servier,Peter Nagel,Bülach,Schweiz,Gartenmatt 9,7601000231482,,,,,800,,800,hcp
servier,Peter Osterwalder,Bonstetten,Schweiz,Im Wolfen 50,7601000245380,,,,,800,,800,hcp
servier,Petra Jacot,Zürich,Schweiz,"MediX Gruppenpraxis, Rotbuchstr. 46",7601000361073,,,,,800,,800,hcp
servier,Petra Kästner,Brig,Schweiz,Spital Brig / Spital Wallis - Überlandstr. 14,7601000407214,,,204,511,,,715,hcp
servier,Philipp Eich,Liestal,Schweiz,Kant. Psychiatrische Klinik - Bienentalstr. 7,7601000118097,,,,,2800,,2800,hcp
servier,Philipp Gerber,Zürich,Schweiz,Gemeindestr. 7,7601000710338,,,,,1200,,1200,hcp
servier,Philippe Meyer,Genève,Schweiz,Service Cardiologie Rue Gabrielle-Perret-Gentil 4,7601000612144,,,,,,153,153,hcp
servier,Philippe Staubli,Delémont,Schweiz,Rue des Lilas 18,7601000079374,,,,212,,,212,hcp
servier,Pierre Antaki,Lausanne,Schweiz,Route Aloys-Fauquez 121,7601000016430,,,,,1200,,1200,hcp
servier,Pierre Baumann,Vufflens-la-Ville,Schweiz,Chemin des Mainnesses 13,7601000544261,,,,,800,,800,hcp
servier,Pierre-Frédéric Keller,Delémont,Schweiz,Centre de Cardiologie - Rue de la Maltière 10,7601000042446,,,,,600,,600,hcp
servier,Quinto Censi,Menisio,Schweiz,Via Lavizzari 15,7601000542939,,,221,465,,,686,hcp
servier,Rafik Bouzegaou,Marsens,Schweiz,Réseau fribourgeois de santé mentale - c/o Centre de soins hospitaliers - L'Hôpital 140,7601003420951,,,300,539,,,839,hcp
servier,Ralf Polikar,Nyon,Schweiz,Hôpital de Nyon / GHOL - Chemin Monastier 10,7601000047946,,,,,800,,800,hcp
servier,Raluca Alexe,Uvrier,Schweiz,Chemin du Puits 3,7601003390278,,,500,,,,500,hcp
servier,Rames Mayer,Bellinzona,Schweiz,Via Prato Carasso 7,7601000181008,,,,,400,,400,hcp
servier,Roger Lehmann,Zürich,Schweiz,Rotbuchstr. 43,7601000224248,,,,,2000,,2000,hcp
servier,Roigo Da Graça Santos,Lausanne,Schweiz,Rue du Petit-Beaulieu 1,7601000774231,,,300,539,,,839,hcp
servier,Romain Schneider,Moutier,Schweiz,Chef de clinique - Site de Moutier / Médecine interne - Hôpital du Jura bernois SA - Rue de Beausite 49,7601000867506,,,221,522,,,743,hcp
servier,Roman Brenner,St. Gallen,Schweiz,Rorschacher Str. 95,7601000654380,,,582,873,,,1455,hcp
servier,Romano Regazzi,Lausanne,Schweiz,UNIL - Faculté de biologie et de médecine - Rue du Bugnon 9,REGAZZIRomanoLausanne,,,,949,,,949,hcp
servier,Sabine Abele,Luzern,Schweiz,Fluhmattweg 4,7601000679666,,,386,667,,,1053,hcp
servier,Silvia Peruffo,Chiasso,Schweiz,Via Soldini 14,7601000744517,,,300,539,,,839,hcp
servier,Silvio Crestani,Stabio,Schweiz,Via Giulia 43,7601000187734,,,221,504,,,725,hcp
servier,Stefano Rimoldi,Bern,Schweiz,Kardiologie - Inselspital - Freiburgstr. 4,7601000634771,,,578,1457,1000,,3035,hcp
servier,Stéphane Reverdin,Lausanne,Schweiz,Avenue Jomini 8,7601000550248,,,595,628,,,1223,hcp
servier,Stéphane Reverdin,Lausanne,Schweiz,Avenue Jomini 8,7601000550248,,,594,1230,,,1824,hcp
servier,Susanne Bucher,Herrliberg,Schweiz,Aryanastr. 4,7601000225924,,,,,800,,800,hcp
servier,Sylvie Hüni Gallaz,Pully,Schweiz,Avenue des Collèges 6,7601000495419,,,300,539,,,839,hcp
servier,Tarek Bdeir Ibanez,Monthey,Schweiz,Centre de Psychiatrie et Psychothérapie - C. C. P. P Antenne de Monthey - Avenue de France 49,7601000753250,,,,269,,,269,hcp
servier,Tatiana Miusskaya Fehr,Eschen,Schweiz,Widengasse 8,7601000833976,,,,,1096,,1096,hcp
servier,Théodore Hovaguimian,Genève,Schweiz,Rue Verdaine 12,7601000023568,,,,205,,,205,hcp
servier,Thierry Cuendet,Penthalaz,Schweiz,Chemin des Etangs 9,7601000049797,,,,,800,,800,hcp
servier,Thierry Currat,Clarens,Schweiz,Avenue Alexandre Vinet 30,7601000050960,,,300,539,,,839,hcp
servier,Thierry Reymond,Lutry,Schweiz,Lutrymed - Rue Verdaine 8A,7601000018045,,,,99,,,99,hcp
servier,Thilo Alexander Peter Burkard,Basel,Schweiz,Medizinische Poliklinik - Universitätsspital Basel - Petersgraben 4,7601000774422,,,968,1743,5800,,8511,hcp
servier,Tom Stingelin,Zürich,Schweiz,Hofwiesenstr. 50,7601000361783,,,,,800,,800,hcp
servier,Ulrich Keller,Biel-BenkenBL,Schweiz,Fichtlirain 33,7601000118257,,,,,1500,,1500,hcp
servier,Veronika Nagy,Winterthur,Schweiz,Kantonsspital Winterthur Medizinische Onkologie Brauerstr. 15,7601000834027,,,505,874,,,1379,hcp
servier,Vincent Freiburghaus,Cressier NE,Schweiz,Rue Laurent-Péroud 1,7601000772848,,,,178,,,178,hcp
servier,Vincent Jéquier,Pully,Schweiz,Avenue de Rochettaz 10,7601000061874,,,,,800,,800,hcp
servier,Yves Allemann,Bulle,Schweiz,Chemin de Boulèyres 53,7601000056719,,,,,1200,,1200,hcp
servier,Yves-Marie Wasem,Morges,Schweiz,Avenue du Moulin 3,7601000072818,,,,,800,,800,hcp
