company,name,location,country,address,uci,donations_grants,sponsorship,registration_fees,travel_accommodation,fees,related_expenses,total,type
shire,Aarrau Kantonsspital,Aarau,Schweiz,Tellstr. 25,,,6000,,,1050,,7050,hco
shire,CHUV Departemenr medico-chirurgial de pédiatrie,Lausanne,Schweiz,Avenue Pierre-Decker 2,,,1205.42,,1902.36,,,3107.78,hco
shire,HNO Praxis Strum,Basel,Schweiz,Theaterstr. 4,,,,,405.74,,,405.74,hco
shire,Hôpital du Valais,Sion,Schweiz,Av. Du Grand Champsec 80,,,3000,,,,,3000,hco
shire,HUG - Hôpital des Trois-Chêne,Thônex,Schweiz,Chemin du Pont-Bochet 3,,,299.65,,,,,299.65,hco
shire,HUG Hôpitaux Universitaires de Genève,Genève,Schweiz,Rue Gabrielle-Perret-Gentil 4,,,,,,,91,91,hco
shire,IMK Institut für Medizin und Kommunikation AG,Basel,Schweiz,Münsterberg 1,,,10500,,,,,10500,hco
shire,Kinderspital Zürich,Zürich,Schweiz,Steinwiesstr. 75,,,6000,,,,,6000,hco
shire,Luzerner Kantonsspital,Luzern,Schweiz,Spitalstr. 31,,,,,,1000,,1000,hco
shire,Nutrition Foundation 2000plus,Vevey,Schweiz,Route De Saint-légier 11,,,8259,,,9550,,17809,hco
shire,Ospedale Regionale di Lugano,Lugano,Schweiz,Via Tesserete 46,,,2500,,,,,2500,hco
shire,Schweizerische Epilepsie-Liga,Zürich,Schweiz,Seefeldstr. 84,,,3000,,,,,3000,hco
shire,Schweizerische Gesellschaft für Neuropädiatrie,Oberentfelden,Schweiz,Blumenweg 13,,,6000,,,,,6000,hco
shire,Schweizerische Hirnschlaggesellschaft,Basel,Schweiz,Petersgraben 4,,,1500,,,,,1500,hco
shire,Spital Linth,Uznach,Schweiz,Gasterstr. 25,,35000,,,556.48,,,35556.48,hco
shire,Stiftung aha! Allergiezentrum Schweiz,Bern,Schweiz,Scheibenstr. 20,,,10000,,,,,10000,hco
shire,Stiftung für Wissenschaftliche Forschung,Zürich,Schweiz,Bromensdorferstr. 497,,,1000,,,,,1000,hco
shire,Universität Zürich,Zürich,Schweiz,Winterthurerstr. 190,,,,,205.58,1950,,2155.58,hco
shire,Universitätsspital Basel,Basel,Schweiz,Petersgraben 4,,,,,220.92,,,220.92,hco
shire,Bianca Link,Zürich,Schweiz,Steinwiesenstr. 75,,,,,1006.38,3298.72,,4305.1,hcp
shire,Christina Theresia Lückl-Boyer,Wünnewil,Schweiz,Altschlossmatte 17,,,,,807.07,,,807.07,hcp
shire,Gerhard Rogler,Zürich,Schweiz,Rämistr. 100,,,,,,2500,,2500,hcp
shire,Walter Josef Fassbender,Zürich,Schweiz,Wolfbachstr. 17,,,,,1320.82,1651,,2971.82,hcp
