company,name,location,country,address,uci,donations_grants,sponsorship,registration_fees,travel_accommodation,fees,related_expenses,total,type
stallergenes,Association Genevoise d'Asthme,Genève,Schweiz,Rue Emile-Yung 11,,,500,,,,,500,hco
stallergenes,Centro Pediatrico del Mendrisiotto,Lugano,Schweiz,Via Beroldingen 26,,,1500,,,,,1500,hco
stallergenes,Dermatologische Gesellschaft Ostschweiz,St. Gallen,Schweiz,St. Leonhardstr. 25,,,2000,,,,,2000,hco
stallergenes,Hôpitaux Universitaires de Genève,Genève,Schweiz,Rue Gabrielle-Perret-Gentil 4,,,1500,,,,,1500,hco
stallergenes,Hôpitaux Universitaires de Genève,Genève,Schweiz,Rue Gabrielle-Perret-Gentil 4,,,6500,,,,,6500,hco
stallergenes,Inselspital,Bern,Schweiz,Allergologische-Immunologische Poliklinik,,,3000,,,,,3000,hco
stallergenes,Inselspital,Bern,Schweiz,Allergologische-Immunologische Poliklinik,,,2334,,,,,2334,hco
stallergenes,Inselspital,Bern,Schweiz,Allergologische-Immunologische Poliklinik,,,3240,,,,,3240,hco
stallergenes,Kantonsspital Aarau,Aarau,Schweiz,Bahnhofplatz 3c,,,1500,,,,,1500,hco
stallergenes,Kantonsspital St. Gallen,St. Gallen,Schweiz,Rorschacherstr. 95,,,3000,,,,,3000,hco
stallergenes,Kinderärzte Schweiz,Muttenz,Schweiz,Hauptstr. 68,,,3180,,,,,3180,hco
stallergenes,Löwenpraxis,Luzern,Schweiz,Zürichstr. 12,,,2000,,,,,2000,hco
stallergenes,Ospedale Regionale di Lugano,Lugano,Schweiz,Via Tesserete 46,,,1620,,,,,1620,hco
stallergenes,Schweizerische Gesellschaft für Allergologie und Immunologie,Bern,Schweiz,Scheibenstr. 20,,,13500,,,,,13500,hco
stallergenes,Schweizerische Gesellschaft für Pädiatrie,Fribourg,Schweiz,Case postale,,,2592,,,,,2592,hco
stallergenes,Schweizerische Gesellschaft für Pneumologie,Bern,Schweiz,Chutzenstr. 10,,,143,,,,,143,hco
stallergenes,SeelandNet,Lyss,Schweiz,Bahnhofstr. 15a,,,3240,,,,,3240,hco
stallergenes,Societè Suisse d'Allergologie et d'Immunologie SSAI,Bern,Schweiz,Scheibenstr. 20,,,750,,,,,750,hco
stallergenes,STAI Società  ticinese di allergologia e immunologia clinica,Pregassona,Schweiz,,,,1150,,,,,1150,hco
stallergenes,UniversitätsSpital Zürich,Zürich,Schweiz,Gloriastr. 31,,,2000,,,,,2000,hco
stallergenes,Alain Sauty,Lausanne,Schweiz,Avenue de Rumine 31,,,,235,575,,,810,hcp
stallergenes,Annika Stern,Zürich,Schweiz,Witellikerstr. 40,,,,160,342,,,502,hcp
stallergenes,Avigael Benhamou Senouf,Genève,Schweiz,Boulevard des Philosophes 21,,,,329,441,,,770,hcp
stallergenes,Caroline Dürr,Bern,Schweiz,Inselspital Bern,,,,160,604,,,764,hcp
stallergenes,Caroline Rodiut,Kilchberg,Schweiz,Stockenstr. 3,,,,,,,1080,1080,hcp
stallergenes,Chiara Mondino,Bellinzona,Schweiz,Sede San Giovanni,,,,389,779,,,1168,hcp
stallergenes,Cyrille Francillon,Yverdon-les-Bains,Schweiz,Rue d'Orbe 27,,,,329,712,,,1041,hcp
stallergenes,Dominique Jaques,Genève,Schweiz,Rue Emile-Yung 11,,,,329,693,,,1022,hcp
stallergenes,Donatelly Ciuffreda,Vésenaz,Schweiz,Route de Thonon 42,,,,235,573,,,808,hcp
stallergenes,Federica Angelini,Lausanne,Schweiz,Rue du Bugnon 46,,,,354,682,,,1036,hcp
stallergenes,Franz Roessler,St. Gallen,Schweiz,Neumarkt 5 / Kornhausstr. 28,,,,418,298,,,716,hcp
stallergenes,Franz Roessler,St. Gallen,Schweiz,Neumarkt 5 / Kornhausstr. 28,,,,160,342,,,502,hcp
stallergenes,Gabrielle Haeberli,Bern,Schweiz,Inselspital Bern,,,,160,604,,,764,hcp
stallergenes,Gèrard Wagner,Lausanne,Schweiz,Avenue de la Gare 6,,,,389,712,,,1101,hcp
stallergenes,Gerhard Müllner,Luzern,Schweiz,Spitalstr.,,,,733,705,,,1438,hcp
stallergenes,Gerhard Müllner,Kriens,Schweiz,Oberhusrain 26,,,,,,12500,,12500,hcp
stallergenes,Giovanni Ferrari,Lugano,Schweiz,Corso Pestalozzi 11,,,,418,247,,,665,hcp
stallergenes,Guiseppina Schmid,Wangen b. Olten,Schweiz,In der Ey 11,,,,525,772,,,1297,hcp
stallergenes,Hatidje Shabanaj,Bern,Schweiz,Inselspital Bern,,,,280,441,,,721,hcp
stallergenes,Isaac Gebre-Michael,Versoix,Schweiz,Rampe de la Gare 1a,,,,452,868,,,1320,hcp
stallergenes,Jacqueline Wassenberg,Vevey,Schweiz,Boulevard Paderewski 5,,,,235,590,,,825,hcp
stallergenes,Jean-Pierre Lantin,Pregassona,Schweiz,Via alle Vigne 7,,,,452,779,,,1231,hcp
stallergenes,Joel Duc,Sion,Schweiz,Rue Pré-Fleuri 5,,,,329,712,,,1041,hcp
stallergenes,Judith Winter Burdet,Lausanne,Schweiz,Avenue de Rumine 27,,,,235,575,,,810,hcp
stallergenes,Katrin Bergmann,Bern,Schweiz,Inselspital Bern,,,,452,772,,,1224,hcp
stallergenes,Manfred Kaufmann,Solothurn,Schweiz,Werkhofstr. 4,,,,418,409,,,827,hcp
stallergenes,Marie Burkhalter-Cochard,Fribourg,Schweiz,Rue du Simplon 1,,,,329,712,,,1041,hcp
stallergenes,Mark Anliker,St. Gallen,Schweiz,Kantonsspital St. Gallen,,,,413,639,,,1052,hcp
stallergenes,Markus Gassner,Grabs,Schweiz,Spitalstr. 8,,,,344,172,,,516,hcp
stallergenes,Markus Renggli,Baden,Schweiz,Mellingerstr. 1,,,,418,323,,,741,hcp
stallergenes,Martin Grob,Dübendorf,Schweiz,Wallisellenstr. 5a,,,,732,912,,,1644,hcp
stallergenes,Martin Kägi,Zürich,Schweiz,Schaffhauserstr. 355,,,,627,0,,,627,hcp
stallergenes,Martin Micheluzzi,Heerbrugg,Schweiz,Marktstr. 4,,,,160,779,,,939,hcp
stallergenes,Michaela Corti,Zürich,Schweiz,Rotbuchstr. 46,,,,353,356,,,709,hcp
stallergenes,Michel Badan,Cully,Schweiz,Rue Davel 11,,,,452,712,,,1164,hcp
stallergenes,Monika Borer,Villars-sur-Glâne,Schweiz,Route De Moncor 12,,,,305,641,,,946,hcp
stallergenes,Nadège Krafft-Hügli,Chur,Schweiz,Alexanderstr. 8,,,,560,384,,,944,hcp
stallergenes,Nordwig Tomi,Weinfelden,Schweiz,Marktplatz 3,,,,353,336,,,689,hcp
stallergenes,Oliver Estoppey,Nyon,Schweiz,Rue Jules-Gachet 7,,,,235,578,,,813,hcp
stallergenes,Patricia Inauen,Bern,Schweiz,Malerweg 26,,,,280,428,,,708,hcp
stallergenes,Patrik Lehner,St. Gallen,Schweiz,Sternackerstr. 7,,,,160,617,,,777,hcp
stallergenes,Peter Schmid-Grendelmeier,Zürich,Schweiz,Gloriastr. 31,,,,,,1800,563,2363,hcp
stallergenes,Philippe Eigenmann,Troinex,Schweiz,16 chemin de Roday,,,,,,,396,396,hcp
stallergenes,Rainer Kehrt,Feldmeilen,Schweiz,General-Wille-Str. 65,,,,418,383,,,801,hcp
stallergenes,Romedius Alber,Baar,Schweiz,"Praxis Kunterbunt, Neuhofstr. 3b",,,,418,382,,,800,hcp
stallergenes,Sandra Michel,Arlesheim,Schweiz,Birseckstr. 99,,,,160,570,,,730,hcp
stallergenes,Stefan Schwarzkopf,Schaffhausen,Schweiz,Kirchgasse 21,,,,418,325,,,743,hcp
stallergenes,Ulrike Knecht-Wenzel,Windisch,Schweiz,Römerstr. 19,,,,160,450,,,610,hcp
stallergenes,Ute Kerr,Münsterlingen,Schweiz,Kantonsspital Münsterlingen,,,,280,66,,,346,hcp
stallergenes,Vincent Hsieh,Genève,Schweiz,Rue Franklin 2 / Rue Voltaire 18,,,,452,773,,,1225,hcp
stallergenes,Walter Jörg,Zürich,Schweiz,Schaffhauserstr. 188,,,,418,383,,,801,hcp
stallergenes,Yannick Perrin,Lausanne,Schweiz,Rue des Terreaux 23,,,,235,591,,,826,hcp
stallergenes,Yves Cahen,Basel,Schweiz,Schützenmattstr. 41,,,,452,772,,,1224,hcp
stallergenes,Yvonne Hari,Liebefeld,Schweiz,Könizstr. 233,,,,280,288,,,568,hcp
