company,name,location,country,address,uci,donations_grants,sponsorship,registration_fees,travel_accommodation,fees,related_expenses,total,type
takeda,AarReha Schinznach,Schinznach Bad,Schweiz,Badstrasso 55,,,500,257.95,628.54,,,1386.49,hco
takeda,APCAG Ravi Anand,St. Moritz,Schweiz,Via Tinus 36,,,,,,2770.32,6579.52,9349.84,hco
takeda,Arbeitsgemeinschaft für Gynäkologische Endoskopie,Lupsingen,Schweiz,Frau Marianne Bertschi Seltisbergerstr. 16,,,3500,,,,,3500,hco
takeda,AssesSurgery GmbH c/o Valient Group AG,Baar,Schweiz,Lättichstr. 6,,,5000,,,,,5000,hco
takeda,Associazione Medici Internisti del Canton Ticino,Paradiso,Schweiz,Via Guisan 10,,,1000,,,,,1000,hco
takeda,Associazione Mendrisio Medical Meeting,Bedano,Schweiz,Via Belvedere 10,,,500,,,,,500,hco
takeda,Betheada Spital AG,Basel,Schweiz,Gellertstr. 144,,,,257.95,447.38,,,705.33,hco
takeda,Bündner Oberländer Ärzteverein,Vella,Schweiz,Sumsiaras 117b,,,3200,,,,,3200,hco
takeda,CHUV Centre Hospitalier Universitaire Vaudois,Lausanne,Schweiz,Rue du Bugnon 21,,15000,19550,,,,,34550,hco
takeda,CHUV Centre Hospitalier Universitaire Vaudois,Lausanne,Schweiz,Rue du Bugnon 44,,,3000,,,,,3000,hco
takeda,CHUV Centre Hospitalier Universitaire Vaudois,Lausanne,Schweiz,Rue du Bugnon 44,,,10000,105.06,5071.73,2950,,18126.79,hco
takeda,CHUV Centre Hospitalier Universitaire Vaudois,Lausanne,Schweiz,Rue du Bugnon 46,,,,659.62,618.89,,,1278.51,hco
takeda,CHUV Centre Hospitalier Universitaire Vaudois,Lausanne,Schweiz,Rue de Bugnon 17,,,,,,1200,,1200,hco
takeda,Circolo Medico del Mendrisiotto,Coldrerorio,Schweiz,Dr. med. Lorenzo Binaghi Via Mercole 2b,,,4000,,,,,4000,hco
takeda,Clinica Luganese Moncucco SA,Lugano,Schweiz,Via Moncucco 10,,6566.58,,,,,,6566.58,hco
takeda,Clinica Luganese Moncucco SA,Lugano,Schweiz,Via Moncucco 10,,,,490.11,1040.51,,,1530.62,hco
takeda,Clinique romande de réadaption,Sion,Schweiz,Av. Grand Champ sec 90,,,1500,,,,,1500,hco
takeda,Ente Ospedaliero Cantonale,Bellinzona,Schweiz,Vale Officina 3,,6566.58,,,,,,6566.58,hco
takeda,EULAR - Europäische Rheumaliga,Kilchberg ZH,Schweiz,Seestr. 240,,10000,,,,,,10000,hco
takeda,FMDH Fondatior pour fes maladies digestives,Lausanne,Schweiz,Avenue Jomini 8,,30000,,,,,,30000,hco
takeda,Fondation Centre de Chmiothérapie CCAC SA,Lausanne,Schweiz,Avenue Vinet 19b,,,1000,,,,,1000,hco
takeda,Fondazione Cardiocentro Ticino,Lugano,Schweiz,Via Tesserete 48,,,500,,,,,500,hco
takeda,Formation Romande en Oncologie Médicale,Lausanne,Schweiz,Avenue Pierre-Decker 2,,,5000,,,,,5000,hco
takeda,Gastrozentrum Obach AG,Solothurn,Schweiz,Obachstr. 23,,,,341.22,2021.46,,,2362.68,hco
takeda,Gesundheitszentrum Fricktal,Frick,Schweiz,Mühlegasse 18,,,500,,,,,500,hco
takeda,Hausazrtforum Uzwil,Uzwil,Schweiz,Wattsrasse 14,,,2200,,,,,2200,hco
takeda,HFR Fribourg-Hôpital Cantonal,Fribourg,Schweiz,Chemin des Penslonnats 2,,6566.58,7500,,,2000,,16066.58,hco
takeda,HFR Fribourg-Hôpital Cantonal,Fribourg,Schweiz,Chemin des Penslonnats 2,,,,,,2000,,2000,hco
takeda,Hirslanden Klinik St. Anna,Luzern,Schweiz,St. Annasstr. 32,,,,318.45,5071.73,,,5390.18,hco
takeda,Haematology Nurses & Healthcare Professionals Group HNHCP,Winterthur,Schweiz,PO Box 98,,,5000,,,1000,,6000,hco
takeda,Hôpital de Morges,Morges,Schweiz,Chemin du Crêt 2,,6566.58,,,,,,6566.58,hco
takeda,Hôpital du Jura Bernois,Moutier,Schweiz,Rue Beausite 49,,6566.58,,,,,,6566.58,hco
takeda,Hôpital du Jura Bernois SA,St-Imier,Schweiz,Les Fontenayes 17,,,2500,,,,,2500,hco
takeda,Hôpital du Valais,Sion,Schweiz,Avenue Grand-Champsec 80,,,4000,,,,,4000,hco
takeda,Hôpital neuchâtelois La Chaux-de-Fonds,La Chaux-de-Fonds,Schweiz,Rue de Chasseral 20,,,,,800,,,800,hco
takeda,Hôpital neuchâtelois Pouralès,Neuchâtel,Schweiz,Rue de la Maladière 45,,,,,1350,,,1350,hco
takeda,Hôpital neuchâtelois Poutalès,Neuchâtel,Schweiz,Rue de la Maladière 45,,6566.58,,,,,,6566.58,hco
takeda,Hôpital Riviers Chablais Vaud-Valais,Vevey,Schweiz,Boulevard Paderewski 3,,6566.58,,,,,,6566.58,hco
takeda,Hôpital Yverdon-les-Bains,Yverdon-les-Bains,Schweiz,Rue D'Entremonts 11,,6566.58,,,,,,6566.58,hco
takeda,Hôpitaux Universitaires de Genève,Genève,Schweiz,Rue Gabrielle Perret-Gentil 4,,,24500,313.23,923.78,,,25737.01,hco
takeda,Hôpitaux Universitaires de Genève,Genève,Schweiz,Rue Gabrielle Perret-Gentil 4,,,,103.18,811.4,,,914.58,hco
takeda,Hôpitaux Universitaires de Genève,Genève,Schweiz,Rue Gabrielle Perret-Gentil 4,,,,,,1600,,1600,hco
takeda,Hôpitaux Universitaires de Genève,Genève,Schweiz,Rue Gabrielle Perret-Gentil 4,,,,659.62,617.17,,,1276.79,hco
takeda,IBDnet,Zürich,Schweiz,,,31000,,,,,,31000,hco
takeda,Insel Gruppe AG,Bern,Schweiz,Freiburgstr. 18,,,,515.9,1390.79,2600,,4506.69,hco
takeda,Insel Gruppe AG,Bern,Schweiz,Freiburgstr. 18,,10000,,201,966.76,1500,,12667.76,hco
takeda,Insel Gruppe AG,Bern,Schweiz,Freiburgstr. 18,,,9769,,,1600,,11369,hco
takeda,International Osteoporosis Foundation,Nyon,Schweiz,Rue Juste-Olivier 9,,,32400,,,,,32400,hco
takeda,Kantonsspilal Winterthur,Winterthur,Schweiz,Brauerstr. 15,,,,,,2000,,2000,hco
takeda,Kantonsspital Aarau AG,Aarau,Schweiz,Tellstr. 25,,,5200,,,,,5200,hco
takeda,Kantonsspital Baden AG,Baden,Schweiz,lm Ergel 1,,6566.58,1000,,,,,7566.58,hco
takeda,Kantonsspital Baselland,Liestal,Schweiz,Mühlemattstr. 26,,6566.58,,,,,,6566.58,hco
takeda,Kantonsspital Baselland,Liestal,Schweiz,Mühlemattstr.,,,,,,2000,,2000,hco
takeda,Kantonsspital Baselland Standort Liestal,Liestal,Schweiz,Rheinstr. 26,,,1000,,,,,1000,hco
takeda,Kantonsspital Glarus,Glarus,Schweiz,Burgstr. 99,,,1000,,,600,,1600,hco
takeda,Kantonsspital Glarus,Glarus,Schweiz,Burgstr. 99,,,,,,600,,600,hco
takeda,Kantonsspital Graubünden,Chur,Schweiz,Loestr. 170,,6566.58,,170.61,193.09,,,6930.28,hco
takeda,Kantonsspital Graubünden,Chur,Schweiz,Loestr. 170,,,,,,2500,,2500,hco
takeda,Kantonsspital Münsterlingen,Münsterlingen,Schweiz,Spitalcampus 1,,,1000,,654.35,1800,,3454.35,hco
takeda,Kantonsspital Schaffhausen,Schaffhausen,Schweiz,Geissbergstr. 81,,,2500,,,,,2500,hco
takeda,Kantonsspital Sr. Gallen,St. Gallen,Schweiz,Rorschacherstr. 95,,6566.58,15280,835.01,3873.15,4860,,31414.74,hco
takeda,Kantonsspital St. Gallen,St. Gallen,Schweiz,Rorschacherstr. 95,,,,,,2000,,2000,hco
takeda,Kantonsspital St. Gallen,St. Gallen,Schweiz,Rorschacherstr. 95,,,,,,1200,,1200,hco
takeda,Kantonsspital St. Gallen,St. Gallen,Schweiz,Rorschacherstr. 95,,,1000,,,3200,,4200,hco
takeda,Kantonsspital St. Gallen,St. Gallen,Schweiz,Rorschacherstr. 95,,25000,,423.51,6392.81,,,31816.32,hco
takeda,Kantonsspital Winterthur,Winterthur,Schweiz,Brauerstr. 15,,,1300,,,,,1300,hco
takeda,Kantonsspital Winterthur,Winterthur,Schweiz,Brauerstr. 15,,5000,,,,,,5000,hco
takeda,Klinik Hirslanden,Zürich,Schweiz,Witellikerstr. 40,,,,,,2400,,2400,hco
takeda,Klinik Hirslanden,Zürich,Schweiz,Witellikerstr. 40,,,,257.95,603.4,1200,,2061.35,hco
takeda,Klinik Hirslanden,Zürich,Schweiz,Witellikerstr. 40,,,,,,5800,,5800,hco
takeda,Kantonsspital Aarau AG,Aarau,Schweiz,Tellstr. 25,,,,,,3800,,3800,hco
takeda,Kollegium für Hausarztmedizin KHM,Fribourg,Schweiz,Rue de l'Hôpital 15,,,21660,,,,,21660,hco
takeda,LGID Foundation Liver & Gastrointest. Disease Foundation,Zürich,Schweiz,Tiefenhöhe 9,,,2000,,,,,2000,hco
takeda,Lindenhofspital,Bern,Schweiz,Bremgartenstr. 119,,,,40.54,900.56,200,,1141.1,hco
takeda,Lurzner Kantonsspital,Luzern,Schweiz,Spitalstr. 31,,6566.58,5500,,,2250,,14316.58,hco
takeda,Luzerner Kantonsspital,Luzern,Schweiz,Spitalstr. 31,,,,,,2500,,2500,hco
takeda,medswiss. net Schweizer Dachverband der Ärztenetze,Gümligen,Schweiz,Moosstr. 2,,,7000,,,,,7000,hco
takeda,Notfalltraining Schweiz GmbH,Biberist,Schweiz,Eichmattweg 11,,,1500,,,,,1500,hco
takeda,Onkologiepflege Schweiz,Kleinandelfingen,Schweiz,Hirstigstr. 13,,,10250,,,,,10250,hco
takeda,Ordine dei medid del Cantone Ticino,Mezzovico,Schweiz,Via Cantonale,,,1600,,,,,1600,hco
takeda,Ospedale regionale Bellinzona e Valli EOC,Bellinzona,Schweiz,Via Ospedale,,,9000,,,5600,,14600,hco
takeda,Ospedale regionale Bellinzona e Valli EOC,Bellinzona,Schweiz,Via Ospedale,,,2000,,,,,2000,hco
takeda,Ospedale regionale Bellinzona e Valli EOC,Bellinzona,Schweiz,Via Ospedale,,,500,,,1000,,1500,hco
takeda,Ospedale Regionale di Lugano / Sede Civico,Lugano,Schweiz,Via Tesserete 46,,,1728,,,,,1728,hco
takeda,Ospedale regionale di Lugano / Sede Ita'iano,Viganello,Schweiz,Viale Pietro Capelli 1,,,,,,700,496.45,1196.45,hco
takeda,Ospedale regionale di Lugano / Sede italiano,Viganello,Schweiz,Viale Pietro Capelli 1,,,,504.85,994.77,,,1499.62,hco
takeda,Ospedale Regionale La Carità,Locarno,Schweiz,Via all'Ospedale 1,,,,313.23,1096.74,,,1409.97,hco
takeda,Osteoporoseplattform SGR,Zürich,Schweiz,Bellariastr. 38,,30000,,,,,,30000,hco
takeda,Ostschweizer Kinderspital,St. Gallen,Schweiz,Claudiusstr. 6,,,1000,,,,,1000,hco
takeda,Praxis Dr. Abraham Schmitz Diana,Wattwil,Schweiz,Wolkshausstr. 21a,,,,110.55,1407.45,,,1518,hco
takeda,Privatklinik Obach AG,Solothurn,Schweiz,Leopoldstr. 5,,,2160,,,,,2160,hco
takeda,Regionalspital Surselva AG,Ilanz,Schweiz,Spitalstr. 6,,,,257.95,612.56,,,870.51,hco
takeda,SAKK - Schweizerische Arbeitsgemeinschaft für Klinische Krebsforschung,Bern,Schweiz,Effingerstr. 33,,170036,15500,,,,,185536,hco
takeda,SAKK - Schweizerische Arbeitsgemeinschaft für Klinische Krebsforschung,Bern,Schweiz,Effingerstr. 33,,,5000,,,,,5000,hco
takeda,Schulthess Klinik-Rheumatologie,Zürich,Schweiz,Lengghalde 2,,,,659.62,645.16,,,1304.78,hco
takeda,Schweiz.  Vereinig. gegen die Osteoporose/Assoc. Suisse contre l'Ostéoporose,Basel,Schweiz,Missionsstr. 24,,,2500,,,,,2500,hco
takeda,Schweiz. Gesellschaft der Vertrauens- und Versicherungsärz te,Winterthur,Schweiz,c/o MBC Markus Bonelli Consulting Industriestr. 24,,,25000,,,,,25000,hco
takeda,Schweizerische Arbeitsgruppe Kolo-Rekto-Proktologie,Lausanne,Schweiz,Rue des Bugnon 46,,,3700,,,,,3700,hco
takeda,Schweizerische Ärztegesellschaft für Manuelle Medizin,St. Gallen,Schweiz,Kolumbanstr. 2,,,5443.2,,,,,5443.2,hco
takeda,Schweizerische Ges. für Rheumatologie,Zürich,Schweiz,Josefstr. 02,,,5443.2,,,,,5443.2,hco
takeda,Schweizerische Gesellschaft für Chirurgie,Aarau,Schweiz,Bahnhofstr. 55,,,5300,,,,,5300,hco
takeda,Schweizerische Gesellschaft für Gastroenterologie,Bern,Schweiz,Wattenwylweg 21,,,20481.8,,,,,20481.8,hco
takeda,Schweizerische Gesellschaft für Viszeralchirurgie,Aarau,Schweiz,Bahnhofstr. 55,,,2421.2,,,,,2421.2,hco
takeda,Solothurner Spitäler AG soH,Solothurn,Schweiz,Schöngrünstr. 42,,,648,,,,,648,hco
takeda,Spital Dornach,Dornach,Schweiz,Spitalweg 11,,,1500,,,,,1500,hco
takeda,Spital Grabs,Grabs,Schweiz,Spitalstr. 44,,6566.58,,,,,,6566.58,hco
takeda,Spital Lachen AG,Lachen SZ,Schweiz,Oberdorfstr. 41,,,,170.61,1261.55,,,1432.16,hco
takeda,Spital Limmattal,Schlieren,Schweiz,Urdorferstr. 100,,6566.58,,,,,,6566.58,hco
takeda,Spital Limmattal,Schlieren,Schweiz,Urdorferstr. 100,,,,,,600,,600,hco
takeda,Spital STS AG Spital Thun,Thun,Schweiz,Krankenhausstr. 12,,6566.58,,,,,,6566.58,hco
takeda,Spital Thurgau AG,Frauenfeld,Schweiz,Waldeggstr. 8a,,,1080,,,600,,1680,hco
takeda,Spital Uster,Uster,Schweiz,Brunnenstr. 42,,,,504.85,,,,504.85,hco
takeda,Spital Wil,Wil SG,Schweiz,Fürstenlandstr. 32,,,2200,170.51,556.37,,,2926.88,hco
takeda,Spital Wil,Wil SG,Schweiz,Fürstenlandstr. 32,,,,257.95,603.4,,,861.35,hco
takeda,Spitalzentrum Oberwallis,Brig,Schweiz,Überlandstr. 14,,,,170.61,1261.55,,,1432.16,hco
takeda,St. Claraspital AG,Basel,Schweiz,Kleinriehenstr. 30,,,3000,354.86,1827.9,,,5182.76,hco
takeda,St. Claraspital AG,Basel,Schweiz,Kleinriehenstr. 30,,,,257.95,413.52,,,671.47,hco
takeda,Stadtspital Triemli,Zürich,Schweiz,Birmensdorferstr. 497,,,3500,257.95,684.67,600,,5042.62,hco
takeda,Stadtspital Triemli,Zürich,Schweiz,Birmensdorferstr. 497,,,,257.95,648.89,,,906.84,hco
takeda,Stadtspital Triemli,Zürich,Schweiz,Birmensdorferstr. 497,,,2500,105.06,5459.19,3200,,11264.25,hco
takeda,Stiftung Forschung füt der Gastroenterologie & Hepatologie,Zürich,Schweiz,Rämistr. 100,,,10000,,,1636.1,212.69,11848.79,hco
takeda,Stiftung für Herz- und Kreislaufforschung,Zürich,Schweiz,Moussonstr. 4,,,3500,,,,,3500,hco
takeda,Stiftung zur Förderung der Medizin im Engadin,Scuol,Schweiz,Bogn Engiadina Scuol,,,7500,,,,,7500,hco
takeda,Swiss Academy of Multidisciplinary Oncology,Bern,Schweiz,Kapellenstr. 14,,,1500,,,,,1500,hco
takeda,Swiss Association for the Study of th Liver,Zürich,Schweiz,Toblorstr. 51,,,2277,,,,,2277,hco
takeda,Swiss Tumor Institute,Zürich,Schweiz,Witellikerstr. 40,,,9200,,,,,9200,hco
takeda,Universitäre Psychiatrische Dienste Bern,Bern,Schweiz,Bolligenstr. 111,,,2500,,,,,2500,hco
takeda,Universität Zürich,Zürich,Schweiz,Rämistr. 71,,70000,3000,,,,,73000,hco
takeda,Universitätsspital Basel,Basel,Schweiz,Spitalstr. 21,,33386.08,16299.1,257.95,684.74,500,,51127.87,hco
takeda,Universitätsspital Basel,Basel,Schweiz,Spitalstr. 21,,,,,,750,,750,hco
takeda,Universitätsspital Basel,Basel,Schweiz,Petersgraben 4,,,2000,105.06,5470.42,3200,,10775.48,hco
takeda,Universitätsspital Basel,Basel,Schweiz,Petersgraben 4,,,,,,1000,,1000,hco
takeda,Universitätsspital Basel,Basel,Schweiz,Schönbeinstr. 40,,,,,,3850,,3850,hco
takeda,Universitätsspital Basel,Basel,Schweiz,Spitalstr. 21,,7500,,,,,,7500,hco
takeda,UniversitätsSpital Zürich,Zürich,Schweiz,Rämistr. 100,,,6500,,259.59,2296,,9055.59,hco
takeda,UniversitätsSpital Zürich,Zürich,Schweiz,Gloriastr. 31,,,3000,,,,,3000,hco
takeda,UniversitätsSpital Zürich,Zürich,Schweiz,Rämistr. 100,,,,,,200,,200,hco
takeda,UniversitätsSpital Zürich,Zürich,Schweiz,Rämistr. 100,,,2000,,,,,2000,hco
takeda,UniversitätsSpital Zürich,Zürich,Schweiz,Rämistr. 100,,10000,,,,600,,10600,hco
takeda,UniversitätsSpital Zürich,Zürich,Schweiz,Rämistr. 100,,,,,,1000,,1000,hco
takeda,Université de Genève,Genève,Schweiz,Rue Général-Dufour 24,,2000,,,,,,2000,hco
takeda,USZ - Klinik für Kardiologie,Zürich,Schweiz,Rämistr. 100,,,,490.11,917.23,,,1407.34,hco
takeda,Verein Lunge Zürich Beratungsstelle Zürich Pfingstweidstrasse,Zürich,Schweiz,Pfingstweidstr. 10,,,6998.4,,,,,6998.4,hco
takeda,Zuger Kantonsspital AG,Baar,Schweiz,Landhausstr. 11,,,,257.95,648.89,,,906.84,hco
takeda,Zurich Academy of Internal Medicine,Zürich,Schweiz,"c/o Prof, Dr. iur. Urs Saxer Grossmünsterplatz",,,2646,,,,,2646,hco
takeda,Albrecht Schönfelder,Bern,Schweiz,Praxis Dr. Schönfelder Albrecht Hirschengraben 9,,,,257.95,603.4,,,861.35,hcp
takeda,Alexander Müller,Schlieren,Schweiz,Urologische Klinik Urdorferstr. 100,,,,,,1090.73,,1090.73,hcp
takeda,Ali El Wafa Abdou El Azizi,La Chaux-de-Fonds,Schweiz,Cabinet médical Avenue Léopold-robert 16-18,,,,346.39,1259.51,,,1605.9,hcp
takeda,André Neumann,Bern,Schweiz,Medizincontrolling Murtenstr. 21,,,,,,3000,,3000,hcp
takeda,Andrea Stärkle-Bär,Zürich,Schweiz,Prodorso Zentrum Walchestr. 15,,,,257.95,635.24,,,893.19,hcp
takeda,Andreas Gerber,Pieterlen,Schweiz,Praxis Dr. Gerber Andreas Bassbeltweg 26,,,,257.95,626.84,,,884.79,hcp
takeda,Andreas Krebs,Kloten,Schweiz,Gemeinschaftspraxis Kalchengasse 7,,,,257.95,635.24,,,893.19,hcp
takeda,Andrew Macpherson,Bern,Schweiz,Klinik für Gastroenterologie Freiburgstr. 18,,,,,,1380,,1380,hcp
takeda,Baseli Werth,Chur,Schweiz,Gastro Praxis Chur Quaderstr. 2,,,,257.95,578.06,,,836.01,hcp
takeda,Beat Burckhardt,Bern,Schweiz,Gastroenterologie Gruppenpraxis Bubenbergplatz 11,,,,428.56,858.45,,,1287.01,hcp
takeda,Beda Wyrsch,Wetzikon ZH,Schweiz,Rheumatologie Bahnhofstr. 137,,,,659.62,764.42,,,1424.04,hcp
takeda,Bernard Mosimann,La Neuveville,Schweiz,Cabinet Dr Mosimann Bernard Route de Neuchâtel 3,,,,375.85,681.7,,,1057.55,hcp
takeda,Bernhard Victor Sauter,Zürich,Schweiz,Witellikerstr. 40,,,,105.06,5071.73,3600,,8776.79,hcp
takeda,Bruno Markus Balsigcr,Bern,Schweiz,Gastroenterologische Praxis Bremgartenstr. 119,,,,105.06,1321.08,,,1426.14,hcp
takeda,Catherine Thiel-Kummer,Kloten,Schweiz,Gemeinschaftspraxis Kalchengasse 7,,,,257.95,648.89,,,906.84,hcp
takeda,Christian Felley,Lausanne,Schweiz,Cabinet Dr Felley / Dr Michetti Avenue Jomlnl 8,,,,390.61,1514.54,,,1905.15,hcp
takeda,Christian G. Huber,Basel,Schweiz,Kornhausgasse 7,,,,,,8000,120,8120,hcp
takeda,Christina Knellwolf,St. Gallen,Schweiz,Rorschacherstr. 95,,,,,,400,,400,hcp
takeda,Cristiana Quattropani Cicalissi,Chiasso,Schweiz,Corso San Gottardo 6,,,,318.45,5196.35,,,5514.8,hcp
takeda,Daniel Georgiev Koychev,Rapperswil SG,Schweiz,Tumorzentrum ZeTuP Rapperswil Alte Jonastr. 24,,,,,,1200,,1200,hcp
takeda,David Mondada,Morges,Schweiz,Cabinet Dr Mondada David Rue Louis de Savoie 56,,,,,711.27,,,711.27,hcp
takeda,Diana Frey,Zürich,Schweiz,Attenhofstr. 3,,,,257.95,461.69,,,719.64,hcp
takeda,Dieter Wallmann,Burgdorf,Schweiz,Kardiologie Oberburgstr. 54,,,,257.95,603.4,,,861.35,hcp
takeda,Dietrich Hack,Arbon,Schweiz,Schlossgasse 4,,,,257.95,603.4,,,861.35,hcp
takeda,Edwin Harald Straumann,Zürich,Schweiz,Seestr. 247,,,,,3725.27,,,3725.27,hcp
takeda,Erik Aerts,Zürich,Schweiz,Stammzellen-Transplation Rämistr. 100,,,,,39,,,39,hcp
takeda,Erwin Julen,Zermatt,Schweiz,Bachstr. 72,,,,257.95,677.09,,,935.04,hcp
takeda,Florian Fröhlich,Porrentruy,Schweiz,Cabinet Dr Froehlich Florian Rue Achille Merguin 44,,,,,,1600,,1600,hcp
takeda,Frank Werner Seibold,Bern,Schweiz,Gastroenterologische Praxis Bremgarten Str. 119,,,,105.06,6322.15,5200,,11627.21,hcp
takeda,Frédéric Gerber,Moutier,Schweiz,Cabinet médical Le Viaduc Rue du Viaduc 34,,,,375.85,695.45,,,1071.3,hcp
takeda,Gabriella Nager,Zürich,Schweiz,Praxis Dr. Nager Gabriella Ottikerstr. 38,,,,257.95,603.4,,,861.35,hcp
takeda,Georg Noll,Zürich,Schweiz,"HerzKlinik Hirslanden, Witellikerstr. 40",,,,,,3400,,3400,hcp
takeda,Georgios Georgiou,Lausanne,Schweiz,Unilabs Lausanne Rue de la Vigie 5,,,,257.95,846.55,1000,,2104.5,hcp
takeda,Gerhard Rogler,Zürich,Schweiz,Kapfstr. 16,,,,156.8,7804.95,9317.65,451,17730.4,hcp
takeda,Hans-Rudotf Kneubühler,Steffisburg,Schweiz,Hans-Rudolf Eichfeldstr. 18,,,,257.95,639.57,,,897.52,hcp
takeda,Helen Schaufelberger,Lugano,Schweiz,Via Trevano 38,,,,318.45,5196.35,,,5514.8,hcp
takeda,Jean Guyot,Nyon,Schweiz,"Cabinet Dr Guyot Jean, Chemin des Rosiers 3",,,,,,800,,800,hcp
takeda,Jean-Francols Lambert,Nyon,Schweiz,Cabinet Dr Lambert Jean-Francois Chemin Monastier 10,,,,,,700,,700,hcp
takeda,Jeannette Widmer,Zürich,Schweiz,Rosengartenstr. 72,,,,,,600,,600,hcp
takeda,Jennifer Klasen,Zürich,Schweiz,St. Moritzstr. 17,,,,,,600,,600,hcp
takeda,Joakim Delarive,Lausanne,Schweiz,Cabinet de groupe Avenue Mon-Repos 24,,,,,,650,,650,hcp
takeda,Jörg Kuoni,Chur,Schweiz,Praxis Dr. Kuoni Jörg Paradiesgasse 1,,,,257.95,648.89,,,906.84,hcp
takeda,Josef Schönbächler,Zürich,Schweiz,Gemeinschaftspraxis Bederstr. 51,,,,257.95,280.06,,,538.01,hcp
takeda,Jürg Jutzi,Bubendorf,Schweiz,Gewerbestr. 3,,,,257.95,618.13,,,876.08,hcp
takeda,Jürgen Richard Raisin,Steffisburg,Schweiz,Ortbühlweg 13,,,,257.95,622.82,,,880.77,hcp
takeda,Katharina Schaub,Zürich,Schweiz,Schaffhauserstr. 34,,,,257.95,635.24,,,893.19,hcp
takeda,En-Ling Leung Ki,Meyrln,Schweiz,Avenue Jean-Daniel Maillard 3,,,,,,800,,800,hcp
takeda,Kurt Züsli,Luzern,Schweiz,Praxis Dr. Züsli Alpenstr. 9,,,,257.95,578.06,,,836.01,hcp
takeda,loannis Diamantis,Biel/Bienne,Schweiz,Praxis Dr. Diamantis loannis Gottstattstr. 24,,,,170.61,1052.26,,,1222.87,hcp
takeda,Manuel Klöti,Luzern,Schweiz,Zentralstr. 1,,,,257.95,471.68,,,729.63,hcp
takeda,Marc Bonvallat,Delémont,Schweiz,Cabinet Dr Bonvallat Marc Route de Bâle 25,,,,375.85,695.45,,,1071.3,hcp
takeda,Marc Girardin,Onex,Schweiz,Groupe Médical d'Onex SA Route de Loex 3,,,,170.61,1250.11,800,,2220.72,hcp
takeda,Marcel Halama,Zürich,Schweiz,Zürichbergstr. 70,,,,257.95,599.16,,,857.11,hcp
takeda,Marcel Tièche,Grenchen,Schweiz,Gruppenpraxis Grenchen Marktplatz 9,,,,257.95,626.84,,,884.79,hcp
takeda,Marcello Orlandi,Solothurn,Schweiz,Gastrozentrum Obach AG Obachstr. 23,,,,257.95,578.06,,,836.01,hcp
takeda,Martin Federmann,Weinfelden,Schweiz,Gemeinschaftspraxis Rathausstr. 11,,,,257.95,603.4,,,861.35,hcp
takeda,Martin Geyer,Wettingen,Schweiz,Gruppenpraxis Rosengartenstr. 2,,,,257.95,578.06,,,836.01,hcp
takeda,Martin Iff,Reinach BL,Schweiz,Praxis Dr. Götz/Dr. Iff Hauptstr. 45,,,,257.95,304.05,,,562,hcp
takeda,Matthias Anderegg,Ittigen,Schweiz,Anderegg & Partner (AGP) Talgut-Zentrum 5,,,,257.95,603.4,,,861.35,hcp
takeda,Maya Pratisto,Köniz,Schweiz,Schwarzenburgstr. 293,,,,257.95,522.02,,,779.97,hcp
takeda,Michael Andor,Zürich,Schweiz,Prodorso Zentrum Walchestr. 15,,,,257.95,635.24,,,893.19,hcp
takeda,Michael Schwarz,Basel,Schweiz,Ambulatorium Wiesendamm Wiesendamm 22,,,,257.95,642.25,,,900.2,hcp
takeda,Miguel Caravatti,Zürich,Schweiz,RheumaZentrum Hirslanden Witellikerstr. 40,,,,659.62,745.66,,,1405.28,hcp
takeda,Nicolas Ketterer,Lausanne,Schweiz,Avenue Du Servan 10,,,,,,700,,700,hcp
takeda,Otto Knüsel,Maienfeld,Schweiz,Medical Center Maienfeld (MCM) Bahnhofstr. 18,,,,257.95,648.89,,,906.84,hcp
takeda,Paul Eme,Bern,Schweiz,Ausserordentl. Mitglieder HMEC Hallerstr. 7,,,,,,1200,,1200,hcp
takeda,Peter Hengstler,St. Gallen,Schweiz,Rosenbergstr. 42b,,,,257.95,599.16,,,857.11,hcp
takeda,Peter Wiedersheim,St. Gallen,Schweiz,Rheumatologie im Silberturm Rorschacherstr. 150,,,,257.95,434.83,,,692.78,hcp
takeda,Philipp Hoigné-Perret,Bern,Schweiz,,,,,257.95,502.25,,,760.2,hcp
takeda,Philippe Gaillard,Martigny,Schweiz,Cabinet Dr Gaillard Philippe Avenue de la Gare 19,,,,331.65,1479.36,,,1811.01,hcp
takeda,Philippe Staubli,Delémont,Schweiz,Cabinet Dr Staubli Philippe Rue des Lilas 18,,,,375.85,695.45,,,1071.3,hcp
takeda,Pierre Michetti,Lausanne,Schweiz,Cabinet Dr Felley / Dr Michetti Avenue Jomini 8,,,,,,7700,170,7870,hcp
takeda,Raymond Gaillet,Thun,Schweiz,Praxis Dr. Gaillet Raymond Bälliz 49,,,,257.95,603.4,,,861.35,hcp
takeda,Reto Barandun,Wattenwil,Schweiz,Medicenter Wattenwil AG Schmittestr. 5,,,,257.95,611.21,,,869.16,hcp
takeda,Reto Frey,Zürich,Schweiz,Praxis Dr. Frey Reto Albisriederplatz 3,,,,257.95,648.89,,,906.84,hcp
takeda,Robert Blank,Weinfelden,Schweiz,Gemeinschaftspraxis Rathausstr. 11,,,,257.95,603.4,,,861.35,hcp
takeda,Roberto Noce,St. Gallen,Schweiz,Praxis Dr. Noce Roberto Brauerstr. 95,,,,257.95,603.4,,,861.35,hcp
takeda,Roland Bracher,Trubschachen,Schweiz,Praxis Dr. Bracher Roland Bahnhofstr. 15,,,,257.95,493.88,,,751.83,hcp
takeda,Rosmarie Junker,Bern,Schweiz,Gastroenterologische Praxis Bremgartenstr. 119,,,,,,400,,400,hcp
takeda,Sabine Beeler,Solothurn,Schweiz,Gastrozentrem Obach AG Obachstr. 23,,,,257.95,626.84,,,884.79,hcp
takeda,Sara Mach-Pascual,Chêne-Bougeries,Schweiz,Route de Chêne 110,,,,,,700,,700,hcp
takeda,Sibylle Glauser,Bern,Schweiz,Psychiatrische Dienste Bern (UPD) Murtenstr. 46,,,,,,600,,600,hcp
takeda,Sophie Buyse,Yverdon-les-Bains,Schweiz,Cabinet Dr Buyse Sophie Rue du Four 6,,,,,,600,,600,hcp
takeda,Sophie Restellini,Genève,Schweiz,3 place du Grand-Mézel,,,,184.25,997.13,,,1181.38,hcp
takeda,Stefan Russmann,Küsnacht ZH,Schweiz,Seestr. 221,,,,,,18000,,18000,hcp
takeda,Stephan Brand,St. Gallen,Schweiz,Lessingstr. 43,,,,,,2000,,2000,hcp
takeda,Thai Nguyen-Tang,Genève,Schweiz,Centre de Gastroentérologie Avenue de la Roseraie 76 A,,,,170.61,1259.51,,,1430.12,hcp
takeda,Thomas Arnold Schneider,Basel,Schweiz,Praxis Dr. Schneider Thomas Riehenstr. 167,,,,257.95,642.25,,,900.2,hcp
takeda,Thomas Emanuel Götz,Reinach BL,Schweiz,Hauptstr. 45,,,,257.95,304.5,,,562.45,hcp
takeda,Thomas Huber,Burgdorf,Schweiz,Emmentalstr. 14,,,,170.61,1261.55,,,1432.16,hcp
takeda,Ulrich Heiniger,Basel,Schweiz,Spitalstr. 33,,,,,,5130,,5130,hcp
takeda,Ursula Schafroth,Thun,Schweiz,Bahnhofstr. 3,,,,257.95,500.49,,,758.44,hcp
takeda,Vincent Freiburghaus,Le Landeron,Schweiz,Cabinet de I'Entre-deux-Lacs Rue Du Centre 2,,,,375.85,678,,,1053.85,hcp
takeda,Walter Gmür,Sargans,Schweiz,"Praxis Dr. Gmür Walter, Grossfeldstr. 79",,,,257.95,603.4,,,861.35,hcp
takeda,Yves Allemann,Bulle,Schweiz,"Cabinet Dr Allemann Yves, Chemin de Pré-Vert 42",,,,,,1200,,1200,hcp
takeda,Yvonne Fahri,Wattwil,Schweiz,Praxis Dr. Abraham Schmitz Diana Volkshausstr. 21a,,,,,,400,,400,hcp
