company,name,location,country,address,uci,donations_grants,sponsorship,registration_fees,travel_accommodation,fees,related_expenses,total,type
teva,Stiftung SONK St. Gallen Oncology Conferences,St. Gallen,Schweiz,Rorschacherstr. 150,,,4512,,,,,4512,hco
teva,Biomedical Research and Training,Basel,Schweiz,"c/o Universitätsspital Basel, Mittlere Str. 91",,,1000,,,,,1000,hco
teva,BV Congress Creating GmbH,Gossau,Schweiz,Industriestr. 37,,,1500,,,,,1500,hco
teva,Centre Hospitalier Universitaire Vaudois,Lausanne,Schweiz,Rue du Bugnon 21,,,850,,,,,850,hco
teva,Centre Hospitalier Universitaire Vaudois,Lausanne,Schweiz,Rue du Bugnon 21,,,2000,,,,,2000,hco
teva,cf-physio. ch,Basel,Schweiz,"Universitätsspital Basel, Physiotherapie Medizin, Spitalstr. 21",,,1000,,,,,1000,hco
teva,Clinique romande de réadaption,Sion,Schweiz,Avenue Grand-Champsec90,,,1000,,,,,1000,hco
teva,Congrès des JFSPH,Lausanne,Schweiz,"Rue du Bugnon 46, CH",,,1800,,,,,1800,hco
teva,GRSSGO,Lausanne,Schweiz,"c/o Meeting-com Särl Congress Organisation, Rue des Päquis 1",,,3500,,,,,3500,hco
teva,Hôpital du Valais,Sion,Schweiz,Avenue du Grand-ChampsecßO,,,1000,,,,,1000,hco
teva,Hôpitaux Universitaires Genève,Genève,Schweiz,Rue Gabrielle-Perret-Gentil 4,,,2500,,,,,2500,hco
teva,IcHUV Lausanne,Lausanne,Schweiz,"CHUV, Service de Neurologie, Rue Du Bugnon 46",,,,,,3000,808,3808,hco
teva,Insel Gruppe AG,Bern,Schweiz,"Insel Gruppe AU, Universitätsklinik für Neurologie, Freiburgstr.",,,,,,500,,500,hco
teva,Inselspital,Bern,Schweiz,Freiburgstr. 4,,,3000,,,,,3000,hco
teva,Inselspital,Bern,Schweiz,Freiburgstr.,,,2000,,,,,2000,hco
teva,Inselspital-Stiftung,Bern,Schweiz,,,,2500,,,,,2500,hco
teva,SAKK - Schweizerische Arbeitsgemeinschaft für Klinische Krebsforschung,Bern,Schweiz,"Koordinationszentru m, Effingerstr. 40",,,6000,,,,,6000,hco
teva,Isamo,Bern,Schweiz,"c/o IBCSG, Effingerstr. 40",,,1500,,,,,1500,hco
teva,Isamo,Bern,Schweiz,"c/o IBCSG, Effingerstr. 40",,,1500,,,,,1500,hco
teva,Isamo,Bern,Schweiz,"c/o IBCSG, Effingerstr. 40",,,1500,,,,,1500,hco
teva,Kantonsspital Aarau,Aarau,Schweiz,"ZSrtmifflTüf-Onkologie / Hämatologie und Transfusionsmedizin , Teilstr.",,,1200,,,,,1200,hco
teva,Kantonsspital Aarau AG,Aarau,Schweiz,Tellstr.,,15000,,,,,,15000,hco
teva,Kantonsspital Aarau AG,Aarau,Schweiz,Tellstr.,,,3000,,,,,3000,hco
teva,Kantonsspital Aarau AG,Aarau,Schweiz,Teilstr.,,,2000,,,,,2000,hco
teva,Kantonsspital Graubünden,Chur,Schweiz,Loestr. 170,,,1500,,,,,1500,hco
teva,Kantonsspital St. Gallen,St. Gallen,Schweiz,Rorschacherstr. 95,,,2000,,,,,2000,hco
teva,Kantonsspital St. Gallen,St. Gallen,Schweiz,Rorschacherstr. 95,,,1500,,,,,1500,hco
teva,Kantonsspital St. Gallen,St. Gallen,Schweiz,Rorschacherstr. 95,,,1000,,,,,1000,hco
teva,Kantonsspital Winterthur,Winterthur,Schweiz,Brauerstr. 15,,,2500,,,,,2500,hco
teva,L'Hôpital du Valais,Sion,Schweiz,av. Grand-Champsec 86,,,1000,,,,,1000,hco
teva,L'Hôpital du Valais,Sion,Schweiz,Avenue Grand-Champsec 90,,,1500,,,,,1500,hco
teva,lnsel Gruppe AG,Bern,Schweiz,"insei bruppe Ab, Universitätsklinik für Neurologie, Freiburgstr.",,,,,,1000,,1000,hco
teva,lnsel Gruppe AG,Bern,Schweiz,"Insel Gruppe AG, Universitätsklinik für Kinderheilkunde, Freiburgstr.",,,,,,500,,500,hco
teva,lnsel Gruppe AG,Bern,Schweiz,"Insel bruppe Ab, Universitätsklinik für Neurologie, Freiburgstr.",,,,,,500,,500,hco
teva,lnsel Gruppe AG,Bern,Schweiz,"inseispital -Universitätsklinik für Medizinische Onkologie, Freiburgstr. 8",,,,,,1800,222,2022,hco
teva,Luzerner Kantonsspital,Luzern,Schweiz,"Luzernei Kantonsspital, Zentrum für Neurologie und Neurorehabilitation, Spitalstr. 4",,,,,,500,,500,hco
teva,Luzerner Kantonsspital,Luzern,Schweiz,"Luzernei-Kantonsspital, Zentrum für Neurologie und Neurorehabilitation, Spitalstr. 4",,,,,,1000,,1000,hco
teva,Luzerner Kantonsspital,Luzern,Schweiz,"Luzerner Kantonsspital, Spitalstr. 4",,,,,,2400,577,2977,hco
teva,Luzerner Kantonsspital,Luzern,Schweiz,"Luzerner Kantonsspital, Spitalstr. 4",,,,,,1400,,1400,hco
teva,Luzerner Kantonsspital,Luzern,Schweiz,"Luzerner Kantonsspital, Spitalstr. 4",,,,,,1750,,1750,hco
teva,Luzerner Kantonsspital,Luzern,Schweiz,"Abt. Hämatologie, Spitalstr.",,,,,,1800,222,2022,hco
teva,Luzerner Kantonsspital,Luzern,Schweiz,"Abt. Onkologie, Spitalstr.",,,1400,,,,,1400,hco
teva,MediService,Zuchwil,Schweiz,Ausserfeldweg 1,,17100,,,,,,17100,hco
teva,Onkologiepflege Schweiz,Kleinandelfingen,Schweiz,Hirstigstr. 13,,,3250,,,,,3250,hco
teva,Ospedale Regionale di Lugano,Lugano,Schweiz,Via Tesserete 46,,45000,,,,,,45000,hco
teva,Ospedale Regionale di Lugano,Lugano,Schweiz,Via Tesserete 46,,,2500,,,,,2500,hco
teva,Ospedale Regionale di Lugano,Lugano,Schweiz,Via Tesserete 46,,,2500,,,,,2500,hco
teva,Ospedale Regionale di Lugano,Lugano,Schweiz,Via Tesserete 46,,,2500,,,,,2500,hco
teva,palliative bs+bl,Laufen,Schweiz,"Geschäftsstelle, Wahlenstr. 56",,,1200,,,,,1200,hco
teva,palliative ch,Bern,Schweiz,Bubenbergplatz 11,,,8000,,,,,8000,hco
teva,palliative ostschweiz,St. Gallen,Schweiz,Flurhofstr. 7,,,1000,,,,,1000,hco
teva,Palliative so,Solothurn,Schweiz,St Josefsgasse 7a,,,1000,,,,,1000,hco
teva,palliative zh+sh,Zürich,Schweiz,Arterstr. 28,,,1500,,,,,1500,hco
teva,Palliative-Fribourg/Freiburg,Fribourg,Schweiz,"Association- fribourgeoise de medicine et de soins palliatifs c/o AFIPA, Rte St-Nicolas-de-Flüe 2",,,1000,,,,,1000,hco
teva,Pharmazeutische Gesellschaft Basel,Basel,Schweiz,"c/o Sandra Holmegaard, Sodackerweg 2",,,1500,,,,,1500,hco
teva,SAKK - Schweizerische Arbeitsgemeinschaft für Klinische Krebsforschung,Bern,Schweiz,Effingerstr. 40,,,5000,,,,,5000,hco
teva,Schweizerische Multiple Sklerose Gesellschaft,Zürich,Schweiz,Josefstr. 129,,15000,,,,,,15000,hco
teva,Schweizerische Multiple Sklerose Gesellschaft,Zürich,Schweiz,Josefstr. 129,,,20000,,,,,20000,hco
teva,Schweizerischer Verband für Gemeinstsaufgaben der Krankenversicherer,Solothurn SO,Schweiz,Muttenstr. 3,,46245,,,,,,46245,hco
teva,Stadtspital Triemli,Zürich,Schweiz,"Klinik für Medizinische Onkologie und Hämatologie, Birmensdorferstrass e 497",,,2500,,,,,2500,hco
teva,Stiftung für Forschung in Parkinson und Bewegungsstörung,Bern,Schweiz,"c/o Inselspital Universitätsklinik für Neurologie, Freiburgstr. 4",,,7500,,,,,7500,hco
teva,Stiftung SONK St. Gallen Oncology Conferences,St. Gallen,Schweiz,"c/o Tumor- und Brustzentrum ZeTuP, Rorschacher Str. 150",,,5214,,,,,5214,hco
teva,Swiss Federation of Clinical Neuro-Societies SFCNS,Basel,Schweiz,"c/o IMK Institute for medicine and communication Ltd, Münsterberg 1",,,20000,,,,,20000,hco
teva,Trägerverein Paracelsus-Spital Richterswil,Richterswil,Schweiz,Bergstr. 7,,,2500,,,,,2500,hco
teva,Tumorzentrum ZeTuP,Rapperswil,Schweiz,Alte Jonastr. 24,,,500,,,,,500,hco
teva,Universität Zürich,Zürich,Schweiz,Frauenklinikstr. 26,,,4000,,,,,4000,hco
teva,Universität Zürich,Zürich,Schweiz,Frauenklinikstr. 26,,,4000,,,,,4000,hco
teva,Universität Zürich,Zürich,Schweiz,Frauenklinikstr. 26,,,4000,,,,,4000,hco
teva,Universität Zürich,Zürich,Schweiz,Frauenklinikstr. 26,,,4000,,,,,4000,hco
teva,Universität Zürich,Zürich,Schweiz,Frauenklinikstr. 26,,,2000,,,,,2000,hco
teva,Universität Zürich,Zürich,Schweiz,"Klinik Tur Reproduktions-Endokrinologie, Frauenklinikstr. 10",,,3000,,,,,3000,hco
teva,Universitätsspital Basel,Basel,Schweiz,Petersgraben 4,,14000,,,,,,14000,hco
teva,Universitätsspital Basel,Basel,Schweiz,Petersgraben 4,,,2000,,,,,2000,hco
teva,Universitätsspital Basel,Basel,Schweiz,Petersgraben 4,,,3000,,,,,3000,hco
teva,Universitätsspital Basel,Basel,Schweiz,"Onkologie, Petersgraben 4",,,1500,,,,,1500,hco
teva,UniversitätsSpital Zürich,Zürich,Schweiz,"Klinik für Pneumologie, Rämistr. 100",,,2000,,,,,2000,hco
teva,UniversitätsSpital Zürich,Zürich,Schweiz,"Universitätsspital Zürich, Klinik für Neurologie, Frauenklinikstr. 26",,,,,,2800,,2800,hco
teva,UniversitätsSpital Zürich,Zürich,Schweiz,"Universitätsspital Zürich, Klinik für Neurologie, Frauenklinikstr. 26",,,,,,5250,,5250,hco
teva,UniversitätsSpital Zürich,Zürich,Schweiz,"Klinik für Onkologie, Rämistr. 100",,,2500,,,,,2500,hco
teva,Adrian Casty,Bern,Schweiz,Bremgartenstr. 119,,,,290,397,,,687,hcp
teva,Adriano Bont,Winterthur,Schweiz,Brunngasse 6,,,,507,717,,,1224,hcp
teva,Alain Kälin,Lugano,Schweiz,"Ospedale Regionale di Lugano, Neurocentro, Via Tesserete 46",,,,,,1500,,1500,hcp
teva,Aleksandra Lydia Marek,Zürich,Schweiz,Birmensdorferstr. 497,,,,525,1378,,,1903,hcp
teva,Alix Stern,Schlieren,Schweiz,Urdorferstr. 100,,,,290,259,,,549,hcp
teva,Andrea Tasalan-Skupin,Gossau,Schweiz,"T7ZTT-- Neurologisches Zentrum Gossau, Herisauerstr. 36",,,,,,500,,500,hcp
teva,Andrea Tasalan-Skupin,Gossau,Schweiz,"FMH Neurologie, nzg-neurologisches Zentrum Gossau, Herisauerstr. 36",,,,,,500,,500,hcp
teva,Andrea Tasalan-Skupin,Gossau,Schweiz,Herisauerstr. 36,,,,289,654,,,943,hcp
teva,Andreas Barth,Solothurn,Schweiz,Schöngrünstr. 42,,,,404,2815,,,3219,hcp
teva,Andreas Baumann,Langenthal,Schweiz,St. Urbanstr. 67,,,,289,485,,,774,hcp
teva,Andreas Gschwend,Baar,Schweiz,Landhausstr. 11,,,,445,2635,,,3080,hcp
teva,Andreas Lutterotti,Zürich,Schweiz,"Universitätsspital Zürich, Klinik für Neurologie, Frauenklinikstr. 26",,,,,,1000,,1000,hcp
teva,Andreas Weber,Wetzikon,Schweiz,Stationsstr. 77,,,,523,565,,,1088,hcp
teva,Angelika Bickel,St. Gallen,Schweiz,Rorschacherstr. 95,,,,277,663,,,940,hcp
teva,Anita Hirschi,Zürich,Schweiz,Witellikerstr. 40,,,,332,753,,,1085,hcp
teva,Ann-Katrin Seidel,Winterthur,Schweiz,Brauerstr. 15,,,,348,775,,,1123,hcp
teva,Anna Efthymiou,Fribourg,Schweiz,"Höpital fribourgeois, Chemin des Pensionnats 2",,,,,,1800,222,2022,hcp
teva,Anna Katharina Fritsche,St. Gallen,Schweiz,Rorschacherstr. 95,,,,434,521,,,955,hcp
teva,Anna-Katarina Kovacic,St. Gallen,Schweiz,"Kantonsspital St. Gallen, Rorschacherstr. 95",,,,,,500,,500,hcp
teva,Astrid Schönenberger,Langenthal,Schweiz,Spital Langenthal,,,,290,485,,,775,hcp
teva,Athina Papadopoulou,Basel,Schweiz,Neurologie,,,,944,1412,,,2356,hcp
teva,Aynur Aydemir,Münsterlingen,Schweiz,"Kantonsspital Münsterlingen, Spitalcampus 1, Postfach 100",,,,,,500,53,553,hcp
teva,Babara Vogel Wigger,Zürich,Schweiz,Talstr 65,,,,289,524,,,813,hcp
teva,Beat Bühler,Schwyz,Schweiz,Waldeggstr. 10,,,,290,368,,,658,hcp
teva,Beatrice Schäppi Mischler,Zürich,Schweiz,Hürstringstr. 29a,,,,523,569,,,1092,hcp
teva,Benedikt Buse,Luzern,Schweiz,"Psychiatrie Neurologie, Alpenstr. 4",,,,,,500,,500,hcp
teva,Bettina Bonnet,Zürich,Schweiz,Birmensdorferstr. 497,,,,523,569,,,1092,hcp
teva,Biljana Rodic,Winterthur,Schweiz,"Kantonsspital Winterthur, Neurologie, Brauerstr. 15",,,,,,500,,500,hcp
teva,Borbala Keserü,Luzern,Schweiz,"Klinik St. Anna, St. Anna-Str. 32",,,,,,500,,500,hcp
teva,Boris Müller-Hübenthal,Richterwil,Schweiz,Bergstr. 16,,,,290,456,,,746,hcp
teva,Burkhard Becher,Zürich,Schweiz,"University of Zurich, Institute of Experimental Immunology, Winterthurerstr. 190",,,,,,1800,553,2353,hcp
teva,Carlo Albani,Zürich,Schweiz,Bahnhofplatz 5,,,,730,1696,,,2426,hcp
teva,Carlos Beat Quinto,Pfeffingen,Schweiz,"Praxis Pfeffingen, Im Noll 38",,,,,,800,,800,hcp
teva,Catrina Uhlmann Nussbaum,Olten,Schweiz,Baslerstr. 150,,,,290,474,,,764,hcp
teva,Celia Juliane Kako,Männedorf,Schweiz,Neurologen am Zürichsee,,,,289,653,,,942,hcp
teva,Chiara Zecca,Lugano,Schweiz,Via Tesserete 46,,,,606,1905,,,2511,hcp
teva,Christian Baumann,Zürich,Schweiz,"Universitätsspital Zürich, Klinik für Neurologie, Frauenklinikstr. 26",,,,,,1500,,1500,hcp
teva,Christian Johannes Taverna,Münsterlingen,Schweiz,Spitalcampus 1,,,,270,908,,,1178,hcp
teva,Christian Sturzenegger,Zürich,Schweiz,"Klinik Lengg AG, Bleulerstr. 60",,,,,,450,,450,hcp
teva,Christina Elisabeth Schneider-Taverna,Münsterlingen,Schweiz,Spitalcampus 1,,,,270,520,,,790,hcp
teva,Christoph Hermann Reutter,Winterthur,Schweiz,Brunngasse 6,,,,297,722,,,1019,hcp
teva,Christophe Henny,Lausanne,Schweiz,Avenue Bergiöres 2,,,,625,1930,,,2555,hcp
teva,Claudia Baum,Zihlschlacht,Schweiz,Hauptstr. 2-4,,,,467,1329,,,1796,hcp
teva,Claudia Baum,Zihlschlacht,Schweiz,"RenaKiimk Zihlschlacht, Hauptstr. 2-4",,,,,,500,83,583,hcp
teva,Claudine Isabelle Egger,Schlieren,Schweiz,Urdorferstr. 100,,,,290,380,,,670,hcp
teva,Claudio Bonetti,Mendrisio,Schweiz,"FMH neurologia, Via Alfonso Turconi 10",,,,,,500,28,528,hcp
teva,Claudio Gobbi,Lugano,Schweiz,Via Tesserete 46,,,,625,1905,,,2530,hcp
teva,Claudio Gobbi,Lugano,Schweiz,"Ospedale Regionale di Lugano, Neurologia, Via Tesserete 46",,,,,,1800,502,2302,hcp
teva,Claudio Gobbi,Lugano,Schweiz,"Ospedale Regionale di Lugano, Via Tesserete 46",,,,,,6000,,6000,hcp
teva,Cornelia Bernegger-Zeller,Bern,Schweiz,Freiburgstr. 18,,,,434,400,,,834,hcp
teva,Daniela Wiest,Biel,Schweiz,Unterer Quai 92,,,,325,547,,,872,hcp
teva,Daniela Zimmermann,Zürich,Schweiz,Birmensdorferstrass e497,,,,277,875,,,1152,hcp
teva,Dimitri Franke,Münchenstein,Schweiz,Emil Frey Str. 85,,,,181,641,,,822,hcp
teva,Dominique Gisler,Interlaken,Schweiz,"FMH Neurologie, Mittengrabenstr. 34",,,,,,500,,500,hcp
teva,Elisabeth Huberte,Schwyz,Schweiz,"FMH Neurologie, Maria-Hilf-Str. 9",,,,,,500,,500,hcp
teva,Emanuele Pravatä,Lugano,Schweiz,"Ospedale Regionale di Lugano, Via Tesserete 46",,,,,,500,,500,hcp
teva,Erich Müller,Zürich,Schweiz,Toblerstr. 51,,,,290,317,,,607,hcp
teva,Estelle Annette Amann,Männedorf,Schweiz,Asylstr. 10,,,,405,497,,,902,hcp
teva,Esther Bärtschi,Bern,Schweiz,Brückfeldstr. 19,,,,270,223,,,493,hcp
teva,Eva-Maria Voss,Luzern,Schweiz,Haldenstr. 11,,,,289,505,,,794,hcp
teva,Fatime Krasniqi,Basel,Schweiz,Petersgraben 4,,,,601,2610,,,3211,hcp
teva,Filippo Donati,Biel,Schweiz,"Spitalzentrum, Postfach 1664",,,,,,500,,500,hcp
teva,Filippo Scacchi,Locarno,Schweiz,Via Antonio Ciseri 13,,,,457,2326,,,2783,hcp
teva,Filippo Scacchi,Locarno,Schweiz,"Studio neurologico Sagl, Via Antonio Ciseri 13",,,,,,500,,500,hcp
teva,Franziska Zenger,Brugg,Schweiz,Fröhlichste 7,,,,290,309,,,599,hcp
teva,Gabriela Fuchs,Aarau,Schweiz,Tellstr.,,,,523,595,,,1118,hcp
teva,Geoffrey Delmore,Frauenfeld,Schweiz,Pfaffenholzstr. 4,,,,579,2619,,,3198,hcp
teva,Giulio Disanto,Lugano,Schweiz,"Ospedale Regionale di Lugano, Via Tesserete 46",,,,,,500,,500,hcp
teva,Claudio Gobbi,Lugano,Schweiz,"Ospedale Regionale di Lugano, Via Tesserete 46",,,,,,1000,,1000,hcp
teva,Grit Richartz,Solothurn,Schweiz,Schöngrünstr. 38,,,,290,368,,,658,hcp
teva,Guacimara Ortega-Sanchez,Winterthur,Schweiz,Brauerstr. 15,,,,348,548,,,896,hcp
teva,Gudrun Theile,Zürich,Schweiz,Rämisstr. 100,,,,523,673,,,1196,hcp
teva,Hanna Barmettler,Langenthal,Schweiz,St. Urbanstr. 67,,,,326,379,,,705,hcp
teva,Hans Pihan,Biel,Schweiz,Postfach 7,,,,246,806,,,1052,hcp
teva,Hans Schnyder,Aarau,Schweiz,"FMH Neurologie, Bahnhofstr. 78",,,,,,500,,500,hcp
teva,Heidi Dazzi,Dietikon,Schweiz,Heimstr. 1,,,,290,458,,,748,hcp
teva,Helen Könnecke,Zürich,Schweiz,"Universitätsspital Zürich, Klinik für Neurologie, Frauenklinikstr. 26",,,,,,1000,,1000,hcp
teva,Helmut Knorr,Richterswil,Schweiz,Bergstr. 16,,,,290,709,,,999,hcp
teva,Hubert Walter Schefer,Luzern,Schweiz,St. Annastr. 32,,,,523,741,,,1264,hcp
teva,Ingrid Carlen Brutsche,Basel,Schweiz,Kleinriehenstr. 30,,,,434,222,,,656,hcp
teva,Irene Barone-Kaganas,Basel,Schweiz,Hirschgässlein 21,,,,246,0,,,246,hcp
teva,Jana Meister,Vaduz,Schweiz,Heiligkreuz 25,,,,434,396,,,830,hcp
teva,Jean Philippe von Burg,Solothurn,Schweiz,Onkologiezentrum,,,,290,377,,,667,hcp
teva,Jeanne Godau,Altdorf,Schweiz,Spitalstr. 1,,,,290,762,,,1052,hcp
teva,Jens Carsten Möller,Zihlschlacht,Schweiz,"Rehaklinik Zihlschlacht AG, Parkinson Zentrum, Hauptstr. 2-4",,,,,,600,,600,hcp
teva,Jochen Vehoff,St. Gallen,Schweiz,Rorschacherstr. 95,,,,355,763,,,1118,hcp
teva,Jochen Vehoff,St. Gallen,Schweiz,"Kantonsspital St. Gallen, Rorschacherstr. 95",,,,,,500,,500,hcp
teva,Jochen Vehoff,St. Gallen,Schweiz,"Kantonsspital St. Gallen, Rorschacherstr. 95",,,,,,500,,500,hcp
teva,Johannes Bitzer,Basel,Schweiz,Schützenmattstr. 54,,,,,,1000,,1000,hcp
teva,Johannes Bitzer,Basel,Schweiz,Schützenmattstr. 54,,,,,,2219,,2219,hcp
teva,Joubin Gandjour,Lachen,Schweiz,"Neurologie, Spital Lachen, Oberdorfstr. 41",,,,,,500,,500,hcp
teva,Jürgen Schneider,Nottwil,Schweiz,"scnweiiöt Paraplegiker-Zentrum, Neurologie, Guido A. Zäch Str. 1",,,,,,500,,500,hcp
teva,Jürgen Schneider,Nottwil,Schweiz,"Schweizer Paraplegiker-Zentrum, Guido A. Zäch Str. 1",,,,,,300,61,361,hcp
teva,Jurij Pitako,Glarus,Schweiz,Burgstr. 97,,,,405,862,,,1267,hcp
teva,Karin Hänni,Rüttenen,Schweiz,Feldstr. 7,,,,523,579,,,1102,hcp
teva,Karin Haus,Winterthur,Schweiz,Brauerstr. 15,,,,167,717,,,884,hcp
teva,Karin Hohloch,Chur,Schweiz,Loestr. 170,,,,525,1280,,,1805,hcp
teva,Karl A. Steuer,Allschwil,Schweiz,Brennerstr. 12,,,,290,349,,,639,hcp
teva,Karl-Theo Vinzent,Appenzell,Schweiz,Rütistr. 6,,,,290,299,,,589,hcp
teva,Karsten Beer,Wil SG,Schweiz,"FMH Neurologie, Obere Bahnhofstr. 49",,,,,,500,,500,hcp
teva,Katharina Kötter,Wohlen AG,Schweiz,"FMH Neurologie, Bärengässli 7",,,,,,500,,500,hcp
teva,Katharina Hoppe,Frauenfeld,Schweiz,Pfaffenholzstr. 4,,,,348,0,,,348,hcp
teva,Katharina Kötter,Wohlen AG,Schweiz,"FMH Neurologie, Bärengässli 7",,,,,,300,,300,hcp
teva,Katrin Furrer,Münsterlingen,Schweiz,Spitalcampus 1,,,,290,461,,,751,hcp
teva,Latizia Panicari,Lugano,Schweiz,"Ospedale Regionale di Lugano, Via Tesserete 46",,,,,,500,,500,hcp
teva,Lucie Hasler-Vitek,Baden,Schweiz,Mellingerstr. 207,,,,268,602,,,870,hcp
teva,Ludger Kneuper,Richterwil,Schweiz,Bergstr. 16,,,,290,457,,,747,hcp
teva,Lukas Von Rohr,Biel,Schweiz,Rebenweg 34,,,,326,511,,,837,hcp
teva,Lutz Achtnichts,Aarau,Schweiz,"Kantonsspital Aarau, Bahnhofstr. 78",,,,,,1000,,1000,hcp
teva,Lutz Bönig,Frauenfeld,Schweiz,"FMH Neurologie, Rosenbergstr. 12/13",,,,,,500,,500,hcp
teva,Maja Strasser,Solothurn,Schweiz,Hauptgsse 5,,,,384,705,,,1089,hcp
teva,Maja Strasser,Solothurn,Schweiz,"FMH Neurologie, Hauptgasse 5",,,,,,500,,500,hcp
teva,Manuel Jungi,Olten,Schweiz,Baslerstr. 150,,,,400,639,,,1039,hcp
teva,Manuel Manfred Bertschi,Aarau,Schweiz,"Kantonsspital Aarau AG, Neurologische Klinik, Tellstr.",,,,,,600,,600,hcp
teva,Manuela Weik,Amriswil,Schweiz,Bahnhofstr. 42,,,,467,1358,,,1825,hcp
teva,Manuela Weik,Amriswil,Schweiz,"FMH Neurologie, Neurologie Amriswil, Bahnhofstr. 42",,,,,,500,32,532,hcp
teva,Marco Ferrazzini,Locarno,Schweiz,FMH neurologia. Via San Francesco 15,,,,,,500,,500,hcp
teva,Marcus D'Souza,Basel,Schweiz,Neurologie,,,,625,1819,,,2444,hcp
teva,Marcus Schuermann,Richterswil,Schweiz,Bergstr. 16,,,,290,703,,,993,hcp
teva,Mark Hafner,Bülach,Schweiz,Bannhaldenstr. 7,,,,352,2710,,,3062,hcp
teva,Markus G. Manz,Zürich,Schweiz,"Universitätsspital Zürich, Rämistr. 100",,,,,,3600,222,3822,hcp
teva,Martin Landolt,Basel,Schweiz,Falknerstr. 35,,,,789,652,,,1441,hcp
teva,Matteo Caporro,Lugano,Schweiz,"Ospedale Regionale di Lugano, Via Tesserete 46",,,,,,500,,500,hcp
teva,Matthias Greulich,Zürich,Schweiz,Birmensdorferstr. 497,,,,224,717,,,941,hcp
teva,Matthias Öchsner,Zihlschlacht,Schweiz,"Rehaklinik Zihlschlacht AG, Neurologie, Hauptstr. 2-4",,,,,,600,111,711,hcp
teva,Matthias Sturzenegger,Bern,Schweiz,"Inselspital, Freiburgstr. 18",,,,,,600,88,688,hcp
teva,Matthias Umbricht,Winterthur,Schweiz,Stadthausstr. 45,,,,290,379,,,669,hcp
teva,Michael Decker,Richterswil,Schweiz,Bergstr. 16,,,,290,316,,,606,hcp
teva,Michael Schüpbach,Bern,Schweiz,"Inselspital, Neurologische Klinik, Freiburgstr. 18",,,,,,600,,600,hcp
teva,Michael Thomas Mark,Chur,Schweiz,Loestr. 170,,,,579,2505,,,3084,hcp
teva,Miguel Ulla,Martigny,Schweiz,"Centre medical VIGIMED, Rue Du Leman 18b",,,,,,600,358,958,hcp
teva,Monika Jaquenod-Linder,Zürich,Schweiz,Witellikerstr. 40,,,,523,597,,,1120,hcp
teva,Monika Heiz Reichlin,Zürich,Schweiz,Toblerstr. 50,,,,290,377,,,667,hcp
teva,Nadine Amsler,Baar,Schweiz,Landhausstr. 11,,,,434,469,,,903,hcp
teva,Nerbil Kilic,Zürich,Schweiz,Dept. Innere Medizin und Spezialdiszipl.,,,,525,1354,,,1879,hcp
teva,Nina Maria Kotrubczik,Uster,Schweiz,Brunnenstr. 42,,,,290,456,,,746,hcp
teva,Oleg Kurlandchikov,St. Gallen,Schweiz,"FMH Neurologie, Schreinerstr. 7",,,,,,500,,500,hcp
teva,Pasquale Calabrese,Basel,Schweiz,Department of Psychology and Interdisciplinary Platform Psychiatry and Psychology,,,,357,1341,,,1698,hcp
teva,Patrice Lalive,Genève,Schweiz,Service de neurologie,,,,787,2114,,,2901,hcp
teva,Peter Anton Christian Erwin Wyss,Winterthur,Schweiz,Gertrudstr. 1,,,,289,448,,,737,hcp
teva,Peter John Myers,Genève,Schweiz,Ruelle du Couchant 7,,,,720,2699,,,3419,hcp
teva,Petra Maria Jacinta Schmid,Rheinfelden,Schweiz,Kaiserstr. 8,,,,270,1364,,,1634,hcp
teva,Philipp Dutkowski,Zürich,Schweiz,Kanstosspital Zürich Rämistr. 100,,,,,,2162,,2162,hcp
teva,Philipp Niederberger,Sursee,Schweiz,Spitalstr. 16a,,,,348,453,,,801,hcp
teva,Philippe Maire,Aarau,Schweiz,"Hirslanden Klinik Aarau, Schänisweg",,,,,,500,,500,hcp
teva,Priska Binz Nocco,Chur,Schweiz,Leostr. 170,,,,434,489,,,923,hcp
teva,Ralph Winterhaider,Luzern,Schweiz,Spitalstr.,,,,290,493,,,783,hcp
teva,René Wullimann,Lugano,Schweiz,"FMH neurologia, Via Besso 34",,,,,,500,,500,hcp
teva,Reto Kühne,Zürich,Schweiz,Tièchestr. 99,,,,290,318,,,608,hcp
teva,Robert Käufeler,St. Gallen,Schweiz,Poststr. 18,,,,289,689,,,978,hcp
teva,Robert Käufeler,St. Gallen,Schweiz,"FMH Neurologie, Postfach 428",,,,,,500,,500,hcp
teva,Roger Burkhard,Zürich,Schweiz,Witellikerstr. 40,,,,350,752,,,1102,hcp
teva,Roland Mähler,Wohlen AG,Schweiz,"FMH Neurologie, Bärengässli 7",,,,,,500,,500,hcp
teva,Roland Wiest,Bern,Schweiz,Freiburgstr. 18,,,,289,259,,,548,hcp
teva,Roman Inauen,Münsterlingen,Schweiz,Spitalcampus 1,,,,290,411,,,701,hcp
teva,Ronald Langner,Zollikon,Schweiz,"Koptwehzentrum Hirslanden, Forchstr. 424",,,,,,350,,350,hcp
teva,Rosaria Sacco,Lugano,Schweiz,"Ospedale Regionale di Lugano, Via Tesserete 46",,,,,,500,,500,hcp
teva,Sandra Schmid,Sarnen,Schweiz,Brünigstr. 181,,,,290,391,,,681,hcp
teva,Sara De Dosso,Bellinzona,Schweiz,Istituto Oncologico della Svizzera Italiana,,,,270,908,,,1178,hcp
teva,Sarah Marti,Zollikerberg,Schweiz,"Nviri rveurologie, Ärztezentrum Prisma, Trichtenhauserstr. 12",,,,,,500,,500,hcp
teva,Schneider Teresa,Grabs,Schweiz,Spitalstr. 44,,,,434,492,,,926,hcp
teva,Serge Roth,Carouge,Schweiz,Clos de la Fonderie 1B,,,,787,1997,,,2784,hcp
teva,Sibylle Esther Wolleb,Uster,Schweiz,Brunnenstr. 42,,,,525,1404,,,1929,hcp
teva,Silvia Hofer,Luzern,Schweiz,Spitalstr.,,,,0,391,,,391,hcp
teva,Simon Ramseier,Baden-Wattwil,Schweiz,Mellingerstr. 207,,,,289,497,,,786,hcp
teva,Simone Farese,Solothurn,Schweiz,Schöngrünstr. 42,,,,290,368,,,658,hcp
teva,Stefan Balabanov,Zürich,Schweiz,"Universitätsspital Zürich, Rämistr. 100",,,,,,2400,222,2622,hcp
teva,Stefan Hägele-Link,St. Gallen,Schweiz,"Kantonsspital St. Gallen, Klinik für Neurologie, Rorschacherstr. 95",,,,,,600,53,653,hcp
teva,Stefanie Karin Müller,St. Gallen,Schweiz,Rorschacherstr. 95,,,,787,1772,,,2559,hcp
teva,Stefanie Müller,St. Gallen,Schweiz,"Kantonsspital St. Gallen, Klinik für Neurologie, Rorschacherstr. 95",,,,,,1000,,1000,hcp
teva,Stefanie Müller,St. Gallen,Schweiz,"Kantonsspital St. Gallen, Klinik für Neurologie, Rorschacher Str. 95",,,,,,1000,,1000,hcp
teva,Stephanie Schneider,Wallisellen,Schweiz,Bahnhofpl. 1B,,,,277,744,,,1021,hcp
teva,Susanne Pratsch Peter,Zürich,Schweiz,Ti&chestr. 99,,,,525,1382,,,1907,hcp
teva,Susanne Zwahlen,Bern,Schweiz,Freiburgstr. 18,,,,525,996,,,1521,hcp
teva,Sylvia Baumann Kurer,Winterthur,Schweiz,St. Georgen-Str. 70,,,,270,1023,,,1293,hcp
teva,Theresia Hardegger,Luzern,Schweiz,Obergrundstr. 44,,,,290,377,,,667,hcp
teva,Thomas Flückiger,St. Gallen,Schweiz,"FMH Neurologie, Therapiezentrum St. Gallen, Museumstr. 41",,,,,,500,127,627,hcp
teva,Till Patrick Betz,Münsterlingen,Schweiz,"Kantonsspital Münsterlingen, Spitalcampus 1, Postfach 100",,,,,,500,73,573,hcp
teva,Urs Müller,Sargans,Schweiz,Grassfeldstr. 79,,,,290,394,,,684,hcp
teva,Urs Richard Meier,Winterthur,Schweiz,Brauerstr. 15,,,,525,1214,,,1739,hcp
teva,Uta Kliesch,Schwyz,Schweiz,"FMH Neurologie, Maria-Hilf-Str. 9",,,,,,500,,500,hcp
teva,Valerie Zumsteg,Zollikerberg,Schweiz,"hvih Neurologie, Ärztezentrum Prisma, Trichtenhauserstr. 12",,,,,,500,,500,hcp
teva,Veronika Pasquineli,Bern,Schweiz,Effingerstr. 102,,,,277,957,,,1234,hcp
teva,Yvonne Liselotte Naegelin,Basel,Schweiz,Petersgraben 4,,,,357,1008,,,1365,hcp
teva,Chiara Zecca,Lugano,Schweiz,"Ospedale Regionale di Lugano, Via Tesserete 46",,,,,,1000,,1000,hcp
