company,name,location,country,address,uci,donations_grants,sponsorship,registration_fees,travel_accommodation,fees,related_expenses,total,type
ucb,CHUV,Lausanne,Schweiz,Rue du Bugnon 21,,,6654.92,,,4572.32,,11227.24,hco
ucb,CRR SuvaCare,Sion,Schweiz,Avenue Grand-Champsec 90,,,7560,,,,,7560,hco
ucb,ES Scientific Consulting,Peseux,Schweiz,Rue Du Clos 33,,,,,,1280,,1280,hco
ucb,FFN - Fragility Fracture Network,Zürich,Schweiz,Schaffhauserstr. 550,,34800.57,,,,,,34800.57,hco
ucb,GastroZentrum Hirslanden,Zürich,Schweiz,Witellikerstr. 40,,,900,,,,,900,hco
ucb,HFR Fribourg-Hôpital Cantonal,Fribourg,Schweiz,Chemin des Pensionnats 2,,,1500,,,,,1500,hco
ucb,Hôpitaux Universitaires Genève,Genève,Schweiz,Rue Gabrielle Perret-Gentil 4,,,14640,,,,,14640,hco
ucb,Inselspital,Bern,Schweiz,Freiburgstr. 18,,,18360,,,,,18360,hco
ucb,Institution de Lavigny,Lavigny,Schweiz,Route du Vignoble G0,,,1000,,,,,1000,hco
ucb,Int. Osteoporosis Foundation,Nyon,Schweiz,Rue Juste-Olivier 9,,,13600,,,,,13600,hco
ucb,Kantonsspital St. Gallen,St. Gallen,Schweiz,Rorschacherstr. 95,,,14850,,,1133,,15983,hco
ucb,Klinik Bethesda,Tschugg,Schweiz,Oberdorf,,,1000,,,,,1000,hco
ucb,Kliniken Valens,Valens,Schweiz,Taminaplatz 1,,,432,,,,,432,hco
ucb,Luzerner Kantonsspital,Luzern,Schweiz,Spitalstr. 31,,,2500,,,,,2500,hco
ucb,Medizinisches Zentrum Bad Ragaz,Bad Ragaz,Schweiz,Hans Albrecht-Str.,,,5400,,,,,5400,hco
ucb,Ospedale Regionale di Lugano,Lugano,Schweiz,Via Tesserete 46,,,4320,,,,,4320,hco
ucb,Rheumakränzli Zentralschweiz,Meggen,Schweiz,Mättelistr. 7,,,1000,,,,,1000,hco
ucb,SCQM Foundation Swiss Clinical Quality Management,Zürich,Schweiz,Aargauerstr. 250,,39020,88128,,,,,127148,hco
ucb,Solothurner Spitäler AG soH,Solothurn,Schweiz,Schöngrünstr. 42,,,3780,,,,,3780,hco
ucb,Spitalzentrum Biel AG,Biel/Bienne,Schweiz,Vogelsang 84,,,1500,,,,,1500,hco
ucb,Stiftung Forschung Gastro/Hep.,Zürich,Schweiz,Rämistr. 100,,,8500,,,,,8500,hco
ucb,Stiftung für Parkinsonforschung,Zürich,Schweiz,Mühlebachstr. 54,,,6000,,,,,6000,hco
ucb,Strongbones GmbH,Büron,Schweiz,Galgerain 23,,,,,,4949.3,,4949.3,hco
ucb,Studio Dr. Masina Numa,Lugano,Schweiz,Viale Castagnola 21a,,,1000,,,,,1000,hco
ucb,Swiss Chemical Society,Bern,Schweiz,Schwarztorstr. 9,,,,,,800,,800,hco
ucb,Universität Zürich,Zürich,Schweiz,Rämistr. 71,,,11880,,,,,11880,hco
ucb,Universitätsspital Basel,Basel,Schweiz,Spitalstr. 21,,,8000,,,,,8000,hco
ucb,UniversitätsSpital Zürich,Zürich,Schweiz,Rämistr. 100,,,12960,,,,,12960,hco
ucb,Universite d'ete,Genève,Schweiz,c/o HUG Neurologie,,,2500,,,,,2500,hco
ucb,Université de Genève,Genève,Schweiz,Rue Général-Dufour 24,,,,,,1000,,1000,hco
ucb,Who / Oms,Genève,Schweiz,Avenue Appia 20,,809529.17,,,,,,809529.17,hco
ucb,Antonio Lamberti,Sion,Schweiz,Rue Des Vergers 1,7601000064288,,,325.93,701.76,,,1027.69,hcp
ucb,Argyri Dimitriou,Zürich,Schweiz,Birmensdorferstr asse 497,7601003472271,,,293.67,522.44,,,816.11,hcp
ucb,Cem Gabay,Genève,Schweiz,Avenue Beau-Séjour 26,7601000036988,,,,,3875,,3875,hcp
ucb,Christa Bauer,Muri,Schweiz,Singisenstr. 40,7601000728838,,,64.64,,,,64.64,hcp
ucb,Christel Madelaine-Bonjour,Lausanne,Schweiz,Avenue Pierre-Decker 4,,,,,444.58,,,444.58,hcp
ucb,Christian Baumann,Zürich,Schweiz,Frauenklinikstra sse 26,7601000426819,,,,,1800,,1800,hcp
ucb,Christoph Ackermann,Triesen,Schweiz,Landstr. 359,7601000637062,,,293.67,287.27,,,580.94,hcp
ucb,Claudio Bassetti,Bern,Schweiz,Freiburgstr. 18,7601000277039,,,,,3282,865.4,4147.4,hcp
ucb,Cord von Restorff,Männedorf,Schweiz,Asylstr. 84,7601000671998,,,359.77,248.17,,,607.94,hcp
ucb,Daniel Uebelhart,Fribourg,Schweiz,Rue De Locarno 3,7601000038005,,,,,925,,925,hcp
ucb,Diana Dan,Lausanne,Schweiz,Avenue Pierre-Decker 4,7601000748720,,,325.93,689.7,,,1015.63,hcp
ucb,Elisabeth Huberle,Schwyz,Schweiz,Maria-Hilf-Str. 9,7601000920782,,1000,,,,,1000,hcp
ucb,Emile Mahitchi,Payerne,Schweiz,Rue de Guillermaux 8,7601000735898,,,168.13,331.4,,,499.53,hcp
ucb,En-Ling Leung Ki,Meyrin,Schweiz,Avenue Jean-Daniel Maillard 3,7601000771841,,,182.98,610.57,,,793.55,hcp
ucb,Fabienne Picard,Genève,Schweiz,Rue Gabrielle-Perret -Gentil 4,7601000388780,,,,,,153,153,hcp
ucb,Francois Ochsner,La Chaux-de-Fonds,Schweiz,Avenue Léopold-robert 66,7601000073051,,500,,,,,500,hcp
ucb,Frauke Forger,Bern,Schweiz,Freiburgstr. 18,7601000775092,,,577.12,294.06,2434.71,,3305.89,hcp
ucb,Gabriele Eglseer,Walen stadtberg,Schweiz,Chnoblisbüel 1,7601000219770,,,359.77,238.12,,,597.89,hcp
ucb,Gaelle Ory,Onex,Schweiz,Route de Loëx 3,7601000337740,,,526.98,880.44,,,1407.42,hcp
ucb,Gerhard Rogler,Zürich,Schweiz,Rämistr. 100,7601000763983,,,,,3745,,3745,hcp
ucb,Günter Krämer,Zürich,Schweiz,Theaterstr. 8,7601000208484,,,,,5219.91,,5219.91,hcp
ucb,Gil Guttmann,Lausanne,Schweiz,Avenue de la Gare 10,7601000018540,,,359.77,244.99,,,604.76,hcp
ucb,Hans Ulrich Wilhelm,Bad Ragaz,Schweiz,Hans Albrecht-Str.,7601003359978,,,424.41,348.07,1500,,2272.48,hcp
ucb,Hansruedi Gugg,Rickenbach b. Nil,Schweiz,Toggenburgerstr. 40,7601000236791,,,293.67,694.4,,,988.07,hcp
ucb,Heidemarie Gast,Bern,Schweiz,Freiburgstr. 18,7601000544377,,,,,1088.64,,1088.64,hcp
ucb,Jon Carnes,Bern,Schweiz,Seilerstr. 22,7601000220608,,,293.67,244.39,,,538.06,hcp
ucb,Jean-Michel Dayer,Genève,Schweiz,Rue Michel-Servet 1,7601000025463,,,,,3530,,3530,hcp
ucb,Jörg Weik,Amriswil,Schweiz,Bahnhofstr. 42,7601000765376,,,,1462.08,,,1462.08,hcp
ucb,Katja Heinimann,St. Gallen,Schweiz,Rorschacherstr. 95,7601003419085,,,676.58,1309.61,,,1986.19,hcp
ucb,Laszlo Morocz,Rapperswil SG,Schweiz,Alte Jonastr. 24,7601000616494,,,,40,,,40,hcp
ucb,Marc-André Schürch,Lausanne,Schweiz,Avenue de la Gare 10,7601000027290,,,359.77,244.99,,,604.76,hcp
ucb,Marco Caimi,Basel,Schweiz,Steinenvorstadt 11,7601000124135,,,,,3500,,3500,hcp
ucb,Marcos Ortega,Schlieren,Schweiz,Urdorferstr. 100,7601000729101,,,,647.48,,,647.48,hcp
ucb,Maria Ratzenböck,Chur,Schweiz,Gürtelstr. 46,7601000537324,,,33.8,,,,33.8,hcp
ucb,Mariam Seirafi,Genève,Schweiz,Chemin de Beau-Soleil 20,7601000648730,,,526.98,808.75,,,1335.73,hcp
ucb,Marie Couret,Epalinges,Schweiz,Route De La Corniche 1,7601000971906,,,210.04,603.28,,,813.32,hcp
ucb,Mauro Manconi,Lugano,Schweiz,Via Tesserete 46,7601000950703,,,,,1000,,1000,hcp
ucb,Mehdi Tafti,Lausanne,Schweiz,Université de Lausanne Bâtiment Genopode,,,,,,2501.06,1567.22,4068.28,hcp
ucb,Michael Nissen,Genève,Schweiz,Rue Gabrielle-Perret -Gentil 4,7601003874587,,,,539.05,,,539.05,hcp
ucb,Monica Rusticeanu,Basel,Schweiz,Petersgraben 4,7601003353877,,,526.98,645.03,,,1172.01,hcp
ucb,Nait Bajrami,Nil,Schweiz,St. Peterstr. 13,7601000888877,,,359.77,258.22,,,617.99,hcp
ucb,Nazim Reshiti,St. Gallen,Schweiz,Rorschacherstr. 95,7601003400625,,,64.64,99.9,,,164.54,hcp
ucb,Pamela Agazzi,Lugano,Schweiz,Via Tesserete 46,7601000859150,,,,,1000,,1000,hcp
ucb,Patric Kurmann,Neuchâtel,Schweiz,Rue Du Seyon 10,7601000623416,,,730.97,248.17,,,979.14,hcp
ucb,Patrick Ammann,Genève,Schweiz,Rue Gabrielle Perret-Gentil 4,7601000033543,,,,,3327.95,493.19,3821.14,hcp
ucb,Pierre-Yves Zaugg,Frauenfeld,Schweiz,Rheinstr. 23,7601000234339,,,503.87,168.97,,,672.84,hcp
ucb,Ramin Khatami,Aarau,Schweiz,Tellstr. 25,7601000766069,,,,,1630,972.15,2602.15,hcp
ucb,Raphael David Schreier,Bern,Schweiz,Freiburgstr. 18,7601003348040,,,,,,547.9,547.9,hcp
ucb,Raphael Micheroli,Zürich,Schweiz,Gloriastr. 25,7601003342185,,1230.4,,,,,1230.4,hcp
ucb,René Wullimann,Lugano,Schweiz,Via Besso 34,7601000013613,,,,291,,,291,hcp
ucb,Rositsa Neumann,Zürich,Schweiz,Frauenklinikstr. 26,7601000900760,,,,,1000,,1000,hcp
ucb,Rüdiger Müller,St. Gallen,Schweiz,Rorschacherstr. 95,7601003524314,,,,,1500,,1500,hcp
ucb,Sarah Marti,Zollikerberg,Schweiz,Trichtenhauserstr. 12,7601000601551,,,,1022.88,,,1022.88,hcp
ucb,Thomas Grunwald,Zürich,Schweiz,Bleulerstr. 60,7601000676917,,,,,1000,,1000,hcp
ucb,Thomas Mietzsch,Wetzikon ZH,Schweiz,Bahnhofstr. 137,7601000366979,,,64.64,99.9,,,164.54,hcp
ucb,Ursula Meierhofer,Zürich,Schweiz,Altstetterstr. 142,7601000242716,,,359.77,238.12,,,597.89,hcp
ucb,Valerie Zumsteg,Zollikerberg,Schweiz,Trichtenhauserstr. 12,7601000442215,,,,1055.88,,,1055.88,hcp
