company,name,location,country,address,uci,donations_grants,sponsorship,registration_fees,travel_accommodation,fees,related_expenses,total,type
vifor,360° Kinderwunsch Zentrum Zürich,Zollikon,Schweiz,Alte Landstr. 112,,,1000,,,,,1000,hco
vifor,ADVISIS AH / HUG Consulting,Bern,Schweiz,Effingerstr. 55,,,11232,,,,,11232,hco
vifor,Aerztenetz werks DOXnet,Neuenegg,Schweiz,Oeleweg 2,,,1000,,,,,1000,hco
vifor,Aerzteqesellschalt Gäu,Wolhusen,Schweiz,Spitalstr. 16 a,,,1000,,,,,1000,hco
vifor,AGZO Dübendorf,Hittnau,Schweiz,Jakob-Stutz-Str. 32,,,800,,,,,800,hco
vifor,Arbeitsgruppe für Kardiovaskuläre Pflege und Therapien,Zürich,Schweiz,Steinwiesstr. 75,,,500,,,,,500,hco
vifor,Ärztekongress Arosa,Arosa,Schweiz,Postfach 68,,,2527.2,,,,,2527.2,hco
vifor,Ärzteverein Thalwil,Thalwil,Schweiz,Zürcherstr. 61,,,2500,,,,,2500,hco
vifor,Ärztevereinigung Sensebezirk,Alterswil,Schweiz,Oberdorfstr. 6,,,924.5,,,,,924.5,hco
vifor,"Association ""Conférences de Pneumologie",Martigny,Schweiz,Rue des Morasses 4,,,2500,,,,,2500,hco
vifor,Association des Médecins de Familie Fribourg,Riaz,Schweiz,Impasse des Terreaux 4,,,2000,,,,,2000,hco
vifor,Association des médecins de l'Est du Canton de Vaud,Clarens,Schweiz,Avenue Vinet 11,,,1000,,,,,1000,hco
vifor,Association vaudoise des médecins de famille,Corseaux,Schweiz,Ch. de la Paix 13,,,5000,,,,,5000,hco
vifor,Associazione Medici internisti del Canton Ticino_AMlTI,Paradlso,Schweiz,Via G.-Guisan 10,,,1000,,,,,1000,hco
vifor,Associazione MMM Mendrisio Medical Meeting,Bedano,Schweiz,Via Belvedere 10,,,3000,,,,,3000,hco
vifor,Berner Fachhochschule,Bern,Schweiz,Murtenstr. 10,,,1080,,,,,1080,hco
vifor,BIHAM Berner Institut für Hausarztmedizin,Bern,Schweiz,Gesellschaftsstr. 49,,,475,,,,,475,hco
vifor,Bündner Oberländer Ärzteverein,Vella,Schweiz,,,,2500,,,,,2500,hco
vifor,Centre de Chimiothérapie Anti-Cancéreuse,Lausanne,Schweiz,Avenue d'Ouchy 35,,,2000,,,,,2000,hco
vifor,Centre de dialyse Cecil,Lausanne,Schweiz,Avenue Louis-Ruchonnet 57,,,1500,,,,,1500,hco
vifor,Centre Hospitalier Universitaire Vaudois,Lausanne,Schweiz,Rue du Buqnon 21,,,10860,,,2500,436,13796,hco
vifor,Centre Hospitalier Universitaire Vaudois,Lausanne,Schweiz,Rue du Bugnon 21,,,10006,,,3000,27.2,13033.2,hco
vifor,Centre Hospitalier Universitaire Vaudois,Lausanne,Schweiz,Rue du Bugnon 21,,,16080,,,,,16080,hco
vifor,Centre Hospitalier Universitaire Vaudois,Lausanne,Schweiz,Rue Du Buqnon 46,,10000,,438.18,944.53,,,11382.71,hco
vifor,Centre Hospitalier Universitaire Vaudois,Lausanne,Schweiz,Rue du Buqnon 21,,,3240,483.46,959.7,,,4683.16,hco
vifor,Centre Hospitalier Universitaire Vaudois,Lausanne,Schweiz,Rue du Bugnon 21,,15000,,,,1500,,16500,hco
vifor,Centre Hospitalier Universitaire Vaudois,Lausanne,Schweiz,Rue du Bugnon 21,,,5000,,,,,5000,hco
vifor,Centre Hospitalier Universitaire Vaudois,Lausanne,Schweiz,Rue du Bugnon 21,,,,,,1050,,1050,hco
vifor,Centre Leenaards de la mémoire,Lausanne,Schweiz,Mont-Paisible 16,,,,,,1000,,1000,hco
vifor,Centre médical de la Côte,Corcelles,Schweiz,Rue du Petit Berne 14,,,1000,,,,,1000,hco
vifor,Centre Médico-Chirurgical de la Broye SA,Payerne,Schweiz,Rue Guillermaux 8 Case postale 108,,,2000,,,,,2000,hco
vifor,Centre Neuchâtelois de Psychiatrie,Marin,Schweiz,,,,3000,,,,,3000,hco
vifor,cf-physio. ch,Bern,Schweiz,Scheuermattweq 21,,,2000,,,,,2000,hco
vifor,Churer Ärzteverein,Chur,Schweiz,Albulastrasse37,,,1000,,,,,1000,hco
vifor,CIVICO,Lugano,Schweiz,Via Tesserete 46,,,1728,,,,,1728,hco
vifor,Conqrès Médical QUADRIMED,Crans-Montana,Schweiz,Case postale 299,,,9100,,,,,9100,hco
vifor,CSSC - Centre de Soins et de Sante Communautaire,Ste-Croix,Schweiz,Rue des Rosiers 29,,,2000,,,,,2000,hco
vifor,Ente Ospedaliero Cantonale,Bellinzona,Schweiz,Via Lugano 4b,,,9600,,,,,9600,hco
vifor,Etabl. Hosp. Multisite cantonal,Neuchâtel,Schweiz,Maladière 45,,,700,,,,,700,hco
vifor,Felix Platter-Spital,Basel,Schweiz,Postfach Burgfelderstr. 101,,,,,,2000,,2000,hco
vifor,Fondation Centre de Chimiothérapie Anti-Cancéreuse,Lausanne,Schweiz,Avenue de Vinet 19 bis,,,1000,,,,,1000,hco
vifor,Fondation de Nant,Corsier-sur-Vevey,Schweiz,Route De Nant,,,,,,1600,,1600,hco
vifor,Fondation pour la connaissance des plantes médicinales,Leysin,Schweiz,Place Large,,,3000,,,,,3000,hco
vifor,Fondazione Cardiocentro Ticino,Lugano,Schweiz,Via Tesserete 48,,,750,,,,,750,hco
vifor,Fondazione Epatocentro Ticino,Lugano,Schweiz,Via Soldino 5,,,4000,,,,,4000,hco
vifor,Fondazione Oncologia Lago Maggiore,Locarno,Schweiz,Via Ciseri 19,,,1500,,,,,1500,hco
vifor,Fonds de recherche en nutrition,Vevey,Schweiz,Route de St. Légier 11,,,3380,,,,,3380,hco
vifor,Gastroenterologie Oberaargau,Langenthal,Schweiz,Seilereistr. 1,,,1000,,,,,1000,hco
vifor,Gastroenterologie St. Anna Endoskopienzentrum,Luzern,Schweiz,St. Annastr. 32,,,2000,,,,,2000,hco
vifor,Gastroenterologische Praxis Balsiger,Bern,Schweiz,Bremgartenstr. 119,,,1534,,,,,1534,hco
vifor,Gemeinschaftspraxis Magendarm Bern-Fribourg,Bern,Schweiz,Bremgartenstr. 119,,,1800,,,,,1800,hco
vifor,Groupement Vaudois des Gynécologues,Lausanne,Schweiz,Rue de la Vigie 5,,,2000,,,,,2000,hco
vifor,Grundversorger-Vereins Baden,Würenlos,Schweiz,Juchstr. 15,,,1600,,,,,1600,hco
vifor,gynécologie suisse SGGG,Bern,Schweiz,Altenbergstr. 29 Postfach 686,,,25768.8,,,,,25768.8,hco
vifor,GZO AG,Wetzikon,Schweiz,Spitalstr. 66,,,2000,,,,,2000,hco
vifor,HIB - Hôpital Intercantonal de la Broye,Estavayer-Ie-Lac,Schweiz,Rue de la Rochette,,,2000,,,,,2000,hco
vifor,Hirslanden,Zürich,Schweiz,Seestr. 220,,,540,,,,,540,hco
vifor,Hnhcp,Winterthur,Schweiz,Postfach 98 Espenstr. 33,,,1000,,,,,1000,hco
vifor,Hôpital du Valais,Sion,Schweiz,Avenue Grand-Champsec 86,,,2592,,,,,2592,hco
vifor,Hôpital du Valais,Sion,Schweiz,Avenue Grand-Champsec 86,,,2160,,,,,2160,hco
vifor,Hôpital du Valais,Sion,Schweiz,Avenue Grand-Champsec 86,,,1620,,,,,1620,hco
vifor,HUG Hôpitaux Universitaires Genève,Chêne-Bourg,Schweiz,Chemin du Petit-Bel-Air 2,,,15000,,,1000,,16000,hco
vifor,"HUG - Hôpitaux Universitaires Genève, Département de Santé Mentale & Psychiatrie",Genève,Schweiz,70 C Rue Grand-Pré,,,1080,,,,,1080,hco
vifor,"HUG - Hôpitaux Universitaires Genève, Service de Gastroentérologie et Hépatologie",Genève,Schweiz,Rue Gabrielle-Perret-Gentil 4,,,5536,,,,,5536,hco
vifor,"HUG - Hôpitaux Universitaires Genève, Soins en oncologie",Genève,Schweiz,,,,1620,,,,,1620,hco
vifor,Hypertension Research Foundation,St. Gallen,Schweiz,Derrey le Motty 8,,,5000,,,,,5000,hco
vifor,IBDnet,Zürich,Schweiz,,,,33500,,,,,33500,hco
vifor,IG-Nephrologie Krankenpflege der deutschen Schweiz,Steinmaur,Schweiz,Frohbergstr. 16,,,500,,,,,500,hco
vifor,Inselspital,Bern,Schweiz,Freiburgstr. 18,,,5240,,,,,5240,hco
vifor,Inselspital,Bern,Schweiz,Freiburgstr. 18,,,2500,,,,,2500,hco
vifor,Inselspital,Bern,Schweiz,Freiburgstr. 18,,,,,,5727.08,14632.36,20359.44,hco
vifor,Inselspital,Bern,Schweiz,Freiburgstr. 18,,,3000,108.54,332.92,,,3441.46,hco
vifor,Inselspital,Bern,Schweiz,Freiburgstr. 18,,,,483.46,1442.45,,,1925.91,hco
vifor,Inselspital,Bern,Schweiz,Freiburgstr. 18,,12960,11140,,,3200,,27300,hco
vifor,Inselspital,Bern,Schweiz,Freiburgstr. 18,,,4320,,,,,4320,hco
vifor,Inselspital-Stiftung,Bern,Schweiz,Freiburgstr. 18,,,6400,,,,,6400,hco
vifor,Institut Clinique de Nuerosciences,Genève,Schweiz,Rue de la Terrassière 58,,,500,,,,,500,hco
vifor,IPW- Psychiatrie-Zentrum Hard,Embrach,Schweiz,Römerweg 51,,,2000,,,,,2000,hco
vifor,Istdp,Bern,Schweiz,Sulgeneckstr. 38,,,1500,,,,,1500,hco
vifor,Journées de Gériatrie de Chaumont,Les Brenets,Schweiz,,,,6500,,,,,6500,hco
vifor,Kantonsspital Baden,Baden,Schweiz,Im Ergel 1,,,1000,,,,,1000,hco
vifor,Kantonsspital Aarau AG,Aarau,Schweiz,Tellstr. 25,,,2268,,,,,2268,hco
vifor,Kantonsspital Baselland,Laufen,Schweiz,Lochbruggstr. 39,,,1000,,,,,1000,hco
vifor,Kantonsspital Baselland,Liestal,Schweiz,Mühlemattstr. 26,,,,,,800,,800,hco
vifor,Kantonsspital Glarus,Glarus,Schweiz,Burgstr. 99,,,500,,,,,500,hco
vifor,Kantonsspital St. Gallen,St. Gallen,Schweiz,Rorschacherstr. 95,,20000,3240,,,,,23240,hco
vifor,Kantonsspital St. Gallen,St. Gallen,Schweiz,Rorschacherstr. 95,,,1080,,,,,1080,hco
vifor,Kantonsspital St. Gallen,St. Gallen,Schweiz,Rorschacherstr. 95,,,3984,,279.87,,,4263.87,hco
vifor,Kantonsspital St. Gallen,St. Gallen,Schweiz,Rorschacherstr. 95,,,3240,,,,,3240,hco
vifor,Kantonsspital Winterthur,Winterthur,Schweiz,Brauerstr. 15,,,1000,,,,,1000,hco
vifor,Kantonsspital Winterthur,Winterthur,Schweiz,Brauerstr. 15,,,2500,,,,,2500,hco
vifor,Klinik Barmelweid AG,Barmelweid,Schweiz,,,7500,,,,,,7500,hco
vifor,Klinik Meissenberq AG,Zug,Schweiz,Meisenbergstr. 17,,,2700,,,,,2700,hco
vifor,Klinik St. Urban LUPS,St. Urban,Schweiz,Schafmattstr. 1,,,1000,,,,,1000,hco
vifor,Kollegium für Hausartzmedizin,Fribourg,Schweiz,Postfach,,,5400,,,,,5400,hco
vifor,Ligue Pulmonaire Neuchâteloise,Peseux,Schweiz,Rue de la Gare 4,,,1800,,,,,1800,hco
vifor,Luzerner Kantonsspital,Luzern,Schweiz,Spitalstr.,,,3000,,,,,3000,hco
vifor,Luzerner Kantonsspital,Luzern,Schweiz,Spitalstr.,,,1500,,,,,1500,hco
vifor,medArt basel '16,Basel,Schweiz,Peter Merian-Str. 80,,,5400,,,,,5400,hco
vifor,Médecins de Famille Genève,Genève,Schweiz,Rue Conseil Général 11,,,2000,,,,,2000,hco
vifor,Medizin Spital Zweisimmen,Zweisimmen,Schweiz,Karl-Haueterstr. 21,,,4000,,,,,4000,hco
vifor,Office SGORL,Basel,Schweiz,Münsterberg 1,,,29808,,,,,29808,hco
vifor,Onkologiepflege Schweiz,Kleinandelfingen,Schweiz,Hirstigstr. 13,,,18750,,,,,18750,hco
vifor,Organizzazione Sociopsichiatrica Cantonale,Mendrisio,Schweiz,Agostino Maspoli 6,,,1500,,,,,1500,hco
vifor,PDAG - Pyschiatrische Dienste Aargau AG,Brugg AG,Schweiz,Postfach 432,,,2000,,,,,2000,hco
vifor,PizolCare AG,Mels,Schweiz,Flurstr. 12,,,5400,,,,,5400,hco
vifor,PMU Policlinique Médicale,Lausanne,Schweiz,Rue du Bugnon 44,,,6480,,,,,6480,hco
vifor,Praxis Dr. Ulrich Karli,Lenzburg,Schweiz,Niederlenzer Kirchweq 3,,,1000,,,,,1000,hco
vifor,Praxis Villiger & DiaMon AG,Baden,Schweiz,Mellingerstr. 207,,,850,,,,,850,hco
vifor,Praxisklinik Binningen,Binningen,Schweiz,Hauptstr. 11,,,3500,,,,,3500,hco
vifor,Privat Klinik Bethanien,Zürich,Schweiz,Toblerstr. 51,,,1000,,,,,1000,hco
vifor,Privatklinik Hohenegg,Meilen,Schweiz,Hohenegg 1,,,,,,3400,,3400,hco
vifor,Psychiatrie & Psychotherapie Pizol,Bad Ragaz,Schweiz,Flächerstr. 37,,,1500,,,,,1500,hco
vifor,Psychiatrie Baselland,Liestal,Schweiz,Bienentalstr. 7,,,2000,,,,,2000,hco
vifor,Psychiatriezentrum Münsingen,Münsingen,Schweiz,Hunzigenstr. 1,,,1500,,,,,1500,hco
vifor,Psychiatrische Dienste Aargau AG,Brugg AG,Schweiz,Postfach 432,,,1500,,,,,1500,hco
vifor,Psychiatrische Dienste Thurgau,Münsterlingen,Schweiz,Seeblickstr. 3,,,1080,,,,,1080,hco
vifor,Psychiatrische Universitätsklinik Zürich,Zürich,Schweiz,Lenggstr. 31,,,1080,,,,,1080,hco
vifor,Qualitatszirkel Lenzburg,Lenzburg,Schweiz,Aavorstadt 40,,,800,,,,,800,hco
vifor,Remed,Genève,Schweiz,Conseil Général 11,,,2000,,,,,2000,hco
vifor,Revue Médicale Suisse,Chêne-Bourg,Schweiz,Chemin de la Mousse 46,,,10000,,,,,10000,hco
vifor,SAKK Koordinationszentrum,Bern,Schweiz,Effingerstr. 33,,,3240,,,,,3240,hco
vifor,SAKK Koordinationszentrum,Bern,Schweiz,Effingerstr. 40,,,,,,5400,,5400,hco
vifor,Salveo Pharmacies Indépendantes,Veyrier,Schweiz,Case postale 256,,,4860,,,,,4860,hco
vifor,SAMM (Schweizerische Aerztegesellschaft für Manuelle Medizin),St. Gallen,Schweiz,Kolumbanstr. 2,,,2754,,,,,2754,hco
vifor,Sanatorium Kilchberg AG,Kilchberg ZH,Schweiz,Alte Landstr. 70,,,864,,,,,864,hco
vifor,Schweiz. Arbeitsgemeinschaft für Gesundheitsökonomie,Oensingen,Schweiz,Schachenstr. 21,,,3000,,,,,3000,hco
vifor,Schweiz. Gesellschaft für Nephrologie,Worb,Schweiz,Postfach 567,,,23241.6,,,,,23241.6,hco
vifor,Schweizerische Fachgesellschaft ADHS,Schneisingen,Schweiz,Guggimoos 3,,,1500,,,,,1500,hco
vifor,Schweizerische Gesellschaft für Cystische Fibrose,Bern,Schweiz,Altenbergstr. 29 Postfach 686,,,16365,,,,,16365,hco
vifor,Schweizerische Gesellschaft für Gastrenterologie SGG,Bern,Schweiz,Wattenwylweg 21,,,2500,,,,,2500,hco
vifor,Schweizerische Gesellschaft für Kardiologie,Bern,Schweiz,Schwarztorstr. 18,,,3304.8,,,,,3304.8,hco
vifor,Schweizerische Gesellschaft für Neonatologie,Cheseaux-Lausanne,Schweiz,Postfach 100,,,3000,,,,,3000,hco
vifor,Schweizerische Gesellschaft für Oto-Rhino-Laryngologie,Basel,Schweiz,Münsterberg 1,,,29505.6,,,,,29505.6,hco
vifor,Schweizerische Gesellschaft für Pädiatrie SGP,Fribourg,Schweiz,Rue de l'Hôpital 15,,,21708,,,,,21708,hco
vifor,Schweizerische Gesellschaft für Pneumologie,Bern,Schweiz,Schwarztorstr. 18,,,6609,,,,,6609,hco
vifor,Schweizerische Gynäkologische Chefärztekonferenz,Cottens,Schweiz,Route de Belmont 60,,,1000,,,,,1000,hco
vifor,Schweizerische Medizinische Gesellschaft für Phytotherapie SMGP,Wädenswil,Schweiz,"Grüental, Postfach",,,2484,,,,,2484,hco
vifor,Schweizerische Nierenstiftung,Worb b. Bern,Schweiz,Postfach 754,,,500,,,,,500,hco
vifor,Schweizerischer Hebammenverband,Bern,Schweiz,Rosenweg 25c,,,2462.4,,,,,2462.4,hco
vifor,Schweizerischer Verband für Komplementärmedizinische Heilmittel SVKH,Bern,Schweiz,Amthausgasse 18,,,9695.7,,,,,9695.7,hco
vifor,Schweizerischer Verband Medizinischer Praxisassistentinnen,Aadorf,Schweiz,Sektion Thurgau,,,1000,,,,,1000,hco
vifor,Schweizerischer Verband Medizinischer Praxisassistentinnen,Bern,Schweiz,"Monbijoustr. 35, P",,,2592,,,,,2592,hco
vifor,Schweizerischer Verband Medizinischer PraxisAssistentinnen SVA,Bern,Schweiz,Monbijou Str. 35/PF,,,5000,,,,,5000,hco
vifor,Secrétariat du GRSSGO,Cheseaux-sur-Lausanne,Schweiz,Rue des Pâquis 1,,,20225.8,,,,,20225.8,hco
vifor,Seno Brustzentrum,Gossau,Schweiz,ndustriestr. 37,,,1404,,,,,1404,hco
vifor,SfwF am Stadtpitai Triemli,Zürich,Schweiz,Birmensdorferstr. 501,,,1000,,,,,1000,hco
vifor,SfwF am Stadtpitai Triemli,Zürich,Schweiz,Birmensdorferstr. 497,,,,,,2500,,2500,hco
vifor,SfwF am Stadtpitai Triemli,Zürich,Schweiz,Birmensdorferstr. 497,,,1500,,,,,1500,hco
vifor,SfwF am Stadtpitai Triemli,Zürich,Schweiz,Birmensdorferstr. 497,,,2500,,,,,2500,hco
vifor,SGAD - Schweizerische Gesellschaft für Angst & Depression,Zürich,Schweiz,Ringstr. 70,,,40000,,,,,40000,hco
vifor,SGAIM - Schweizerische Gesellschaft für Allgemeine Innere Medizin,Bern,Schweiz,Monbijoustr. 43,,,8467.2,,,,,8467.2,hco
vifor,SGAMSP-SSPVP Schweizerische Gesellschaft für Arzneimittelsicherheit in der Psychiatrie,Zürich,Schweiz,Stadelhofstr. 4 2,,,1000,,,,,1000,hco
vifor,Sgh-Ssh,Münsingen,Schweiz,Postfach,,,2500,,,,,2500,hco
vifor,SGPGHE Schweizerische Gesellschaft für Pädiatrische Gastroenerologie,St. Gallen,Schweiz,Claudiusstr. 6,,,1500,,,,,1500,hco
vifor,SGPP Schweizerische Gesellschaft für Psychiatrie und Psychotherapie,Bern,Schweiz,Postfach 696,,,40770,,,,,40770,hco
vifor,"SGZ, c/o UniversitätsSpital Zürich",Zürich,Schweiz,Culmannstr. 8,,,2000,,,,,2000,hco
vifor,Swiss Institute for New Concepts and Treatments SINCT,Richterswi,Schweiz,Dorfbachstr. 22,,,1500,,,,,1500,hco
vifor,SMGP,Wädenswil,Schweiz,Postfach 335,,,1000,,,,,1000,hco
vifor,Smgp / Sspm,Schaffhausen,Schweiz,Mühlenstr. 21,,,7700,,,,,7700,hco
vifor,Societa Svizzera di Psichiatria Sociale SSPS,Mendrisio,Schweiz,Via Pasta 3a,,,750,,,,,750,hco
vifor,Societa Ticinese di Psichiatria e Psicoterapia,Coldrerio,Schweiz,Via Campognola 112,,,1500,,,,,1500,hco
vifor,Société Neuchâteloise de Médecine,Hauterive,Schweiz,LesTheyers 2,,,2500,,,,,2500,hco
vifor,Société Suisse de Psychiatrie Biologique,Genève,Schweiz,20 bis rue de Lausanne,,,1500,,,,,1500,hco
vifor,Société Suisse de Psycho-Oncologie / Schweizerische Gesellschaft für Psychoonkologie,Bern,Schweiz,Postfach,,,1500,,,,,1500,hco
vifor,Solothurner Spitäler AG,Solothurn,Schweiz,Schlössliweg 2-6,,,2484,,,,,2484,hco
vifor,Solothurner Spitäler AG,Solothurn,Schweiz,Weissensteinstr. 102,,,2500,,,,,2500,hco
vifor,Spital Thurgau AG,Frauenfeld,Schweiz,Postfach,,,1080,,,5400,,6480,hco
vifor,Spital Thurgau AG,Frauenfeld,Schweiz,Postfach,,,1080,,,,,1080,hco
vifor,Spitalregion Fürstenland Toggenburg SRFT,Will,Schweiz,Fürstenlandstr. 32,,,2500,,,,,2500,hco
vifor,Spitalverbund Appenzell Ausserrhoden,Herisau,Schweiz,Krombach 3,,,1080,,,,,1080,hco
vifor,"SPOG, Schw. Pädiatrische Onkologie Gruppe",Bern,Schweiz,Effingerstr. 40,,,1500,,,,,1500,hco
vifor,Sro Ag,Langenthal,Schweiz,St. Urbanstr. 67,,,1000,,,,,1000,hco
vifor,SSRR - Société Suisse romande de Rhinologie,Bienne,Schweiz,Silbergasse 7,,,1000,,,,,1000,hco
vifor,St. Claraspital AG,Basel,Schweiz,Kleinriehenstr. 30,,,2000,,,,,2000,hco
vifor,Stiftung für die Forschung in der Gastroenterologie und Hepatologie,Zürich,Schweiz,Rämistr. 100,,,4000,,,,,4000,hco
vifor,Stiftung für die Forschung in der Gastroenteropiogie und Hepatologie,Zürich,Schweiz,Rämistr. 100,,,4000,,,,,4000,hco
vifor,Stiftung Rheinleben,Basel,Schweiz,Clarastr. 6,,,2500,,,,,2500,hco
vifor,Stiftung SONK St. Gallen Oncology Conferences,St. Gallen,Schweiz,Rorschacher Str. 150,,,4273.25,,,,,4273.25,hco
vifor,Stiftung zur Förderung der Medizin im Engadin,Scuol,Schweiz,Bogn Engiadina,,,7500,,,,,7500,hco
vifor,SVA-MPA,Oberuzwil,Schweiz,Morgenwies 4 b,,,600,,,,,600,hco
vifor,SVA-Sektion ZH/GL,Embrach,Schweiz,Im Grund 11,,,1700,,,,,1700,hco
vifor,Swiss Group for Clinical Cancer Research,Bern,Schweiz,Effingerstr. 33,,,3240,,,,,3240,hco
vifor,Swiss Institute for New Concepts and Treatments SINCT,Richterswil,Schweiz,Dorfbachstr. 22,,,2500,,,,,2500,hco
vifor,Swiss Society for Neuroscience,Lausanne,Schweiz,Geopolis,,,2000,,,,,2000,hco
vifor,Swiss Society for Urology,Basel,Schweiz,Münsterberg 1,,,3499.2,,,,,3499.2,hco
vifor,Swiss Society of Neonatology,Cheseaux-sur-Lausanne,Schweiz,P. O. box 100,,,6000,,,,,6000,hco
vifor,SwissFamilyDocs,Steinhausen,Schweiz,Sennweidstr. 46,,,31125.6,,,,,31125.6,hco
vifor,Translational Medicine Academy,Basel,Schweiz,Kanonengasse 28,,21816.67,,,,,,21816.67,hco
vifor,UKBB Universitäts-Kinderspital beider Basel,Basel,Schweiz,Spitalstr. 33 Postfach,,,2000,,,,,2000,hco
vifor,Universitäre Psychiatrische Dienste Bern,Bern,Schweiz,Bolligenstr. 111,,,2800,,,,,2800,hco
vifor,Universität Basel,Basel,Schweiz,Klingelbergstr. 50,,,500,,,,,500,hco
vifor,Universität Bern,Bern,Schweiz,Hochschulstr. 6,,,1000,,,,,1000,hco
vifor,Universitätsspital Basel,Basel,Schweiz,Spitalstr. 21,,,5000,,,1500,,6500,hco
vifor,Universitätsspital Basel,Basel,Schweiz,Petersgraben 4,,,3000,,,,,3000,hco
vifor,Universitätsspital Basel,Basel,Schweiz,Spitalstr. 21,,,3823.2,,,,,3823.2,hco
vifor,Universitätsspital Basel,Basel,Schweiz,Petersgraben 4,,,2000,,,,,2000,hco
vifor,Universitätsspital Basel,Basel,Schweiz,Petersgraben 4,,,2160,,,,,2160,hco
vifor,UniversitätsSpital Zürich,Zürich,Schweiz,Rämistr. 100,,,,784.8,2104.5,,,2889.3,hco
vifor,UniversitätsSpital Zürich,Zürich,Schweiz,Winterthurerstr. 190,,,2074.05,,,,,2074.05,hco
vifor,UniversitätsSpital Zürich,Zürich,Schweiz,Frauenklinikstr. 10,,,1080,,,,,1080,hco
vifor,UniversitätsSpital Zürich,Zürich,Schweiz,Frauenklinikstr. 10,,,2160,,,,,2160,hco
vifor,UniversitätsSpital Zürich,Zürich,Schweiz,Rämistr. 100,,,4800,,,,,4800,hco
vifor,UniversitätsSpital Zürich,Zürich,Schweiz,Rämistr. 100,,,2000,,,,,2000,hco
vifor,UniversitätsSpital Zürich,Zürich,Schweiz,Culmannstr. 8,,,3240,,,,,3240,hco
vifor,UniversitätsSpital Zürich,Zürich,Schweiz,Frauenklinikstr. 10,,,3240,,,,,3240,hco
vifor,UniversitätsSpital Zürich,Zürich,Schweiz,Rämistr. 100,,,14580,,,,,14580,hco
vifor,UniversitätsSpital Zürich,Zürich,Schweiz,Frauenklinikstr. 10,,,1000,,,,,1000,hco
vifor,Université de Genève,Genève,Schweiz,20 bis rue de Lausanne,,,5000,,,,,5000,hco
vifor,Verein Berner Haus.- und Kinderärztinnen VBKH,Bern,Schweiz,Effingerstr. 2,,,475,,,,,475,hco
vifor,Verein Gastroenterologie Zürich,Zürich,Schweiz,Seestr. 90,,,2000,,,,,2000,hco
vifor,Verein Gastroenterologie Zürich,Zürich,Schweiz,Seestr. 90,,,2500,,,,,2500,hco
vifor,Verein Lunge Zürich,Zürich,Schweiz,Pfingstweidstr. 10,,,12830.4,,,,,12830.4,hco
vifor,Vereinigung der Zürcher Internisten,Zollikon,Schweiz,VZI Symposium,,,4104,,,,,4104,hco
vifor,Vorstand SVA Graubünden,Chur,Schweiz,Eichenweg 1,,,1000,,,,,1000,hco
vifor,Wiler Symposium SRFT,Bronschhofen,Schweiz,Eggwilstr. 16b,,,2160,,,,,2160,hco
vifor,Women's health,Cheseaux-sur-Lausanne,Schweiz,Rue des Pâquis 1,,,3000,,,,,3000,hco
vifor,Zurich Heart House,Zürich,Schweiz,Moussonstr. 4 P. O. Box,,,3780,,,,,3780,hco
vifor,Adila Basic,Dübendorf,Schweiz,"Praxis Dr. Basic Adila, Bettlistr. 35",,,,,287.1,,,287.1,hcp
vifor,Adrian Suter,Meilen,Schweiz,"Privatklinik Hohenegg, Hohenegg 1",,,,565.98,725.51,,,1291.49,hcp
vifor,Adriano Aguzzi,Zürich,Schweiz,"USZ, Bellariastr. 15",,,,,,,1000,1000,hcp
vifor,Adrien Croquelois,Montreux,Schweiz,"Clinique Suisse Montreux SA, Grand-rue 3",,,,,,800,,800,hcp
vifor,Alain Bitton,Genève,Schweiz,Cabinet Dr Bitton Alain Route de Florissant 95,,,,,,1000,,1000,hcp
vifor,Alexander Braun,Langenthal,Schweiz,"SRO AG Spital Langenthal, Sankt Urbanstr. 67",,,,,152.94,,,152.94,hcp
vifor,Alexander Kiss,Basel,Schweiz,"Universitätsspital Basel, Hebelstr. 2",,,,,,800,,800,hcp
vifor,Alexander Minzer,Rothrist,Schweiz,"Praxis Dr. Minzer Alexander, Breitenstr. 15",,,,,,4500,,4500,hcp
vifor,Alice Wälder,Zürich,Schweiz,"Praxis Dr. Walder-Utz Alice, Florastr. 1",,,,,,3000,382.7,3382.7,hcp
vifor,Andé Herminjard,La Tour-de-Peilz,Schweiz,"Cabinet Dr Herminjard André, Avenue de Tramenaz 51",,,,,,800,,800,hcp
vifor,André Bergerhoff,Visp,Schweiz,Spitalzentrum Oberwallis Pflanzettastr. 8,,,,,,400,,400,hcp
vifor,André Roten,Thun,Schweiz,"Praxis Dr. Roten André, Mittlere Str. 3",,,,,93.48,,,93.48,hcp
vifor,André Thurneysen,Avenches,Schweiz,"Cabinet Dr Thurneysen André, Rue Centrale 19",,,,,,3500,,3500,hcp
vifor,Andrea Karin Meienberg-Gebhard,Basel,Schweiz,"Universitätsspital Basel, Petersgraben 4",,,,,,4800,71,4871,hcp
vifor,Andrea Scatizza,Lugano,Schweiz,Via Pretorio 5,,,1500,,,,,1500,hcp
vifor,Andreas Benjamin Stulz,Luzern,Schweiz,"Luzerner Kantonsspital, Spitalstr. 31",,,,,296.67,,,296.67,hcp
vifor,Andreas Brauchlin,Zürich,Schweiz,"Universitätsspital Zürich, Rämistr. 100",,,,292.12,877.7,,,1169.82,hcp
vifor,Andreas Dällenbach,Basel,Schweiz,"Praxis Dr. Dällenbach Andreas, Weisse Gasse 3",,,,,168.4,,,168.4,hcp
vifor,Andreas Hammer,St. Gallen,Schweiz,"Rotmonten - Praxis, Guisanstr. 55",,,,525.32,1410.02,,,1935.34,hcp
vifor,Andreas Monsch,Basel,Schweiz,"Memory Clinic, Burgfelderstr. 101",,,,,,2800,,2800,hcp
vifor,Andreas Schapowal,Landquart,Schweiz,"Praxis Dr. Schapowal Andreas, Hochwangstr. 3",,,,,,2400,351.89,2751.89,hcp
vifor,Andreas Scherr,Luzern,Schweiz,"Löwenpraxis, Zürichstr. 12",,,,622.22,1133.58,,,1755.8,hcp
vifor,Andreas Zoltan Nagy,Winterthur,Schweiz,"Kantonsspital Winterthur, Brauerstr. 15",,,,,152.94,,,152.94,hcp
vifor,Andrés Alvaro Uzeda,Zürich,Schweiz,"Praxis Dr. Uzeda Andrés Alvaro, Theaterstr. 18",,,,,,800,,800,hcp
vifor,Angela Gabele,Zürich,Schweiz,"Kinderspital Zürich, Steinwiesstr. 75",,,,115.78,472.42,,,588.2,hcp
vifor,Angélique Sponholz Schudel,Zürich,Schweiz,"GastroZentrum Hirslanden, Witellikerstr. 40",,,,292.12,584.51,,,876.63,hcp
vifor,Anita Riecher-Rössler,Basel,Schweiz,"Universitäre Psych. Kliniken UPK, Kornhausgasse 7",,,,,,800,,800,hcp
vifor,Anne Angelillo-Scherrer,Bern,Schweiz,"Inselspital, Freiburgstr. 18",,,,,,2000,,2000,hcp
vifor,Annett Rake,Zürich,Schweiz,"Praxis Dr. Rake Annett, Schaffhauserstr. 18",,,,,,800,,800,hcp
vifor,Annique Natalie Roggen,Luzern,Schweiz,"Luzerner Kantonsspital, Spitalstr. 31",,,,103.85,1654.5,,,1758.35,hcp
vifor,Annkathrin Pöpel,Kilchberg ZH,Schweiz,"Sanatorium Kilchberg AG, Alte Landstr. 70",,,,,287.1,,,287.1,hcp
vifor,Antonio Leone,Winterthur,Schweiz,"Kantonsspital Winterthur, Brauerstr. 15",,,,103.85,1568.2,,,1672.05,hcp
vifor,Arie Keter,Zürich,Schweiz,"Praxis Dr. Keter Arie, Universitätstr. 80",,,,,287.1,,,287.1,hcp
vifor,Aurélie Sansonnens,Solothurn,Schweiz,"Solothurner Spitäler AG soH, Schöngrünstr. 42",,,,296.68,920.9,,,1217.58,hcp
vifor,Axel Baumann,Chur,Schweiz,"Klinik Waldhaus, Loestr. 220",,,,565.98,725.51,,,1291.49,hcp
vifor,Barbara Annen,Olten,Schweiz,"Psychiatrisches Ambulatorium, Baslerstr. 150",,,,,220.75,,,220.75,hcp
vifor,Barbara Dora,St. Gallen,Schweiz,"Kantonsspital St. Gallen, Rorschacherstr. 95",,,,,406.41,,,406.41,hcp
vifor,Baya-Laure Pégard,Neuchâtel,Schweiz,"Cabinet Dr Pégard Baya-Laure, Avenue du 1 er Mars 24",,,,565.98,790.2,,,1356.18,hcp
vifor,Beat Gysi,Reinach BL,Schweiz,"Praxis Dr. Gysi Beat, Hauptstr. 52",,,,343.24,1196.45,,,1539.69,hcp
vifor,Benjamin Misselwitz,Zürich,Schweiz,"Universitätsspital Zürich, Rämistr. 100",,,,,482.4,,,482.4,hcp
vifor,Bernd Altenhofen,Zürich,Schweiz,"Praxis für Seelische Gesundheit, Klosbachstr. 105",,,,,287.1,,,287.1,hcp
vifor,Bernhard Hochreutener,Feldmeilen,Schweiz,"Gastropraxis am See, General-Wille-Str. 59",,,,525.82,1464.79,,,1990.61,hcp
vifor,Brindusa Lavinia Diaconu,Bern,Schweiz,"Inselspital, Freiburgstr. 18",,,,,84.2,,,84.2,hcp
vifor,Bruce Weder,Zürich,Schweiz,Sternwartstr. 14,,,,,168.4,,,168.4,hcp
vifor,Bruno Balsiger,Bern,Schweiz,"Lindenhofspital, Bremgartenstr. 119",,,,221.1,1053.51,,,1274.61,hcp
vifor,Bruno Jürg Studer,Zürich,Schweiz,"Praxis Dr. Studer Bruno Jürg, Schulhausstr. 5",,,,,,800,,800,hcp
vifor,Carlos Gonzales Hofmann,Romanshorn,Schweiz,"Praxis Dr. Gonzalez Hofmann, Friedrichshafnerstr. 55a",,,,,287.1,,,287.1,hcp
vifor,Caroline Christianne Eggemann,Biel/Bienne,Schweiz,"Spitalzentrum Biel AG, Vogelsang 84",,,,262.91,681.62,,,944.53,hcp
vifor,Caroline Eith,Wädenswil,Schweiz,Burgneimstr. 1,,,,,,800,,800,hcp
vifor,Céline Schumann,Jongny,Schweiz,Ch. de Reule 2,,,,,,800,,800,hcp
vifor,Chloé Hegoburu,Prilly-Lausanne,Schweiz,Site de Cery,,,,,,1600,,1600,hcp
vifor,Christian Breymann,Zürich,Schweiz,"GGS - Gynäkologie & Geburtshilfe Seefeld, Seefeldstr. 214",,,,,,9817.5,12953.99,22771.49,hcp
vifor,Christian Casanova,Scuol,Schweiz,"Praxis Bogn Engiadina, Via Dais Bogns 323",,,,,332.41,,,332.41,hcp
vifor,Christian Clarenbach,Zürich,Schweiz,"Universitätsspital Zürich, Rämistr. 100",,,,,,800,,800,hcp
vifor,Christian Horvath,Bern,Schweiz,"Spital Bern-Tiefenau, Tiefenaustr. 112",,,,403.13,1206.38,,,1609.51,hcp
vifor,Christian Lay,Rheinfelden,Schweiz,"Psychiatrische Dienste Aargau AG, Bahnhofstr. 21",,,,565.98,705.58,,,1271.56,hcp
vifor,Christian Rohrmann,Oensingen,Schweiz,"ÄrzteZentrum Leuenfeld, Leuenstr. 2",,,,,,500,,500,hcp
vifor,Christina Knellwolf,St. Gallen,Schweiz,"Kantonsspital St. Gallen, Rorschacherstr. 95",,,,40.54,708.39,,,748.93,hcp
vifor,Christina Rammert,Winterthur,Schweiz,"Kantonsspital Winterthur, Brauerstr. 15",,,,,152.94,,,152.94,hcp
vifor,Christoph Beglinger,Arlesheim,Schweiz,Bruggweg 28,,,,,,,371.5,371.5,hcp
vifor,Christoph Gubler,Winterthur,Schweiz,"Kantonsspital Winterthur, Brauerstr. 15",,,,525.82,1141.68,,,1667.5,hcp
vifor,Christoph Knoblauch,Stans,Schweiz,"Kantonsspital Nidwalden, Ennetmooserstr. 19",,,,445.89,655.53,,,1101.42,hcp
vifor,Christoph Linnemann,Basel,Schweiz,"Universitäre Psych. Kliniken UPK, Wilhelm Klein-Str. 27",,,,565.98,902.92,,,1468.9,hcp
vifor,Christoph Matter,Bern,Schweiz,"Lindenhofspital, Bremgartenstr. 119",,,,292.12,903.77,,,1195.89,hcp
vifor,Christopher Doerig,Lausanne,Schweiz,"Cabinet médical, Avenue Louis-Ruchonnet 30",,,,574.86,667.22,,,1242.08,hcp
vifor,Claudia Bürki Siwek,Ittigen,Schweiz,"Praxis Dr. Bürki Siwek Claudia, Hinterer Schermen 31",,,,,220.75,,,220.75,hcp
vifor,Claudia Mössinger,Schöftland,Schweiz,"Praxisgemeinschaft Suhrental, Aarauerstr. 12",,,,,220.75,,,220.75,hcp
vifor,Claudio Gaia,Bellinzona,Schweiz,"Studio Dr. Gaia Claudio, Piazza Nosetto 3",,,,,216.66,,,216.66,hcp
vifor,Corinna Stöckel,Weinfelden,Schweiz,"Kantonsspital Münsterlingen, Brauereistr. 18",,,,565.98,591.23,,,1157.21,hcp
vifor,Cyril Pellaton,Neuchâtel,Schweiz,"Hôpital neuchâtelois Pourtales, Rue de la Maladière 45",,,,,,1500,,1500,hcp
vifor,Cyrill Hess,Luzern,Schweiz,"Luzerner Kantonsspital, Spitalstr. 31",,,,515.9,708.39,,,1224.29,hcp
vifor,Dan Adler,Chêne-Bourg,Schweiz,"Clinique de Psychiatrie, Chemin du Petit-Bel-Air 2",,,,,,800,,800,hcp
vifor,Daniela Dähler,Thun,Schweiz,"Praxis Dr. Dähler Daniela, Burgstr. 1a",,,,,220.75,,,220.75,hcp
vifor,David Arnos Scheiner,Zürich,Schweiz,"UniversitätsSpital Zürich, Frauenklinikstr. 10",,,,,,1200,,1200,hcp
vifor,David Bertolini,Genève,Schweiz,Centre de Gastroentérologie Avenue de la Roseraie 76 A,,,,525.82,1419.7,,,1945.52,hcp
vifor,Dayo Sophia Oliver,Horgen,Schweiz,"Spital Horgen, Asylstr. 19",,,,,,800,,800,hcp
vifor,Diana Abraham Schmitz,Wattwil,Schweiz,Praxis Dr. Abraham Schmitz Diana Volkshausstr. 21a,,,,,1041.05,,,1041.05,hcp
vifor,Dina Zekry,Thônex,Schweiz,"Hôpital des Trois Ch'enes, Chemin du Pont-Bochet 3",,,,,,1000,,1000,hcp
vifor,Dominik Geibel,Wolhusen,Schweiz,"Luzerner Kantonsspital Wolhusen, Spitalstr.",,,,262.91,642.9,,,905.81,hcp
vifor,Dominik Schaer,Zürich,Schweiz,Klinik und Poliklinik für Innere Medizin - Universitätsspital Zürich - Rämistr. 100,,,,,,600,,600,hcp
vifor,Dominik Uehlinger,Bern,Schweiz,"Inselspital, Freiburgstr. 15",,,,,,1500,,1500,hcp
vifor,Dominique Evéquoz,Brig,Schweiz,"Spitalzentrum Oberwallis, Ueberlandstr. 14",,,,,,1500,,1500,hcp
vifor,Dominique Nüssli,St. Gallen,Schweiz,"Kantonsspital St. Gallen, Rorschacherstr. 95",,,,574.86,1238.63,,,1813.49,hcp
vifor,Donat Rudolf Spahn,Zürich,Schweiz,"Universitätsspital Zürich, Rämistr. 100",,,,,,9379.5,19944.08,29323.58,hcp
vifor,Edith Huber,Jenaz,Schweiz,"Praxisjenaz, Hauptstr. 53",,,,,79.73,,,79.73,hcp
vifor,Edouard Battegay,Zürich,Schweiz,"Universitätsspital Zürich, Rämistr. 100",,,,,,2000,,2000,hcp
vifor,Egemen Savaskan,Zürich,Schweiz,"Klinik für Alterspsychiatrie, Minervastr. 145",,,,,,1000,,1000,hcp
vifor,Eléonore Söhnlin,Reinach BL,Schweiz,"Praxis Dr. Söhnlin Eléonore, Hauptstr. 40",,,,,220.75,,,220.75,hcp
vifor,Elisabeth Grob,Fehraltorf,Schweiz,"Praxis Dr. Grob Elisabeth, Hintergasse 23",,,,,287.1,,,287.1,hcp
vifor,Elisabeth Renftle,Langenthal,Schweiz,"Praxis Dr. Renftle Elisabeth, Jurastr. 37",,,,,220.75,,,220.75,hcp
vifor,Elke Wimmer,Zürich,Schweiz,Pestalozzistr. 5,,,,,,1200,,1200,hcp
vifor,Ellen Karcher,Teufen AR,Schweiz,"Klinik Teufen AG, Landhausstr. 1b",,,,,287.1,,,287.1,hcp
vifor,Emilia Frangos Lordos,Genève,Schweiz,"Clinique de Joli-Mont (EMP), Avenue Trembley 45",,,,,,1000,292,1292,hcp
vifor,Eric Kamber,Zürich,Schweiz,"Praxis Dr. Kamber Eric, Asyistr. 70",,,,,287.1,,,287.1,hcp
vifor,Ernst Müller,Biel/Bienne,Schweiz,"Praxis Dr. Müller Ernst, Bahnhofstr. 14",,,,,545.09,,,545.09,hcp
vifor,Esther Frey,Sursee,Schweiz,"Praxis Dr. Frey Esther, Bahnhofstr. 42",,,,,220.75,,,220.75,hcp
vifor,Evelyn Rieder,Winterthur,Schweiz,Technikumstr. 71 Postfach,,,,,,1500,,1500,hcp
vifor,Fabien Stucker,Neuchâtel,Schweiz,"Hôpital de la Providence, Faubourg de l'Hôpital 81",,,,296.68,721.64,3000,,4018.32,hcp
vifor,Falk Fiedler,St. Gallen,Schweiz,"Klinik Stephanshorn, Brauerstr. 95",,,,515.9,859.88,,,1375.78,hcp
vifor,Farida Adeli,Luzern,Schweiz,Löwengraben 20,,,,,220.75,,,220.75,hcp
vifor,Fernando Blanco,Yverdon-Ies-Bains,Schweiz,"Cabinet Dr Blanco Fernando, Rue d'Entremonts 13",,,,156.78,876.37,,,1033.15,hcp
vifor,Flanspeter Flury,Rheinfelden,Schweiz,Klinik Schützen Rheinfelden Bahnhofstr. 19,,,,,,3000,507.85,3507.85,hcp
vifor,Fleike Coerper,Zürich,Schweiz,"Praxis Dr. Coerper Heike, Feldeggstr. 32",,,,,287.1,,,287.1,hcp
vifor,Florian Bihl,Lugano,Schweiz,"Studio medico Dr. Bihl Florian, Via Gemmo 11",,,,,546.04,,,546.04,hcp
vifor,Frank Ruschitzka,Zürich,Schweiz,"Universitätsspital Zürich, Rämistr. 100",,,,,,1745.33,,1745.33,hcp
vifor,Frank Seibold,Bern,Schweiz,"Lindenhofspital, Bremgartenstr. 119",,,,184.25,978.87,,,1163.12,hcp
vifor,Franziska Fürrer,Sarnen,Schweiz,Enetriederstr. 16,,,,,499.63,,,499.63,hcp
vifor,Fritz Hunold-Signer,Netstal,Schweiz,"Gemeinschaftspraxis, Tschuoppisstr. 39",,,,,266.69,,,266.69,hcp
vifor,Gabriela Amstad-Bencaiova,Basel,Schweiz,Universitätsspital Basel Spitalstr. 21,,,,423.57,394.36,800,,1617.93,hcp
vifor,Gabriele Feigl,Sargans,Schweiz,"Praxis Dr. Feigl Gabriele, Ragazerstr. 35",,,,,287.1,,,287.1,hcp
vifor,Gabriele Strini,Monthey,Schweiz,"Cabinet Dr Strini Gabriele, Avenue De La Gare 24",,,,,237.14,,,237.14,hcp
vifor,Gaby Saner,Bern,Schweiz,"Inselspital, Freiburgstrasse4",,,,,606.52,,,606.52,hcp
vifor,Gaudenz Widmer,Basel,Schweiz,"Gemeinschaftspraxis, Leonhardsstr. 16",,,,,220.75,,,220.75,hcp
vifor,Georg Ruckstuhl,Kreuzlingen,Schweiz,"Praxis Dr. Ruckstuhl Georg, Sonnenstr. 4",,,,,287.1,,,287.1,hcp
vifor,Gerda Stengele,Bern,Schweiz,"Praxis Dr. Stengele Gerda, Aarbergergasse 24",,,,,220.75,,,220.75,hcp
vifor,Gerhard Rogler,Zürich,Schweiz,"Universitätsspital Zürich, Rämistr. 100",,,,,,5836.17,758.19,6594.36,hcp
vifor,Gerold Schacher,Lausanne,Schweiz,"Cabinet Dr Schacher Gerold, Chemin des Croix-Rouges 9",,,,,168.4,,,168.4,hcp
vifor,Gianfranco Masdea,Marsens,Schweiz,"Réseau Fribourg. de Santé Mentale, Route de l'Hôpital 140",,,,565.98,665.24,,,1231.22,hcp
vifor,Gianfranco Zala,Chur,Schweiz,Gastro Praxis Chur Quaderstr. 2,,,,525.82,1464.79,,,1990.61,hcp
vifor,Guido Bondolfi,Genève,Schweiz,"Hôpitaux Universitaires Genève, Rue Gabrielle-Perret-Gentil 4",,,,565.98,593.95,,,1159.93,hcp
vifor,Gunhild Waechter,Winterthur,Schweiz,"Gemeinschaftspraxis, Stadthausstr. 45",,,,,287.1,,,287.1,hcp
vifor,Hans Knüsel,Luzern,Schweiz,"Praxis Dr. Knüsel Hans, Stadthausstr. 3",,,,,220.75,,,220.75,hcp
vifor,Hans Kurt,Solothurn,Schweiz,"Gruppenpraxis Weststadt, Bielstr. 109",,,,,,1500,,1500,hcp
vifor,Hans-Peter Wirth,Kreuzlingen,Schweiz,"Praxis Dr. Flückiger / Dr. Wirth, Bahnhofstr. 33b",,,,,280.6,,,280.6,hcp
vifor,Heike Seifert,Zürich,Schweiz,"Universitätsspital Zürich, Rämistr. 100",,,,43.82,1157.61,,,1201.43,hcp
vifor,Heinz Hengartner,St. Gallen,Schweiz,"Ostschweizer Kinderspitai, Claudiusstr. 6",,,,,,2500,,2500,hcp
vifor,Heinz Knoblauch,Jona,Schweiz,Sonnenbergstr. 11,,,,,235.96,,,235.96,hcp
vifor,Hristina Bega,Lausanne,Schweiz,"CHUV, Rue Du Bugnon 44",,,,174.4,1372.44,,,1546.84,hcp
vifor,Ida Rissling,Romanshorn,Schweiz,"Praxis Dr. RissLing Ida, Friedrichshafnerstr. 55A",,,,,287.1,,,287.1,hcp
vifor,Ignaz Good,Walenstadt,Schweiz,"Spital Walenstadt, Spitalstr. 5",,,,,216.66,,,216.66,hcp
vifor,Igor Martinek,Montreux,Schweiz,"Clinique Suisse Montreux SA, Grand-rue 3",,,,,,800,,800,hcp
vifor,Ioannis Kapoglou,Bern,Schweiz,"Inselspital, Freiburgstr. 18",,,,,223.23,,,223.23,hcp
vifor,Irene Bopp-Kistler,Zürich,Schweiz,"Stadtspital Waid, Tièchestr. 99",,,,,,1000,,1000,hcp
vifor,Isabelle Keller,Winterthur,Schweiz,"Kantonsspital Winterthur, Brauerstr. 15",,,,,,800,,800,hcp
vifor,Jakob Brunner,Glarus,Schweiz,"Kantonsspital Glarus, Burgstr. 99",,,,,168.4,,,168.4,hcp
vifor,Jean-Louis Frossard,Genève,Schweiz,"Hôpitaux Universitaires Genève, Rue Gabrielle-Perret-Gentil 4",,,,456.44,379.76,,,836.2,hcp
vifor,Jean-Claude Pache,Genève,Schweiz,"Université de Genève, Rue Michel-Servet 4",,,,622.22,1344.57,,,1966.79,hcp
vifor,Jean-François Lambert,Nyon,Schweiz,"Hôpital de Nyon - GH OL, Chemin Monastier 10",,,,204.52,937.13,,,1141.65,hcp
vifor,Jean-Paul Hüsser,Biel/Bienne,Schweiz,"Cabinet Dr Hüsser Jean-Paul, Hans-hugi-str. 12",,,,,220.75,,,220.75,hcp
vifor,Jean-Pierre Richterich,Thalwil,Schweiz,"Magendarm Thalwil AG, Zürcherstr. 61",,,,525.82,1141.68,,,1667.5,hcp
vifor,Joachim Mertens,Zürich,Schweiz,"Universitätsspital Zürich, Rämistr. 100",,,,,1107.76,,,1107.76,hcp
vifor,Jochen Eichler,Zürich,Schweiz,"Praxis Dr. Eichler, Universitätstr. 120",,,,,,800,,800,hcp
vifor,Johannes Haarer,St. Gallen,Schweiz,"Kantonsspital St. Gallen, Rorschacherstr. 95",,,,515.9,703.39,,,1219.29,hcp
vifor,John Micallef,St. Gallen,Schweiz,"Ostschweizer Kinderspital, Ciaudiusstr. 6",,,,103.85,1601.57,,,1705.42,hcp
vifor,Jonas Zeitz,Zürich,Schweiz,"Universitätsspital Zürich, Rämistr. 100",,,,,237.14,,,237.14,hcp
vifor,Josef Hättenschwiler,Zürich,Schweiz,"ZADZ, Riesbachstr. 61",,,,,,2000,,2000,hcp
vifor,Joseph Gehrig,Aarau,Schweiz,"Praxis Dr. Gehrig Joseph, Laurenzentorgasse 7",,,,,46.74,,,46.74,hcp
vifor,Julia Graf,Luzern,Schweiz,Löwengraben 31,,,,,220.75,,,220.75,hcp
vifor,Julia Pilz,Basel,Schweiz,"AMB-Arztpraxis MagenDarm Basel, Aeschenvorstadt 37",,,,,415,,,415,hcp
vifor,Jürg Frei,Laufenburg,Schweiz,"Spital Laufenburg, Spitalstr. 10",,,,525.82,1110.59,,,1636.41,hcp
vifor,Jürg Hamacher,Bern,Schweiz,"Praxis Dr. Hamacher Jürg, Bremgartenstr. 119",,,,,,800,,800,hcp
vifor,Jürg Hess,Lausanne,Schweiz,"Centre Médical de Vidy, Route de Chavannes 11A",,,,525.32,1409.35,,,1934.67,hcp
vifor,Jutta Küng,Luzern,Schweiz,"Luzerner Kantonsspital, Spitalstr. 31",,,,202.61,377.08,,,579.69,hcp
vifor,Jutta Mata,Basel,Schweiz,St. Johanns-Ring 102,,,,,,1000,,1000,hcp
vifor,Karim Abdelrahman,Lausanne,Schweiz,"CHUV, Rue Du Bugnon 44",,,,,684.47,,,684.47,hcp
vifor,Karin Peuschel,Zug,Schweiz,Meissenbergstr. 17,,,,,287.1,,,287.1,hcp
vifor,Kathrin Kasé,Chur,Schweiz,"Praxis Dr. Kasé Kathrin, Bahnhofstr. 7",,,,,287.1,,,287.1,hcp
vifor,Kersten Schelch,Heerbrugg,Schweiz,"Praxis Dr. Schelch Kersten, Marktstr. 4",,,,,287.1,,,287.1,hcp
vifor,Kirsten Sylvia Beckers Engelberger,Lausen,Schweiz,"Praxis Lausen, Ergolzstr. 52",,,,292.12,345.89,,,638.01,hcp
vifor,Lena Berchtold,Genève,Schweiz,Rue Gabrielle Perret-Gentil 4,,,,296.68,767.53,,,1064.21,hcp
vifor,Leonora Zajmi,Wil SG,Schweiz,"Praxis Dr. Zajmi Leonora, Obere Bahnhofstr. 38",,,,,287.1,,,287.1,hcp
vifor,Liliana Ilic,Muri b. Bern,Schweiz,"Praxis Dr. Ilic Liliana, Egghölzliweg 1",,,,,220.75,,,220.75,hcp
vifor,Livio Rossi,Basel,Schweiz,"Gastropraxis Basel, Steinenberg 23",,,,525.82,1393.23,,,1919.05,hcp
vifor,loana Iliescu,Worb,Schweiz,"Praxis Dr. Iliescu loana, Kreuzgasse 15",,,,,220.75,,,220.75,hcp
vifor,Lorenz Bankel,Zürich,Schweiz,"Universitätsspital Zürich, Rämistr. 100",,,,43.82,1389.16,,,1432.98,hcp
vifor,Luc Biedermann,Zürich,Schweiz,"Universitätsspital Zürich, Rämistr. 100",,,,221.1,1454.23,,,1675.33,hcp
vifor,Luca Rampa,Bern,Schweiz,"UPD Bern, Murtenstr. 21",,,,,,1000,,1000,hcp
vifor,Lucia Brandenberg,Kilchberg ZH,Schweiz,"Sanatorium Kilchberg AG, Alte Landstr. 70",,,,,287.1,,,287.1,hcp
vifor,Ludwig Perger,Zürich,Schweiz,"Universitätsspital Zürich, Rämistr. 100",,,,292.12,390.54,,,682.66,hcp
vifor,Lukas Degen,Basel,Schweiz,"Universitätsspital Basel, Petersgraben 4",,,,,980.78,,,980.78,hcp
vifor,Lukas Zimmerli,Olten,Schweiz,"Kantonsspital Olten, Baslerstr. 150",,,,,,3500,,3500,hcp
vifor,Maja Gruber,Basel,Schweiz,"St. Claraspital AG, Kleinriehenstr. 30",,,,,797.8,,,797.8,hcp
vifor,Maki Kashiwagi,Uster,Schweiz,"gynosense AG, Bankstr. 8",,,,,,1500,,1500,hcp
vifor,Marc Girardin,Onex,Schweiz,Groupe Médical d'Onex SA Route de Loex 3,,,,272.69,778.31,,,1051,hcp
vifor,Marc Porzner,Luzern,Schweiz,"Luzerner Kantonsspital, Spitalstr. 31",,,,525.82,1355.24,,,1881.06,hcp
vifor,Marc Ritz,Liestal,Schweiz,"Praxis Dr. Ritz Marc, Sonnenweg 1",,,,525.82,1355.24,,,1881.06,hcp
vifor,Marcel Mesnil,Bern,Schweiz,Stationsstr. 12,,,,,,540,,540,hcp
vifor,Marco Eschenmoser,Fribourg,Schweiz,HFR Fribourg-Hôpital Cantonal Chemin des Pensionnats 2,,,,438.18,771.44,,,1209.62,hcp
vifor,Marco Strehler,Winterthur,Schweiz,"IPW - Integrierte Psychiatrie, Wieshofstr. 102",,,,,287.1,,,287.1,hcp
vifor,Marcus Wolfsperger,Horgen,Schweiz,"Sanatorium Kilchberg AG, Spitalweg 1",,,,,,3000,507.85,3507.85,hcp
vifor,Maria Elisabete Personeni Coelho,Genève,Schweiz,"Hôpitaux Universitaires Genève, Avenue de la Roseraie 70",,,,438.18,897.28,,,1335.46,hcp
vifor,Maria Hitziger,Zürich,Schweiz,Hardstr. 235,,,,,,648,,648,hcp
vifor,Maria-Anna Ortner,Biel/Bienne,Schweiz,"Praxis Dr. Ortner Maria-Anna, Schlösslifeld 7",,,,525.82,1730.95,,,2256.77,hcp
vifor,Mariam Seirafi,Genève,Schweiz,"Cabinet Dr Seirafi Mariam, Avenue Eugène-Pittard 34",,,,,699.75,,,699.75,hcp
vifor,Marie-Laure Amram-Benamram,Genève,Schweiz,"Hôpitaux Universitaires Genève, Rue Gabrielle-Perret-Gentil 4",,,,525.82,1087.76,,,1613.58,hcp
vifor,Marion Seger,Langenthal,Schweiz,"SRO AG Spital Langenthal, Sankt Urbanstr. 67",,,,,220.75,,,220.75,hcp
vifor,Markus Arn,BüIach,Schweiz,"Praxis Dr. Eggenberger / Dr. Arn, Kasernenstr. 1",,,,,266.69,,,266.69,hcp
vifor,Markus Schmugge,Zürich,Schweiz,"Kinderspital Zürich, Steinwiesstr. 75",,,,,,1000,,1000,hcp
vifor,Markus Wettstein,Bern,Schweiz,"Inselspital, Physiotherapie Kinderkliniken",,,,188.14,523.97,,,712.11,hcp
vifor,Martin Cesna,Pratteln,Schweiz,"Praxis Dr. Cesna Martin, Bahnhofstr. 16",,,,,220.75,,,220.75,hcp
vifor,Martin Müller,Bern,Schweiz,"Inselspital, Effingerstr. 102",,,,262.91,774.22,,,1037.13,hcp
vifor,Martin Schadt,Romanshorn,Schweiz,"Praxis Dr. Schadt Martin, Hafenstr. 22",,,,,287.1,,,287.1,hcp
vifor,Martina Gfeller,Bern,Schweiz,"Inselspital, Freiburgstr. 18",,,,340.09,574.52,,,914.61,hcp
vifor,Martina Gisin,Hellikon,Schweiz,Stockenrain 7,,,,,,800,,800,hcp
vifor,Mattheus Vischer,Gümligen,Schweiz,"Praxis Dr. Vischer Mattheus, Worbstr. 312",,,,,,1000,,1000,hcp
vifor,Matthias Gabriel Knecht,Thun,Schweiz,Spital STS AG Spital Thun Krankenhausstr. 12,,,,,423.67,,,423.67,hcp
vifor,Matthias Paul,Luzern,Schweiz,"Luzerner Kantonsspital, Spitalstr. 31",,,,,,1500,,1500,hcp
vifor,Matthias Roth-Kieiner,Lausanne,Schweiz,CHUV- Rue du Bugnon 46,,,,103.85,1502.21,,,1606.06,hcp
vifor,Matthias Sauter,Basel,Schweiz,"St. Claraspital AG, Kleinriehenstr. 30",,,,,837.9,,,837.9,hcp
vifor,Matthias Zellweger,Uster,Schweiz,"Spital Uster, Brunnenstr. 42",,,,,557.84,,,557.84,hcp
vifor,Matti Aapro,Genolier,Schweiz,"Clinique de Genolier SA, Route du Muids 3",,,,,,600,,600,hcp
vifor,Maude Delphine Grüber,Bern,Schweiz,Freiburgstr. 4 Inselspital,,,,,672.2,,,672.2,hcp
vifor,Max Gassmann,Zürich,Schweiz,"Universität Zürich, Winterthurerstr. 260",,,,,,2181.67,455.5,2637.17,hcp
vifor,Melanie Huber,Winterthur,Schweiz,"IPW - Integrierte Psychiatrie, Wieshofstr. 102",,,,,287.1,,,287.1,hcp
vifor,Micha Maeder,St. Gallen,Schweiz,"Kantonsspital St. Gallen, Rorschacherstr. 95",,,,,,1500,,1500,hcp
vifor,Michael Drepper,Genève,Schweiz,"Hôpitaux Universitaires Genève, Rue Gabrielle-Perret-Gentil 4",,,,,,800,,800,hcp
vifor,Michael Ganter,Winterthur,Schweiz,"Kantonsspital Winterthur, Brauerstr. 15",,,,,,400,,400,hcp
vifor,Michael Henrich,Kreuzlingen,Schweiz,"Praxis Dr. Henrich Michael, Nationalstr. 17",,,,,237.1,,,237.1,hcp
vifor,Michael Krapf,Tafers,Schweiz,"HFR Tafers, Maggenberg 1",,,,,,400,,400,hcp
vifor,Michael Manz,Basel,Schweiz,"St. Claraspital AG, Kleinriehenstr. 30",,,,221.1,660.49,,,881.59,hcp
vifor,Michael Neuhaus,Frauenfeld,Schweiz,"Kantonsspital Frauenfeld, Pfaffenholzstr. 4",,,,482.74,792.48,,,1275.22,hcp
vifor,Michael Otrzonsek,Thalwil,Schweiz,"Praxisgemeinschaft Ludretikon, Ludretikonerstr. 53",,,,,287.1,,,287.1,hcp
vifor,Michael Roth,Basel,Schweiz,"Universitätsspital Basel, Petersgraben 4",,,,327.25,,2181.67,703.59,3212.51,hcp
vifor,Michael Schnölzer,Langenthal,Schweiz,"Praxis Dr. Schnölzer Michael, Melchnaustr. 12",,,,,,800,,800,hcp
vifor,Michael Sulz,St. Gallen,Schweiz,"Kantonsspital St. Gallen, Rorschacherstr. 95",,,,525.82,1410.02,,,1935.84,hcp
vifor,Michael Tamm,Basel,Schweiz,"Universitätsspital Basel, Petersgraben 4",,,,,,800,,800,hcp
vifor,Michel Maillard,Lausanne,Schweiz,"CH UV, Rue Du Bugnon 44",,,,525.82,1094.65,,,1620.47,hcp
vifor,Michel Périat,Porrentruy,Schweiz,"Groupe Médical Ziggurat, Rue du Jura 11",,,,655.93,727.15,,,1383.08,hcp
vifor,Michele Ghielmini,Bellinzona,Schweiz,Ospedale Bellinzona e Valli EOC Via Ospedale,,,,270.21,2150.88,,,2421.09,hcp
vifor,Michele Losa,St. Gallen,Schweiz,"Ostschweizer Kinderspital, Claudiusstr. 6",,,,103.85,1591.52,,,1695.37,hcp
vifor,Mihai Bertea,Dietikon,Schweiz,Clienia Dietikon - Neumattstr. 7,,,,,287.1,,,287.1,hcp
vifor,Milja Froesch,Aarau,Schweiz,"Praxis Dr. Froesch Milja, Rathausgasse 9",,,,,220.75,,,220.75,hcp
vifor,Miriam Flückiger,Bern,Schweiz,"Inselspital, Freiburgstr. 18",,,,,335.87,,,335.87,hcp
vifor,Mirjam Hiestand,Chur,Schweiz,"Kantonsspital Graubünden, Loestr. 170",,,,,560.08,,,560.08,hcp
vifor,Monika Niederhäuser,Uster,Schweiz,"Spital Uster, Brunnenstr. 42",,,,438.18,810.61,,,1248.79,hcp
vifor,Monika Ridinger,,Schweiz,,,,,,,3000,,3000,hcp
vifor,Nadja Hachen,Zürich,Schweiz,"Stadtspital Triemli, Birmensdorferstrasse497",,,,,396.36,,,396.36,hcp
vifor,Nevenka Wyss-Glavocevic,Langenthal,Schweiz,"Praxis Dr. Wyss Heinz, Jurastr. 41",,,,,220.75,,,220.75,hcp
vifor,Nhu-Nam Tran-Thang,Lausanne,Schweiz,"Cabinet Dr Cochet/Dr Tran Thang, Avenue Alexandre-Vinet 19b",,,,364.41,937.13,,,1301.54,hcp
vifor,Nicolas Regamey,Luzern,Schweiz,"Luzerner Kantonsspital, Spitalstr. 31",,,,354.56,588.82,,,943.38,hcp
vifor,Nicole Eike Viereck,Frauenfeld,Schweiz,"Kantonsspital Frauenfeld, Pfaffenholzstr. 4",,,,379.76,683.55,,,1063.31,hcp
vifor,Nicole Obialo,Zürich,Schweiz,"Universitätsspital Zürich, Rämistr. 100",,,,,610.08,,,610.08,hcp
vifor,Nicolette Kys,Zug,Schweiz,Chamerstr. 172,,,,,287.1,,,287.1,hcp
vifor,Nina Karen Töngi,Uster,Schweiz,"Spital Uster, Brunnenstr. 42",,,,,557.84,,,557.84,hcp
vifor,Nina Schweinfurth,Basel,Schweiz,"Universitäre Psych. Kliniken UPK, Wilhelm Kieinstr. 27",,,,565.98,711.02,,,1277,hcp
vifor,Norman Büchel-Hilti,Sargans,Schweiz,"Magen Darm Praxis Sargans, Grossfeldstr. 79",,,,,262.31,,,262.31,hcp
vifor,Olav Fehres,Chur,Schweiz,"Kantonsspital GR - Fontana, Lürlibadstr. 118",,,,460.09,415.8,,,875.89,hcp
vifor,Olav Lapaire-Mayer,Basel,Schweiz,Universitätsspital Basel Spitalstr. 21,,,,,,1500,,1500,hcp
vifor,Olivier Cottier,Aigle,Schweiz,"Hôpital du Chablais, Chemin Du Grand-chêne",,,,156.78,869.67,,,1026.45,hcp
vifor,Otmar Pfister,Basel,Schweiz,"Universitätsspital Basel, Petersgraben 4",,,,,,1090.83,,1090.83,hcp
vifor,Pamela Meyer,St. Gallen,Schweiz,"Kantonsspital St. Gallen, Rorschacherstr. 95",,,,,467.19,,,467.19,hcp
vifor,Panagiota Mistridis,Basel,Schweiz,"Felix Platter Spital, Schanzenstr. 55",,,,,,1000,,1000,hcp
vifor,Pascal Frei,Zürich,Schweiz,"GSMN AG Privatklinik Bethanien, Toblerstr. 51",,,,445.89,574.53,,,1020.42,hcp
vifor,Patrice Max Ambühl,Zürich,Schweiz,"Stadtspital Waid, Tièchestr. 99",,,,,,3000,,3000,hcp
vifor,Patrice Nordmann,Fribourg,Schweiz,Rue Albert Gockel 3,,,,,,1000,,1000,hcp
vifor,Patrick Aepli,Luzern,Schweiz,"Luzerner Kantonsspital, Spitalstr. 31",,,,525.82,1392.03,,,1917.85,hcp
vifor,Patrick Janiak,Bern,Schweiz,"Praxis Dr. Janiak Patrick, Optingenstr. 8",,,,,187.12,,,187.12,hcp
vifor,Patrik Weder,St. Gallen,Schweiz,"Kantonsspital St. Gallen, Rorschacherstr. 95",,,,270.21,1433.65,,,1703.86,hcp
vifor,Patrizia Bevilacqua,Bern,Schweiz,"Quartier Bleu, Bremgartenstr. 117",,,,483.51,577.45,,,1060.96,hcp
vifor,Peter Ernst,Altstätten SG,Schweiz,"Spital Altstätten, F.-Marolanistr. 6",,,,,328.19,,,328.19,hcp
vifor,Peter Jaklin,Männedorf,Schweiz,"Spital Männedorf AG, Asylstr. 10",,,,,266.69,,,266.69,hcp
vifor,Philipp Eich,Liestal,Schweiz,"Psychiatrie Baselland, Bienentalstr. 7",,,,,,2600,,2600,hcp
vifor,Philipp Schreiner,Zürich,Schweiz,"Universitätsspital Zürich, Rämistr. 100",,,,325.6,602,,,927.6,hcp
vifor,Philipp Tschopp,Basel,Schweiz,"socin22 AG, Socinstr. 22",,,,,,1000,,1000,hcp
vifor,Pierre Michetti,Lausanne,Schweiz,Cabinet Dr Felley / Dr Michetti Avenue Jomini 8,,,,,,1500,,1500,hcp
vifor,Pierre-Alexandre Krayenbühl,Uznach,Schweiz,"Spital Linth, Gasterstr. 25",,,,,,2000,,2000,hcp
vifor,Pierre-Michel Genolet,Pully,Schweiz,"Cabinet medical, Avenue General-guisan 44",,,,156.78,877.04,,,1033.82,hcp
vifor,Raffaella Craighero,Bulle,Schweiz,"Cabinet Dr Craighero Raffaella, Rue de l'Europe 12",,,,,,1000,91,1091,hcp
vifor,Rahel Kleiber-Sneep,Bern,Schweiz,"Lindenhofspital, Bremgartenstr. 119",,,,,352.99,,,352.99,hcp
vifor,Rahul Gupta,Cazis,Schweiz,"Klinik Beverin, La Nicca Str. 17",,,,,,2400,,2400,hcp
vifor,Ralf-Michael Frieboes,Zofingen,Schweiz,"Praxis Dr. Frieboes Ralf, Untere Grabenstr. 26",,,,,220.75,,,220.75,hcp
vifor,Regula Schumacher,Villmergen,Schweiz,Angiikerstr. 17,,,1000,,,,,1000,hcp
vifor,René Kasé,Valens,Schweiz,Kliniken Valens Taminaplatz 1,,,,,287.1,,,287.1,hcp
vifor,René Zwimpfer,Basel,Schweiz,"Gemeinschaftspraxis, Leonhardsstr. 16",,,,,220.75,,,220.75,hcp
vifor,Reto W. Kressig,Basel,Schweiz,"Felix Platter-Spital, Burgfelderstr. 101",,,,,,2070,,2070,hcp
vifor,Robert Weiterschan,Lachen SZ,Schweiz,"Spital Lachen AG, Oberdorfstr. 41",,,,262.91,502.77,,,765.68,hcp
vifor,Roberta De Luca,Genève,Schweiz,"Hôpitaux Universitaires Genève, Boulevard De La Cluse 30",,,,124,603.68,,,727.68,hcp
vifor,Roland Neumann,Basel,Schweiz,"Universitäts-Kinderspital Basel, Spitalstr. 33",,,,103.85,1574.77,,,1678.62,hcp
vifor,Roland von Känel,Barmelweid,Schweiz,Klinik Barmelweid,,,,,,2000,,2000,hcp
vifor,Roseline Ruetsch,Fribourg,Schweiz,"HFR Fribourg-Hôpital Cantonal, Chemin des Pensionnats 1",,,,346.89,1168.13,,,1515.02,hcp
vifor,Rosmarie Junker,Bern,Schweiz,"Lindenhofspital, Bremgartenstr. 119",,,,,467.19,,,467.19,hcp
vifor,Rudolf Peter Wüthrich,Zürich,Schweiz,"Universitätsspital Zürich, Rämistr. 100",,,,,,1500,,1500,hcp
vifor,Sabine Giezendanner,Bern,Schweiz,"Lindenhofspital, Bremgartenstr. 119",,,,,84.2,,,84.2,hcp
vifor,Sandra Ingold-Meier,Gerlafingen,Schweiz,"Praxis Dr Ingold-Meier Sandra, Längmattstr. 19",,,,,220.75,,,220.75,hcp
vifor,Sara Fertani,Genève,Schweiz,Hôpitaux Universitaires Genève Rue Gabrielle Perret-Gentil 4,,,,52.32,1755.91,,,1808.23,hcp
vifor,Saskia Grossfeld,Blonay,Schweiz,Chemin des Fontanettes 4,,,,,,800,,800,hcp
vifor,Sebastian Braun,Zürich,Schweiz,"Universitätsspital Zürich, Rämistr. 100",,,,,335.87,,,335.87,hcp
vifor,Selman Sulemani,Wetzikon ZH,Schweiz,"Clienia Schlössli AG, Bahnhofstr. 196",,,,,287.1,,,287.1,hcp
vifor,Serge Zumbach,Marsens,Schweiz,"Réseau Fribourg. de Santé Mentale, Route de l'Hôpital 140",,,,,,2000,,2000,hcp
vifor,Shina Schorno,Dietikon,Schweiz,Praxis TUCARE Heimstr. 1,,,,,,1200,,1200,hcp
vifor,Siivia Rubi,Bern,Schweiz,"Lindenhofspital Bern, Bremgartenstr. 117",,,,202.61,524.87,,,727.48,hcp
vifor,Silke Johann,Biel/Bienne,Schweiz,"Spitalzentrum Biel AG, Vogelsang 84",,,,219.09,792.98,,,1012.07,hcp
vifor,Silke Kenngott-Kelber,Wetzikon ZH,Schweiz,GZO Spital Wetzikon Spitalstr. 66,,,,,248.46,,,248.46,hcp
vifor,Simon Descombes,Bern,Schweiz,"Inselspital, Freiburgstr. 18",,,,292.12,322.77,,,614.89,hcp
vifor,Simon Johannes Bütikofer,Zürich,Schweiz,"Universitätsspital Zürich, Rämistr. 100",,,,,46.74,,,46.74,hcp
vifor,Simone Vannini,Lugano,Schweiz,"Gastrocentro Lugano / Chiasso, Via Trevano 38",,,,,152.94,,,152.94,hcp
vifor,Sonja Ettlin,Luzern,Schweiz,"Pädiatrische Tagesklinik, Spitalstr. 31",,,,209.33,608.17,,,817.5,hcp
vifor,Stefan Büchi,Meilen,Schweiz,"Privatklinik Hohenegg, Hohenegg 1",,,,,,,507.85,507.85,hcp
vifor,Stefan Neuner-Jehle,Zug,Schweiz,"Praxis Dr. Neuner-Jehie Stefan, Schmidgasse 8",,,,,,2500,,2500,hcp
vifor,Stefan Schlosser,Bern,Schweiz,"Inselpsital, Freiburgstr. 18",,,,,68.74,,,68.74,hcp
vifor,Stefan Tschopp,Baden,Schweiz,Kantonsspital Baden AG Im Ergel 1,,,,515.9,670.2,,,1186.1,hcp
vifor,Stefanie Wöhrle,St. Gallen,Schweiz,"Kantonsspital St. Gallen, Rorschacherstr. 95",,,,,615.34,,,615.34,hcp
vifor,Stephan Brand,St. Gallen,Schweiz,"Kantonsspital St. Gallen, Rorschacherstr. 95",,,,,237.14,,,237.14,hcp
vifor,Susanna Degiacomi,Laufen,Schweiz,"Praxis Dr. Degiacomi Susanna, Bahnhofstr. 4",,,,,,800,,800,hcp
vifor,Susanne Argenton,Gelterkinden,Schweiz,"Frauenpraxis, Allmendstr. 20",,,,,,800,,800,hcp
vifor,Susanne Krebser,Bern,Schweiz,"Inselspital, Freiburgstr. 18",,,,578.58,609.2,,,1187.78,hcp
vifor,Sybille Eicken,Bern,Schweiz,"Inselspital, Freiburgstr. 15",,,,296.68,1069.64,,,1366.32,hcp
vifor,Sybille Schmid,Bern,Schweiz,"Inselpsital, Freiburgstr. 18",,,,,415.6,,,415.6,hcp
vifor,Sylvia Bonanomi Schumacher,Pully,Schweiz,"Cabinet medical, Avenue General-guisan 44",,,,156.78,869.67,,,1026.45,hcp
vifor,Szilveszter György Pekardi,Wil SG,Schweiz,Spital Wil - Fürstenlandstr. 32,,,,,280.6,,,280.6,hcp
vifor,Tatjana Fehr,Chur,Schweiz,Loestr. 220,,,,,287.1,,,287.1,hcp
vifor,Thomas Buder,St. Moritz,Schweiz,"Praxis Dr. Buder Thomas, Via Rosatsch 7",,,,,287.1,,,287.1,hcp
vifor,Thomas Flückiger,Kreuzlingen,Schweiz,"Praxis Dr. Flückiger / Dr. Wirth, Bahnhofstr. 33b",,,,,237.14,,,237.14,hcp
vifor,Thomas Huber,Chur,Schweiz,"Kantonsspital Graubünden, Loestr. 170",,,,,266.69,,,266.69,hcp
vifor,Thomas Huber,Burgdorf,Schweiz,"Gastroenterologie Emme, Emmentalstr. 14",,,,,266.69,,,266.69,hcp
vifor,Thomas Kurowski,Zürich,Schweiz,"Universitätsspital Zürich, Rämistr. 100",,,,555.87,609.61,,,1165.48,hcp
vifor,Tilo Burkhardt,Zürich,Schweiz,"UniversitätsSpital Zürich, Frauenklinikstr. 10",,,,262.91,492.68,800,,1555.59,hcp
vifor,Tobias Daniel Kukiolka,Winterthur,Schweiz,"Kantonsspital Winterthur, Brauerstr. 15",,,,292.12,575.74,,,867.86,hcp
vifor,Tujana Boldanova,Basel,Schweiz,"Universitätsspital Basel, Petersgraben 4",,,,,281.29,,,281.29,hcp
vifor,Ueli Kieser,Zollikon,Schweiz,Oberdorfstr. 31,,,,,,3400,507.85,3907.85,hcp
vifor,Undine Lang,Basel,Schweiz,"Universitäre Psych. Kliniken UPK, Wilhelm Klein-Str. 27",,,,,,800,,800,hcp
vifor,Urs Brüderlin,Basel,Schweiz,"Praxis Dr. Brüderlin Urs, Riehenstr. 24",,,,,220.75,,,220.75,hcp
vifor,Urs Odermatt,Luzern,Schweiz,"Luzerner Kantonsspital, Spitalstr. 31",,,,296.68,938.99,,,1235.67,hcp
vifor,Urs Schaad,Basel,Schweiz,Unterer Rheinweg 46,,,,,,5454.17,4185.99,9640.16,hcp
vifor,Ursulina Casanova-Schmidinger,Scuol,Schweiz,"Praxis Bogn Engiadina, Via Dais Bogns 323",,,,,79.73,,,79.73,hcp
vifor,Uwe Herwig,Herisau,Schweiz,"Psychiatrisches Zentrum AR, Krombach 3",,,,,,1000,,1000,hcp
vifor,Vanessa Fenner,Genève,Schweiz,Hôpitaux Universitaires Genève Rue Gabrielle Perret-Gentil 4,,,,,1437.69,,,1437.69,hcp
vifor,Vera Freund,Basel,Schweiz,"Universitätsspital Basel, Petersgraben 4",,,,292.12,441.54,,,733.66,hcp
vifor,Violeta Plattner,Biel/Bienne,Schweiz,"Praxis Dr. Plattner Violeta, Murtenstr. 7",,,,,220.75,,,220.75,hcp
vifor,Virginie Bays,Vevey,Schweiz,"Cabinet Dr Bays Virginie, Rue de la Clergere 1",,,,,,800,,800,hcp
vifor,Vitalij Kazin,Schaffhausen,Schweiz,"Praxis Kazin Vitalij, Bachstr. 40",,,,,287.1,,,287.1,hcp
vifor,Volker Viereck,Frauenfeld,Schweiz,"Kantonsspital Frauenfeld, Pfaffenholzstr. 4",,,,,43.55,1200,,1243.55,hcp
vifor,Walter Suter,Schwyz,Schweiz,"Praxis Dr. Suter Walter, Zeughausstr. 10",,,,292.12,584.51,,,876.63,hcp
vifor,Yves Turberg,Neuchâtel,Schweiz,"Cabinet Dr Turberg Yves, Rue du Seyon 4",,,,,168.4,,,168.4,hcp
vifor,Zeno Dolezal,Zürich,Schweiz,"Medizinisches Zentrum, Löwenstr. 14",,,,565.98,1011.34,,,1577.32,hcp
vifor,Ziad Chok,Genève,Schweiz,"Cabinet Dr Chok Ziad, Rue du Vieux-Marche 8",,,,655.93,797.5,,,1453.43,hcp
