company,name,location,country,address,uci,donations_grants,sponsorship,registration_fees,travel_accommodation,fees,related_expenses,total,type
zambon,Ärztenetzwerk Grauholz,Lenzburg,Schweiz,c/o Argomed Ärzte AG - Bahnhofstr. 24,,,2000,,,,,2000,hco
zambon,Association d'Aesculape en Lavaux,Lutry,Schweiz,Rue Verdaine,,,1000,,,,,1000,hco
zambon,Associazione dei Pediatri della Svizzera Italiana APSI,Lugano,Schweiz,c/o Dr. med. Gianluca Bianchetti - Via Monte Boglia 5,,,1500,,,,,1500,hco
zambon,Associazione Mendrisio Medical Meeting,Bedano,Schweiz,Via Belvedere 10,,,3000,,,,,3000,hco
zambon,BBS Congress GmbH,Bern,Schweiz,Postfach 604,,,3400,,,,,3400,hco
zambon,Beodocs Ärztenetzwerk Berner Oberland,Interlaken,Schweiz,Kammistr. 5,,,6000,,,,,6000,hco
zambon,BV Congress Creating GmbH,Gossau,Schweiz,Industriestr. 37,,,4160,,,,,4160,hco
zambon,Centre médical de la Côte,Corcelles,Schweiz,c/o Dr Reza Kahtari,,,1000,,,,,1000,hco
zambon,CHUV Centre Hospitalier Universitaire Vaudois,Lausanne,Schweiz,Rue du Bugnon 21,,,2000,,,,,2000,hco
zambon,Congrex Switzerland Ltd,Basel,Schweiz,Peter Merian-Str. 80 - PO Box,,,90475,,,,,90475,hco
zambon,DOXnet Ärztenetzwerk Bern Nord / West,Bremgarten,Schweiz,Aeschenbrunnmattstr. 9,,,2000,,,,,2000,hco
zambon,Energy Events,Rotkeuz,Schweiz,Lindenmatt,,,3800,,,,,3800,hco
zambon,Ente Ospedaliero Cantonale,Bellinzona,Schweiz,,,,2500,,,3400,,5900,hco
zambon,ERS European Respiratory Society,Lausanne,Schweiz,Avenue Sainte-Luce 4,,,71330,,,,,71330,hco
zambon,Fondation des Grangettes,Chêne-Bougeries,Schweiz,"7, Chemin des Grangettes",,,700,,,,,700,hco
zambon,GKaufmann,Bern,Schweiz,Wattenwylweg 21,,,3800,,,,,3800,hco
zambon,GREPA Groupe Romande d'Etude en Pédiatrie Ambulatoire,Nyon,Schweiz,Ch. du Joran 8 B,,,1800,,,,,1800,hco
zambon,Gruppo Medico Formazione,Giubiasco,Schweiz,Via Ressega 5,,,3300,,,,,3300,hco
zambon,GSMN Privatklinik AG,Solothurn,Schweiz,c/o Dr. med. Milek Kowalski,,,2000,,,,,2000,hco
zambon,Hôpital du Valais,Sion,Schweiz,Avenue du Grand-Champsec 80,,,1500,,,,,1500,hco
zambon,HUG Hôpitaux Universitaires de Genève,Genève,Schweiz,Rue Gabrielle Perret-Gentil 4,,,2000,,,2400,,4400,hco
zambon,IMK (SFCNS Swiss Federation of Clinical Neuro-Societies),Basel,Schweiz,Münsterberg 1,,,40000,,,,,40000,hco
zambon,IMK (SSORL Swiss Society of ORL Head and Neck Surgery),Basel,Schweiz,Münsterberg 1,,,5200,,,,,5200,hco
zambon,Insel-Stiftung,Bern,Schweiz,Freiburgstr. 18,,,6000,,,12200,,18200,hco
zambon,Inselspital,Bern,Schweiz,Effingerstr. 102,,,3300,,,,,3300,hco
zambon,Kantonsspital Aarau AG,Aarau,Schweiz,Tellstr. 25,,,3100,,,,,3100,hco
zambon,Kantonsspital St. Gallen,St. Gallen,Schweiz,Rorschacherstr. 111,,,2500,,,,,2500,hco
zambon,Kantonsspital Winterthur,Winterthur,Schweiz,Brauerstr. 15,,,2500,,,,,2500,hco
zambon,Kinderärzte Schweiz,Zürich,Schweiz,Badenerstr. 21,,,2880,,,,,2880,hco
zambon,Klinik Bethesda,Tschugg,Schweiz,,,,3000,,,,,3000,hco
zambon,KMS Kongress Management Swiss,Bern,Schweiz,Postfach,,,3840,,,,,3840,hco
zambon,Luzerner Kantonsspital,Luzern,Schweiz,Spitalstr.,,3000,500,,,3400,,6900,hco
zambon,Medworld AG,Steinhausen,Schweiz,Sennweidstr. 46,,,2940,,,,,2940,hco
zambon,Medworld AG,Steinhausen,Schweiz,Sennweidstr. 46,,,4000,,,,,4000,hco
zambon,Meeting. Com Sàrl Congress Organisation,Cheseaux,Schweiz,Rue des Pâquis 1,,,5000,,,,,5000,hco
zambon,Neurozentrum Oberaargau,Langenthal,Schweiz,St. Urbanstr. 67,,,1000,,,,,1000,hco
zambon,Ordine dei Medici del Canton Ticino,Mezzovico,Schweiz,Via Cantonale 8 - Stabile Qi,,,1600,,,,,1600,hco
zambon,Praxispaediatrie Forum,Mauren,Schweiz,c/o Dr. med. René Kindli - Weiherring 10,,,1400,,,,,1400,hco
zambon,Qualitätszirkel Ärzte Niederamt,Lostorf,Schweiz,c/o Dr. med. Theo Kruker - Stüsslingerstr. 16,,,1000,,,,,1000,hco
zambon,Reha Rheinfelden,Rheinfelden,Schweiz,Salinenstr. 98,,,1500,,,,,1500,hco
zambon,REMED Association genevoise de médecins travaillant en réseau,Genève,Schweiz,Conseil Général 11,,,2000,,,,,2000,hco
zambon,Schweizer Verband Medizinischer PraxisAssistentinnen SVA,Oberuzwil,Schweiz,Morgenwies 4b,,,500,,,,,500,hco
zambon,Schweizerische Parkinsonvereinigung,Egg,Schweiz,Gewerbestr. 12a,,500,,,,,,500,hco
zambon,Société Neuchâteloise de Médecine,Hauterive,Schweiz,Les Theyers 2,,,2500,,,,,2500,hco
zambon,Solothurner Spitäler AG,Solothurn,Schweiz,Schlössliweg 2-6,,,600,,,,,600,hco
zambon,Swiss Brain Foundation,Zürich,Schweiz,Seefeldstr. 90,,,20000,,,,,20000,hco
zambon,Swiss Rhinology Teaching Center GmbH,Zürich,Schweiz,c/o ORL-Zentrum - Klinik Hirslanden - Witellikerstr. 40,,,3000,,,,,3000,hco
zambon,Tox Info Suisse,Zürich,Schweiz,Freiestr. 16,,1000,,,,,,1000,hco
zambon,Universität Basel,Basel,Schweiz,Petersgraben 4,,,1500,,,,,1500,hco
zambon,Universität Zürich,Zürich,Schweiz,,,800,3000,,,,,3800,hco
zambon,UniversitätsSpital Zürich,Zürich,Schweiz,Rämistr. 100,,,2500,,,,,2500,hco
zambon,Verein Lunge Zürich,Zürich,Schweiz,Pfingstweistr. 10,,,5800,,,,,5800,hco
zambon,Zentralschweizer ORL-Kollegium,Luzern,Schweiz,c/o Dr. med. Marcel Gärtner,,,1000,,,,,1000,hco
zambon,Aleardo del Torso,Chiasso,Schweiz,Corso San Gottardo 6,,,,,,600,,600,hcp
zambon,Antoine de Courtis,Genève,Schweiz,Rue Maunoir 16,,,,,,1300,,1300,hcp
zambon,Bernard Schiessl,Burgdorf,Schweiz,Bahnhofstr. 59b,,,,190,75,,,265,hcp
zambon,Céline Rytz,Derendingen,Schweiz,Durrachstr. 14,,,,190,75,,,265,hcp
zambon,Christoph Schnyder,Liestal,Schweiz,Gartenstr. 8,,,,190,75,,,265,hcp
zambon,Cyrille Sottas,Genève,Schweiz,Avenue Eugène-Pittard 34,,,,1000,,,,1000,hcp
zambon,Daniel Rusterholz,Meilen,Schweiz,Dorfstr. 94,,,,190,75,,,265,hcp
zambon,Esther Fichmann,Birmensdorf ZH,Schweiz,Zürcherstr. 9,,,,190,75,,,265,hcp
zambon,Eva Christine Schneider-Naef,Lengnau AG,Schweiz,Brunnengasse 11,,,,190,75,,,265,hcp
zambon,Franziska Svensson,Dättwil AG,Schweiz,Mellingerstr. 207,,,,190,75,,,265,hcp
zambon,Georg Kägi,St. Gallen,Schweiz,Kantonsspital St. Gallen - Rorschacher Str. 95,,,,,,4400,,4400,hcp
zambon,Giuseppina Menzinger-Ragusa,Rheinfelden,Schweiz,Zürcherstr. 11,,,,190,75,,,265,hcp
zambon,Hans Rudolf Stapfer,Derendingen,Schweiz,Durrachstr. 14,,,,190,75,,,265,hcp
zambon,Hans Vogt,Liestal,Schweiz,Gartenstr. 8,,,,190,75,,,265,hcp
zambon,Hans-Peter Frischknecht,Zürich,Schweiz,Permanence Marktplatz Oerlikon - Querstr. 15,,,,,,1150,,1150,hcp
zambon,Hans-Ulrich Bürke,Zürich,Schweiz,Albulastr. 52,,,,190,75,,,265,hcp
zambon,Igor Kuzmanovic,Genève,Schweiz,Avenue Eugène-Pittard 34,,,,1000,,,,1000,hcp
zambon,Josef Lingenhöle,Romanshorn,Schweiz,Bahnhofstr. 16,,,,190,75,,,265,hcp
zambon,Lukas Villiger,Dättwil AG,Schweiz,Mellingerstr. 207,,,,190,75,,,265,hcp
zambon,Mathias Dolder,Zürich,Schweiz,Weinbergstr. 26,,,,,,600,,600,hcp
zambon,Mayela Fust,Wil SG,Schweiz,Dufourstr. 9,,,,190,75,,,265,hcp
zambon,Michela Tempia-Caliera,Chêne-Bougeries,Schweiz,"Clinique des Grangettes - 7, Chemin des Grangettes",,,,623,893,,,1516,hcp
zambon,Patrizia Cronin,Wil SG,Schweiz,Dufourstr. 9,,,,190,75,,,265,hcp
zambon,Peter Hricko,Basel,Schweiz,Aeschenvorstadt 68,,,,190,75,,,265,hcp
zambon,Renate Spinas-Häller,Bülach,Schweiz,Erachfeldstr. 2,,,,190,75,,,265,hcp
zambon,Reto Misteli,Zunzgen,Schweiz,Hardstr. 3,,,,190,75,,,265,hcp
zambon,Samuel Lüthold,Stans,Schweiz,Alter Postplatz 2,,,,190,75,,,265,hcp
zambon,Sarah Rodrigez,Bülach,Schweiz,Erachfeldstr. 2,,,,190,75,,,265,hcp
zambon,Stephan Menzinger,Rheinfelden,Schweiz,Rosengässchen 2,,,,190,75,,,265,hcp
zambon,Suzanne Aebi,Basel,Schweiz,Aeschenvorstadt 21,,,,190,75,,,265,hcp
zambon,Ulrike Knecht-Wenzel,Windisch,Schweiz,Römerstr. 19,,,,190,75,,,265,hcp
zambon,Vroni Fink,Heerbrugg,Schweiz,Marktstr. 11,,,,190,75,,,265,hcp
